source,t_sec,band_c,n,med_spread,p25_spread,med_top3_bid,p25_top3_bid,med_top3_ask,p25_top3_ask
endgame_holdout,780,0,1540,0.007,0.001,3185.4,1064.1,2443.8,1030.0
endgame_holdout,780,2,903,0.01,0.01,5474.0,2760.6,1348.1,638.3
endgame_holdout,780,4,493,0.01,0.01,2692.6,1466.8,924.3,473.8
endgame_holdout,780,6,388,0.01,0.01,1524.4,775.4,807.7,444.6
endgame_holdout,780,8,294,0.01,0.01,1119.7,639.9,797.6,450.1
endgame_holdout,780,10,268,0.01,0.01,826.2,384.9,668.1,359.1
endgame_holdout,780,12,220,0.01,0.01,839.5,410.4,724.3,329.4
endgame_holdout,780,14,206,0.01,0.01,768.2,378.5,614.1,323.7
endgame_holdout,780,16,192,0.01,0.01,596.5,349.2,583.0,323.8
endgame_holdout,780,18,183,0.01,0.01,565.1,284.8,597.3,313.8
endgame_holdout,780,20,151,0.01,0.01,555.5,276.8,573.9,267.1
endgame_holdout,780,22,138,0.01,0.01,623.3,281.5,588.3,276.7
endgame_holdout,780,24,127,0.01,0.01,685.0,341.2,622.2,282.5
endgame_holdout,780,26,141,0.01,0.01,497.1,264.7,543.3,242.2
endgame_holdout,780,28,124,0.01,0.01,532.8,324.4,553.1,265.4
endgame_holdout,780,30,119,0.01,0.01,565.0,252.8,465.0,244.2
endgame_holdout,780,32,135,0.01,0.01,539.9,258.0,437.4,298.6
endgame_holdout,780,34,128,0.01,0.01,510.8,237.9,458.5,228.1
endgame_holdout,780,36,104,0.01,0.01,588.1,248.6,540.9,204.7
endgame_holdout,780,38,117,0.01,0.01,589.9,249.4,466.3,235.9
endgame_holdout,780,40,112,0.01,0.01,584.9,283.3,475.4,243.6
endgame_holdout,780,42,115,0.01,0.01,530.4,232.7,585.5,229.7
endgame_holdout,780,44,110,0.01,0.01,516.8,252.0,493.0,202.6
endgame_holdout,780,46,123,0.01,0.01,769.5,340.9,464.4,246.1
endgame_holdout,780,48,220,0.01,0.01,1656.1,475.9,1542.2,445.1
endgame_holdout,780,50,354,0.01,0.01,2869.1,838.0,3089.1,774.2
endgame_holdout,780,52,134,0.01,0.01,427.1,208.4,512.2,292.8
endgame_holdout,780,54,105,0.01,0.01,469.0,196.1,473.6,224.9
endgame_holdout,780,56,114,0.01,0.01,490.0,236.9,425.8,243.1
endgame_holdout,780,58,95,0.01,0.01,472.8,209.4,551.1,234.0
endgame_holdout,780,60,104,0.01,0.01,475.3,212.8,455.1,232.1
endgame_holdout,780,62,131,0.01,0.01,554.0,265.2,597.0,283.3
endgame_holdout,780,64,115,0.01,0.01,523.5,253.5,624.7,208.8
endgame_holdout,780,66,110,0.01,0.01,528.7,277.8,552.9,245.5
endgame_holdout,780,68,124,0.01,0.01,556.2,314.2,608.8,318.5
endgame_holdout,780,70,136,0.01,0.01,467.3,256.4,433.8,296.8
endgame_holdout,780,72,132,0.01,0.01,512.0,277.6,547.2,266.8
endgame_holdout,780,74,141,0.01,0.01,581.1,278.9,523.9,304.2
endgame_holdout,780,76,170,0.01,0.01,658.0,302.3,602.3,310.2
endgame_holdout,780,78,134,0.01,0.01,585.4,344.7,563.9,295.1
endgame_holdout,780,80,174,0.01,0.01,882.1,361.9,746.2,318.4
endgame_holdout,780,82,192,0.01,0.01,571.0,255.8,645.7,359.8
endgame_holdout,780,84,198,0.01,0.01,621.8,302.7,777.0,385.1
endgame_holdout,780,86,200,0.01,0.01,568.4,312.9,885.9,405.7
endgame_holdout,780,88,254,0.01,0.01,684.0,361.3,847.7,445.9
endgame_holdout,780,90,309,0.01,0.01,750.7,414.9,1008.9,539.0
endgame_holdout,780,92,348,0.01,0.01,798.5,407.8,1429.4,772.7
endgame_holdout,780,94,513,0.01,0.01,967.9,508.9,2148.7,1266.7
endgame_holdout,780,96,915,0.01,0.01,1385.1,703.4,5899.0,2888.0
endgame_holdout,780,98,1645,0.009,0.002,2399.7,1067.1,3364.2,1104.2
endgame_holdout,840,0,1517,0.007,0.001,2213.3,723.2,2213.3,938.5
endgame_holdout,840,2,780,0.01,0.01,4923.9,2391.8,1045.0,542.3
endgame_holdout,840,4,357,0.01,0.01,2008.1,1024.1,660.0,298.7
endgame_holdout,840,6,295,0.01,0.01,957.8,452.4,582.0,254.4
endgame_holdout,840,8,224,0.01,0.01,759.8,381.7,579.2,303.7
endgame_holdout,840,10,190,0.01,0.01,706.3,304.3,440.9,185.2
endgame_holdout,840,12,137,0.01,0.01,489.8,241.1,381.0,165.7
endgame_holdout,840,14,129,0.01,0.01,538.0,240.9,420.7,230.6
endgame_holdout,840,16,155,0.01,0.01,542.9,248.1,389.1,161.3
endgame_holdout,840,18,111,0.01,0.01,456.8,180.6,370.8,178.2
endgame_holdout,840,20,114,0.01,0.01,357.6,163.4,355.0,139.9
endgame_holdout,840,22,95,0.01,0.01,425.0,169.8,432.7,225.5
endgame_holdout,840,24,110,0.01,0.01,369.1,192.4,305.3,111.5
endgame_holdout,840,26,93,0.01,0.01,394.0,188.4,334.0,135.0
endgame_holdout,840,28,99,0.01,0.01,341.0,149.1,404.2,165.1
endgame_holdout,840,30,78,0.01,0.01,295.2,133.5,325.7,126.8
endgame_holdout,840,32,97,0.01,0.01,365.2,173.3,341.8,133.3
endgame_holdout,840,34,77,0.01,0.01,513.0,197.7,275.9,131.9
endgame_holdout,840,36,68,0.01,0.01,464.2,233.0,413.3,211.1
endgame_holdout,840,38,57,0.01,0.01,242.0,101.1,334.4,162.6
endgame_holdout,840,40,80,0.01,0.01,343.6,170.0,266.9,132.8
endgame_holdout,840,42,92,0.01,0.01,317.5,144.3,301.2,120.5
endgame_holdout,840,44,80,0.01,0.01,327.8,141.1,315.5,164.7
endgame_holdout,840,46,72,0.01,0.01,473.2,165.2,440.1,191.2
endgame_holdout,840,48,180,0.01,0.01,2158.8,435.0,2365.8,462.6
endgame_holdout,840,50,305,0.01,0.01,3035.4,1237.4,3409.6,1438.9
endgame_holdout,840,52,80,0.01,0.01,507.6,166.0,290.8,147.1
endgame_holdout,840,54,85,0.01,0.01,427.5,205.8,338.9,186.9
endgame_holdout,840,56,60,0.01,0.01,303.1,152.0,238.2,102.6
endgame_holdout,840,58,63,0.01,0.01,367.6,166.5,443.6,125.7
endgame_holdout,840,60,66,0.01,0.01,308.2,118.1,390.1,146.5
endgame_holdout,840,62,79,0.02,0.01,344.2,197.3,344.7,159.6
endgame_holdout,840,64,85,0.01,0.01,312.0,127.0,269.2,116.1
endgame_holdout,840,66,81,0.01,0.01,465.5,208.4,365.3,180.3
endgame_holdout,840,68,80,0.01,0.01,397.4,125.9,326.0,166.0
endgame_holdout,840,70,79,0.01,0.01,289.2,143.0,327.0,176.4
endgame_holdout,840,72,97,0.01,0.01,398.1,152.1,375.1,196.5
endgame_holdout,840,74,102,0.01,0.01,290.0,141.4,261.9,133.8
endgame_holdout,840,76,105,0.01,0.01,385.1,159.9,333.7,177.0
endgame_holdout,840,78,106,0.01,0.01,433.9,195.3,482.2,201.5
endgame_holdout,840,80,102,0.01,0.01,389.0,184.6,338.1,160.1
endgame_holdout,840,82,130,0.01,0.01,456.0,199.5,423.3,197.8
endgame_holdout,840,84,124,0.01,0.01,422.1,165.8,426.1,151.3
endgame_holdout,840,86,152,0.01,0.01,444.1,228.1,616.5,322.9
endgame_holdout,840,88,159,0.01,0.01,486.8,207.2,570.7,260.3
endgame_holdout,840,90,194,0.01,0.01,624.7,303.6,770.7,395.6
endgame_holdout,840,92,287,0.01,0.01,639.3,297.7,945.7,453.4
endgame_holdout,840,94,390,0.01,0.01,722.3,352.8,1939.6,1052.0
endgame_holdout,840,96,794,0.01,0.01,1039.1,513.3,4701.1,2562.1
endgame_holdout,840,98,1489,0.007,0.001,2068.9,795.8,2091.5,747.9
endgame_holdout,870,0,1255,0.008,0.001,1557.6,518.6,1688.8,745.3
endgame_holdout,870,2,568,0.01,0.01,3801.8,1966.6,686.7,364.6
endgame_holdout,870,4,305,0.01,0.01,1343.9,621.7,447.0,250.0
endgame_holdout,870,6,185,0.01,0.01,857.5,300.7,392.2,182.5
endgame_holdout,870,8,165,0.01,0.01,461.6,270.4,319.7,146.8
endgame_holdout,870,10,141,0.01,0.01,346.2,159.7,289.2,145.7
endgame_holdout,870,12,104,0.01,0.01,292.3,157.9,220.3,116.1
endgame_holdout,870,14,85,0.01,0.01,276.7,177.1,250.4,141.9
endgame_holdout,870,16,101,0.01,0.01,290.4,142.1,235.1,114.3
endgame_holdout,870,18,105,0.01,0.01,248.7,147.5,266.8,137.0
endgame_holdout,870,20,78,0.01,0.01,293.8,169.8,239.9,89.8
endgame_holdout,870,22,75,0.02,0.01,208.4,90.2,214.0,70.3
endgame_holdout,870,24,77,0.01,0.01,243.6,94.0,251.3,115.8
endgame_holdout,870,26,71,0.01,0.01,260.4,106.4,220.0,117.0
endgame_holdout,870,28,66,0.01,0.01,246.5,100.0,165.4,109.3
endgame_holdout,870,30,59,0.01,0.01,259.6,127.2,228.7,80.3
endgame_holdout,870,32,65,0.01,0.01,156.9,74.0,168.3,89.1
endgame_holdout,870,34,67,0.01,0.01,242.4,104.7,172.9,85.8
endgame_holdout,870,36,63,0.01,0.01,244.0,89.2,152.0,97.2
endgame_holdout,870,38,53,0.01,0.01,225.0,105.5,227.3,103.0
endgame_holdout,870,40,50,0.01,0.01,221.2,92.2,206.5,111.1
endgame_holdout,870,42,62,0.01,0.01,293.6,132.8,168.6,52.0
endgame_holdout,870,44,52,0.01,0.01,214.5,76.9,286.6,126.9
endgame_holdout,870,46,51,0.01,0.01,275.0,118.8,173.8,88.0
endgame_holdout,870,48,166,0.01,0.01,2881.0,292.3,2470.0,420.0
endgame_holdout,870,50,295,0.01,0.01,3048.1,1390.0,3460.4,1824.5
endgame_holdout,870,52,60,0.02,0.01,382.5,98.6,230.5,82.5
endgame_holdout,870,54,66,0.01,0.01,156.0,61.1,215.3,77.3
endgame_holdout,870,56,50,0.02,0.01,189.0,96.4,189.4,74.5
endgame_holdout,870,58,38,0.01,0.01,302.5,122.6,275.9,120.6
endgame_holdout,870,60,45,0.01,0.01,166.0,94.0,238.0,77.0
endgame_holdout,870,62,52,0.015,0.01,214.3,125.7,227.3,93.7
endgame_holdout,870,64,62,0.0195,0.01,238.6,95.4,152.0,89.4
endgame_holdout,870,66,53,0.01,0.01,290.5,89.0,236.0,121.0
endgame_holdout,870,68,55,0.01,0.01,253.7,115.5,325.3,180.3
endgame_holdout,870,70,51,0.01,0.01,242.0,116.7,190.4,119.0
endgame_holdout,870,72,62,0.01,0.01,203.7,81.6,199.5,83.5
endgame_holdout,870,74,68,0.01,0.01,280.9,102.7,268.7,86.3
endgame_holdout,870,76,63,0.01,0.01,190.3,95.6,185.2,85.5
endgame_holdout,870,78,64,0.01,0.01,269.5,108.3,247.4,134.4
endgame_holdout,870,80,92,0.01,0.01,262.0,91.5,277.0,107.4
endgame_holdout,870,82,97,0.01,0.01,286.5,140.0,284.9,147.5
endgame_holdout,870,84,82,0.01,0.01,281.1,170.9,315.9,139.2
endgame_holdout,870,86,89,0.01,0.01,302.1,114.0,296.6,117.2
endgame_holdout,870,88,146,0.01,0.01,260.0,127.9,434.0,175.2
endgame_holdout,870,90,148,0.01,0.01,344.6,191.7,519.0,253.2
endgame_holdout,870,92,187,0.01,0.01,380.1,183.7,623.7,305.6
endgame_holdout,870,94,278,0.01,0.01,442.4,214.1,1246.3,545.6
endgame_holdout,870,96,557,0.01,0.01,712.9,358.2,4066.2,1907.6
endgame_holdout,870,98,1271,0.009,0.001,1697.4,650.8,1548.7,545.8
endgame_holdout,885,0,990,0.009,0.003,1306.1,438.7,1530.0,610.1
endgame_holdout,885,2,493,0.01,0.01,3450.4,1662.4,432.5,207.0
endgame_holdout,885,4,205,0.01,0.01,1188.3,443.9,281.3,135.0
endgame_holdout,885,6,150,0.01,0.01,749.4,355.1,239.3,122.5
endgame_holdout,885,8,117,0.01,0.01,535.5,207.5,215.1,116.1
endgame_holdout,885,10,118,0.02,0.01,332.0,177.3,164.7,87.7
endgame_holdout,885,12,92,0.01,0.01,371.9,152.1,214.9,94.1
endgame_holdout,885,14,77,0.01,0.01,303.6,147.1,155.0,78.0
endgame_holdout,885,16,84,0.01,0.01,241.8,114.6,177.3,68.7
endgame_holdout,885,18,69,0.01,0.01,196.0,72.0,149.0,68.1
endgame_holdout,885,20,62,0.01,0.01,225.8,124.6,189.2,74.1
endgame_holdout,885,22,43,0.01,0.01,177.7,88.4,200.9,85.6
endgame_holdout,885,24,50,0.02,0.01,190.0,74.2,177.9,68.8
endgame_holdout,885,26,61,0.02,0.01,190.0,78.2,172.7,66.7
endgame_holdout,885,28,50,0.02,0.01,144.5,82.3,195.7,63.5
endgame_holdout,885,30,39,0.01,0.01,198.6,88.7,177.0,80.8
endgame_holdout,885,32,41,0.02,0.01,191.2,99.0,234.0,84.7
endgame_holdout,885,34,43,0.02,0.01,218.0,93.0,118.9,84.0
endgame_holdout,885,36,47,0.01,0.01,142.6,83.0,141.9,61.1
endgame_holdout,885,38,39,0.03,0.01,157.0,67.8,125.0,60.0
endgame_holdout,885,40,44,0.02,0.01,166.1,79.1,123.8,54.6
endgame_holdout,885,42,40,0.02,0.01,128.9,67.5,149.6,69.6
endgame_holdout,885,44,48,0.02,0.01,216.2,75.5,149.1,73.2
endgame_holdout,885,46,49,0.01,0.01,115.9,60.0,152.7,90.4
endgame_holdout,885,48,151,0.01,0.01,3093.1,440.2,2601.0,605.8
endgame_holdout,885,50,279,0.01,0.01,3113.4,2202.3,3564.2,2621.7
endgame_holdout,885,52,43,0.01,0.01,279.8,102.8,259.1,63.0
endgame_holdout,885,54,53,0.01,0.01,275.8,70.9,143.7,68.0
endgame_holdout,885,56,47,0.02,0.01,140.3,72.8,165.7,73.3
endgame_holdout,885,58,24,0.03,0.01,159.9,72.5,158.0,65.7
endgame_holdout,885,60,42,0.01,0.01,185.3,78.1,242.9,88.0
endgame_holdout,885,62,46,0.035,0.01,187.9,62.2,170.7,80.9
endgame_holdout,885,64,51,0.01,0.01,194.7,58.5,117.0,59.1
endgame_holdout,885,66,44,0.01,0.01,178.1,69.8,239.1,100.5
endgame_holdout,885,68,43,0.01,0.01,215.5,87.0,132.0,73.8
endgame_holdout,885,70,51,0.01,0.01,176.0,77.2,129.0,55.3
endgame_holdout,885,72,43,0.02,0.01,160.6,56.0,225.5,99.3
endgame_holdout,885,74,53,0.02,0.01,218.7,71.7,193.8,92.0
endgame_holdout,885,76,54,0.01,0.01,157.2,68.8,160.5,81.4
endgame_holdout,885,78,48,0.02,0.01,186.4,78.6,186.8,89.5
endgame_holdout,885,80,58,0.01,0.01,203.0,89.2,247.2,130.0
endgame_holdout,885,82,56,0.01,0.01,206.8,103.6,255.5,131.3
endgame_holdout,885,84,67,0.019,0.01,243.0,89.0,239.5,121.5
endgame_holdout,885,86,90,0.02,0.01,212.3,76.3,257.7,111.8
endgame_holdout,885,88,107,0.02,0.01,180.3,80.2,407.6,180.9
endgame_holdout,885,90,102,0.02,0.01,191.3,90.3,340.0,172.7
endgame_holdout,885,92,123,0.01,0.01,245.1,133.6,662.6,213.5
endgame_holdout,885,94,228,0.01,0.01,292.9,115.8,1047.0,440.0
endgame_holdout,885,96,470,0.01,0.01,396.0,205.1,3820.9,1937.7
endgame_holdout,885,98,927,0.009,0.002,1401.6,608.6,1427.7,463.2
endgame_holdout,897,0,512,0.01,0.008,871.5,377.9,828.0,270.5
endgame_holdout,897,2,294,0.01,0.01,2639.7,976.6,219.8,125.1
endgame_holdout,897,4,131,0.02,0.01,1518.1,577.1,151.0,93.8
endgame_holdout,897,6,95,0.02,0.01,838.4,273.0,182.7,86.5
endgame_holdout,897,8,64,0.02,0.01,439.6,199.2,118.1,56.6
endgame_holdout,897,10,66,0.02,0.01,542.1,209.5,137.0,64.0
endgame_holdout,897,12,52,0.02,0.01,340.7,108.2,172.1,96.3
endgame_holdout,897,14,51,0.03,0.01,446.2,154.9,174.0,71.1
endgame_holdout,897,16,54,0.02,0.01,328.3,101.9,117.3,55.8
endgame_holdout,897,18,38,0.02,0.01,256.6,109.1,132.6,57.0
endgame_holdout,897,20,27,0.05,0.01,220.9,75.0,141.6,88.3
endgame_holdout,897,22,37,0.04,0.02,150.9,66.1,105.3,59.0
endgame_holdout,897,24,37,0.02,0.01,292.1,111.3,101.0,63.3
endgame_holdout,897,26,41,0.04,0.019,172.2,89.9,118.8,73.3
endgame_holdout,897,28,28,0.025,0.01,260.4,106.2,179.5,54.8
endgame_holdout,897,30,29,0.07,0.01,154.9,92.5,139.2,70.0
endgame_holdout,897,32,32,0.045,0.01,134.3,62.5,72.6,46.9
endgame_holdout,897,34,25,0.02,0.01,99.0,32.1,138.4,62.0
endgame_holdout,897,36,20,0.055,0.0178,84.0,48.1,87.4,46.4
endgame_holdout,897,38,19,0.09,0.01,175.0,68.3,209.2,71.8
endgame_holdout,897,40,26,0.02,0.01,261.7,103.0,337.9,140.6
endgame_holdout,897,42,30,0.05,0.0225,159.6,70.8,155.3,112.6
endgame_holdout,897,44,31,0.02,0.01,458.6,139.2,181.8,103.8
endgame_holdout,897,46,36,0.01,0.01,375.0,113.1,345.3,82.6
endgame_holdout,897,48,153,0.01,0.01,3103.0,467.2,2741.3,1111.8
endgame_holdout,897,50,275,0.01,0.01,3196.1,2564.4,3642.2,2724.6
endgame_holdout,897,52,28,0.035,0.01,234.9,59.6,188.2,88.7
endgame_holdout,897,54,34,0.02,0.01,178.0,53.6,283.4,92.6
endgame_holdout,897,56,33,0.05,0.02,189.0,102.5,124.1,56.4
endgame_holdout,897,58,24,0.05,0.02,134.3,59.9,98.2,64.7
endgame_holdout,897,60,32,0.055,0.01,157.7,89.5,147.2,59.3
endgame_holdout,897,62,28,0.03,0.01,217.7,87.5,132.9,55.2
endgame_holdout,897,64,43,0.05,0.01,190.0,66.0,216.1,90.9
endgame_holdout,897,66,23,0.01,0.01,290.8,110.0,505.0,109.7
endgame_holdout,897,68,25,0.02,0.01,190.0,49.5,294.2,118.3
endgame_holdout,897,70,33,0.07,0.01,135.9,61.0,128.2,70.0
endgame_holdout,897,72,32,0.05,0.01,300.6,69.9,447.5,82.5
endgame_holdout,897,74,41,0.03,0.01,190.7,103.0,193.9,84.4
endgame_holdout,897,76,35,0.04,0.01,150.0,60.0,229.7,103.8
endgame_holdout,897,78,41,0.05,0.01,128.8,58.8,149.7,60.4
endgame_holdout,897,80,40,0.04,0.01,163.8,55.5,255.8,91.6
endgame_holdout,897,82,36,0.03,0.01,99.6,54.7,452.1,145.4
endgame_holdout,897,84,44,0.025,0.01,124.1,75.9,428.0,158.1
endgame_holdout,897,86,47,0.04,0.01,132.7,64.3,343.6,135.7
endgame_holdout,897,88,64,0.02,0.01,155.0,68.9,398.6,151.5
endgame_holdout,897,90,52,0.04,0.01,130.8,92.5,611.1,227.4
endgame_holdout,897,92,76,0.04,0.01,171.4,52.4,879.2,280.4
endgame_holdout,897,94,110,0.02,0.01,165.9,84.2,1595.0,428.6
endgame_holdout,897,96,296,0.01,0.01,186.8,99.8,2453.2,961.2
endgame_holdout,897,98,532,0.01,0.008,681.0,254.5,1080.6,409.0
endgame_holdout,899,0,292,0.01,0.0087,1102.0,377.9,854.0,287.3
endgame_holdout,899,2,175,0.01,0.01,3984.5,1326.8,246.2,109.3
endgame_holdout,899,4,90,0.02,0.01,1724.1,429.6,156.1,79.0
endgame_holdout,899,6,66,0.03,0.01,1203.3,358.5,148.5,77.4
endgame_holdout,899,8,56,0.0255,0.01,725.3,284.5,200.1,74.2
endgame_holdout,899,10,49,0.01,0.01,1255.2,244.5,125.7,65.0
endgame_holdout,899,12,39,0.05,0.015,857.3,396.4,84.6,49.4
endgame_holdout,899,14,34,0.03,0.01,432.1,146.7,111.4,71.6
endgame_holdout,899,16,41,0.05,0.01,332.6,150.5,130.2,61.0
endgame_holdout,899,18,35,0.04,0.01,388.3,240.4,146.0,61.1
endgame_holdout,899,20,21,0.2,0.01,462.0,200.2,118.0,79.6
endgame_holdout,899,22,17,0.05,0.03,404.6,164.9,108.0,83.4
endgame_holdout,899,24,25,0.01,0.01,571.1,166.0,267.8,77.4
endgame_holdout,899,26,30,0.095,0.01,163.8,78.6,142.4,87.7
endgame_holdout,899,28,23,0.01,0.01,224.0,63.4,248.9,111.6
endgame_holdout,899,30,28,0.08,0.0525,218.8,85.6,112.2,56.8
endgame_holdout,899,32,17,0.01,0.01,639.9,139.8,532.4,113.4
endgame_holdout,899,34,24,0.05,0.01,224.3,97.0,165.0,92.2
endgame_holdout,899,36,13,0.06,0.02,202.9,126.4,121.7,103.0
endgame_holdout,899,38,24,0.1,0.01,278.8,102.7,287.2,78.8
endgame_holdout,899,40,20,0.02,0.01,321.1,108.0,152.5,79.0
endgame_holdout,899,42,21,0.04,0.01,177.4,76.3,166.0,81.0
endgame_holdout,899,44,22,0.03,0.01,375.3,148.6,246.2,107.1
endgame_holdout,899,46,28,0.035,0.01,327.0,89.6,646.8,129.6
endgame_holdout,899,48,151,0.01,0.01,3142.5,694.8,2812.9,1516.2
endgame_holdout,899,50,270,0.01,0.01,3210.9,2594.0,3640.6,2752.2
endgame_holdout,899,52,20,0.035,0.01,729.0,174.5,290.8,145.6
endgame_holdout,899,54,27,0.01,0.01,550.5,150.8,452.4,184.2
endgame_holdout,899,56,20,0.105,0.01,385.1,144.3,180.6,121.8
endgame_holdout,899,58,14,0.03,0.01,143.3,37.3,77.6,27.3
endgame_holdout,899,60,23,0.06,0.01,213.6,82.5,248.4,94.2
endgame_holdout,899,62,21,0.04,0.01,351.0,160.0,263.8,149.7
endgame_holdout,899,64,26,0.07,0.01,196.9,78.6,194.8,72.5
endgame_holdout,899,66,28,0.02,0.01,360.1,98.1,343.1,113.7
endgame_holdout,899,68,24,0.08,0.01,155.4,77.4,392.6,162.8
endgame_holdout,899,70,14,0.015,0.01,361.8,182.2,218.5,42.8
endgame_holdout,899,72,28,0.05,0.01,186.6,80.3,827.4,113.8
endgame_holdout,899,74,31,0.02,0.01,118.9,54.5,578.7,123.0
endgame_holdout,899,76,19,0.04,0.01,168.0,68.3,352.7,85.7
endgame_holdout,899,78,25,0.03,0.01,123.8,70.4,241.2,91.5
endgame_holdout,899,80,40,0.075,0.01,253.8,114.1,466.2,180.3
endgame_holdout,899,82,28,0.08,0.02,175.5,78.5,674.3,207.5
endgame_holdout,899,84,29,0.01,0.01,203.6,130.0,575.7,330.5
endgame_holdout,899,86,31,0.02,0.01,141.0,65.8,613.1,164.2
endgame_holdout,899,88,49,0.02,0.01,156.1,84.4,790.6,316.8
endgame_holdout,899,90,41,0.04,0.01,144.6,71.2,702.3,213.7
endgame_holdout,899,92,62,0.04,0.01,133.8,53.6,1704.7,293.6
endgame_holdout,899,94,77,0.02,0.01,109.6,71.8,1355.9,723.6
endgame_holdout,899,96,154,0.01,0.01,203.9,92.2,2999.6,1198.9
endgame_holdout,899,98,352,0.01,0.009,651.1,205.9,1325.6,425.9
