month,t_sec,band_c,n,n_up_wins,p_up,med_spread
2025-10,300,2,1,0,0.0,0.05
2025-10,300,6,13,1,0.0769,0.03
2025-10,300,8,7,1,0.1429,0.03
2025-10,300,10,12,1,0.0833,0.025
2025-10,300,12,16,1,0.0625,0.04
2025-10,300,14,10,3,0.3,0.04
2025-10,300,16,29,2,0.069,0.03
2025-10,300,18,14,3,0.2143,0.055
2025-10,300,20,25,0,0.0,0.03
2025-10,300,22,21,7,0.3333,0.04
2025-10,300,24,28,5,0.1786,0.03
2025-10,300,26,22,7,0.3182,0.04
2025-10,300,28,18,6,0.3333,0.04
2025-10,300,30,29,10,0.3448,0.04
2025-10,300,32,22,6,0.2727,0.04
2025-10,300,34,27,13,0.4815,0.04
2025-10,300,36,35,9,0.2571,0.04
2025-10,300,38,28,14,0.5,0.05
2025-10,300,40,24,8,0.3333,0.055
2025-10,300,42,23,11,0.4783,0.05
2025-10,300,44,21,11,0.5238,0.04
2025-10,300,46,29,15,0.5172,0.05
2025-10,300,48,15,6,0.4,0.04
2025-10,300,50,28,8,0.2857,0.035
2025-10,300,52,25,12,0.48,0.04
2025-10,300,54,19,10,0.5263,0.05
2025-10,300,56,24,16,0.6667,0.04
2025-10,300,58,28,14,0.5,0.04
2025-10,300,60,21,13,0.619,0.04
2025-10,300,62,20,7,0.35,0.04
2025-10,300,64,24,13,0.5417,0.04
2025-10,300,66,19,10,0.5263,0.04
2025-10,300,68,24,16,0.6667,0.04
2025-10,300,70,25,20,0.8,0.04
2025-10,300,72,23,21,0.913,0.04
2025-10,300,74,23,17,0.7391,0.03
2025-10,300,76,17,15,0.8824,0.04
2025-10,300,78,21,16,0.7619,0.03
2025-10,300,80,22,20,0.9091,0.04
2025-10,300,82,23,21,0.913,0.03
2025-10,300,84,13,11,0.8462,0.04
2025-10,300,86,21,19,0.9048,0.04
2025-10,300,88,17,15,0.8824,0.03
2025-10,300,90,11,7,0.6364,0.02
2025-10,300,92,8,8,1.0,0.025
2025-10,300,94,4,4,1.0,0.015
2025-10,300,96,2,2,1.0,0.015
2025-10,450,0,1,0,0.0,0.01
2025-10,450,2,9,0,0.0,0.01
2025-10,450,4,20,0,0.0,0.035
2025-10,450,6,25,0,0.0,0.04
2025-10,450,8,24,2,0.0833,0.04
2025-10,450,10,21,0,0.0,0.04
2025-10,450,12,20,4,0.2,0.04
2025-10,450,14,22,3,0.1364,0.04
2025-10,450,16,21,1,0.0476,0.03
2025-10,450,18,21,1,0.0476,0.04
2025-10,450,20,24,8,0.3333,0.03
2025-10,450,22,20,5,0.25,0.05
2025-10,450,24,26,10,0.3846,0.035
2025-10,450,26,20,4,0.2,0.045
2025-10,450,28,22,3,0.1364,0.05
2025-10,450,30,19,2,0.1053,0.05
2025-10,450,32,26,11,0.4231,0.03
2025-10,450,34,15,6,0.4,0.05
2025-10,450,36,16,9,0.5625,0.045
2025-10,450,38,26,10,0.3846,0.05
2025-10,450,40,12,5,0.4167,0.04
2025-10,450,42,17,6,0.3529,0.05
2025-10,450,44,18,7,0.3889,0.04
2025-10,450,46,19,8,0.4211,0.05
2025-10,450,48,14,7,0.5,0.05
2025-10,450,50,13,4,0.3077,0.04
2025-10,450,52,18,9,0.5,0.065
2025-10,450,54,20,13,0.65,0.035
2025-10,450,56,16,10,0.625,0.045
2025-10,450,58,10,7,0.7,0.045
2025-10,450,60,16,9,0.5625,0.055
2025-10,450,62,16,9,0.5625,0.05
2025-10,450,64,19,14,0.7368,0.04
2025-10,450,66,13,8,0.6154,0.03
2025-10,450,68,21,13,0.619,0.04
2025-10,450,70,20,14,0.7,0.05
2025-10,450,72,19,13,0.6842,0.04
2025-10,450,74,25,19,0.76,0.05
2025-10,450,76,13,9,0.6923,0.03
2025-10,450,78,15,11,0.7333,0.03
2025-10,450,80,21,17,0.8095,0.04
2025-10,450,82,18,14,0.7778,0.04
2025-10,450,84,26,24,0.9231,0.04
2025-10,450,86,21,19,0.9048,0.03
2025-10,450,88,22,20,0.9091,0.045
2025-10,450,90,23,21,0.913,0.04
2025-10,450,92,27,25,0.9259,0.04
2025-10,450,94,25,25,1.0,0.03
2025-10,450,96,19,18,0.9474,0.02
2025-10,450,98,3,3,1.0,0.01
2025-10,600,0,7,0,0.0,0.01
2025-10,600,2,39,1,0.0256,0.02
2025-10,600,4,39,1,0.0256,0.03
2025-10,600,6,40,1,0.025,0.04
2025-10,600,8,38,4,0.1053,0.04
2025-10,600,10,25,3,0.12,0.04
2025-10,600,12,20,2,0.1,0.04
2025-10,600,14,18,1,0.0556,0.05
2025-10,600,16,14,1,0.0714,0.05
2025-10,600,18,16,1,0.0625,0.04
2025-10,600,20,15,3,0.2,0.05
2025-10,600,22,14,3,0.2143,0.045
2025-10,600,24,15,4,0.2667,0.05
2025-10,600,26,19,7,0.3684,0.04
2025-10,600,28,16,1,0.0625,0.045
2025-10,600,30,15,2,0.1333,0.06
2025-10,600,32,10,5,0.5,0.04
2025-10,600,34,13,3,0.2308,0.06
2025-10,600,36,13,3,0.2308,0.05
2025-10,600,38,12,8,0.6667,0.05
2025-10,600,40,11,3,0.2727,0.06
2025-10,600,42,14,6,0.4286,0.04
2025-10,600,44,11,6,0.5455,0.05
2025-10,600,46,14,9,0.6429,0.06
2025-10,600,48,5,2,0.4,0.05
2025-10,600,50,16,7,0.4375,0.06
2025-10,600,52,11,8,0.7273,0.05
2025-10,600,54,12,10,0.8333,0.07
2025-10,600,56,15,8,0.5333,0.06
2025-10,600,58,16,9,0.5625,0.05
2025-10,600,60,16,10,0.625,0.045
2025-10,600,62,16,8,0.5,0.055
2025-10,600,64,14,8,0.5714,0.06
2025-10,600,66,14,11,0.7857,0.04
2025-10,600,68,7,5,0.7143,0.04
2025-10,600,70,16,10,0.625,0.06
2025-10,600,72,12,10,0.8333,0.05
2025-10,600,74,19,11,0.5789,0.05
2025-10,600,76,15,13,0.8667,0.04
2025-10,600,78,18,12,0.6667,0.04
2025-10,600,80,16,12,0.75,0.05
2025-10,600,82,16,12,0.75,0.03
2025-10,600,84,16,13,0.8125,0.04
2025-10,600,86,22,21,0.9545,0.035
2025-10,600,88,18,15,0.8333,0.04
2025-10,600,90,29,28,0.9655,0.04
2025-10,600,92,33,32,0.9697,0.03
2025-10,600,94,30,28,0.9333,0.04
2025-10,600,96,44,44,1.0,0.02
2025-10,600,98,25,25,1.0,0.01
2025-10,690,0,33,0,0.0,0.01
2025-10,690,2,62,1,0.0161,0.02
2025-10,690,4,34,2,0.0588,0.035
2025-10,690,6,27,0,0.0,0.04
2025-10,690,8,28,2,0.0714,0.05
2025-10,690,10,19,2,0.1053,0.04
2025-10,690,12,16,0,0.0,0.055
2025-10,690,14,18,0,0.0,0.06
2025-10,690,16,14,3,0.2143,0.045
2025-10,690,18,15,4,0.2667,0.03
2025-10,690,20,17,4,0.2353,0.05
2025-10,690,22,10,1,0.1,0.05
2025-10,690,24,11,1,0.0909,0.07
2025-10,690,26,10,5,0.5,0.035
2025-10,690,28,11,1,0.0909,0.05
2025-10,690,30,21,8,0.381,0.06
2025-10,690,32,12,3,0.25,0.065
2025-10,690,34,10,3,0.3,0.06
2025-10,690,36,9,6,0.6667,0.07
2025-10,690,38,12,5,0.4167,0.05
2025-10,690,40,10,5,0.5,0.04
2025-10,690,42,12,3,0.25,0.055
2025-10,690,44,12,7,0.5833,0.04
2025-10,690,46,12,7,0.5833,0.055
2025-10,690,48,9,3,0.3333,0.05
2025-10,690,50,15,12,0.8,0.06
2025-10,690,52,10,6,0.6,0.07
2025-10,690,54,9,4,0.4444,0.07
2025-10,690,56,4,1,0.25,0.05
2025-10,690,58,11,7,0.6364,0.06
2025-10,690,60,12,7,0.5833,0.055
2025-10,690,62,12,9,0.75,0.055
2025-10,690,64,7,4,0.5714,0.06
2025-10,690,66,4,3,0.75,0.045
2025-10,690,68,14,11,0.7857,0.05
2025-10,690,70,14,10,0.7143,0.075
2025-10,690,72,12,7,0.5833,0.065
2025-10,690,74,6,5,0.8333,0.055
2025-10,690,76,7,4,0.5714,0.05
2025-10,690,78,17,14,0.8235,0.05
2025-10,690,80,10,8,0.8,0.055
2025-10,690,82,10,10,1.0,0.045
2025-10,690,84,15,15,1.0,0.05
2025-10,690,86,15,13,0.8667,0.04
2025-10,690,88,18,14,0.7778,0.045
2025-10,690,90,14,13,0.9286,0.05
2025-10,690,92,30,29,0.9667,0.05
2025-10,690,94,25,24,0.96,0.03
2025-10,690,96,64,64,1.0,0.02
2025-10,690,98,43,43,1.0,0.01
2025-11,300,0,1,0,0.0,0.01
2025-11,300,2,3,0,0.0,0.01
2025-11,300,4,17,1,0.0588,0.01
2025-11,300,6,21,1,0.0476,0.02
2025-11,300,8,35,3,0.0857,0.02
2025-11,300,10,35,5,0.1429,0.02
2025-11,300,12,46,7,0.1522,0.02
2025-11,300,14,25,3,0.12,0.02
2025-11,300,16,45,7,0.1556,0.02
2025-11,300,18,54,7,0.1296,0.02
2025-11,300,20,38,8,0.2105,0.02
2025-11,300,22,61,16,0.2623,0.02
2025-11,300,24,57,17,0.2982,0.02
2025-11,300,26,49,19,0.3878,0.02
2025-11,300,28,49,20,0.4082,0.02
2025-11,300,30,56,20,0.3571,0.02
2025-11,300,32,50,19,0.38,0.02
2025-11,300,34,72,31,0.4306,0.02
2025-11,300,36,62,29,0.4677,0.02
2025-11,300,38,66,31,0.4697,0.02
2025-11,300,40,51,23,0.451,0.02
2025-11,300,42,51,23,0.451,0.02
2025-11,300,44,63,25,0.3968,0.02
2025-11,300,46,43,23,0.5349,0.02
2025-11,300,48,64,30,0.4688,0.01
2025-11,300,50,83,42,0.506,0.02
2025-11,300,52,43,19,0.4419,0.02
2025-11,300,54,51,36,0.7059,0.02
2025-11,300,56,57,25,0.4386,0.02
2025-11,300,58,34,17,0.5,0.02
2025-11,300,60,42,27,0.6429,0.02
2025-11,300,62,50,28,0.56,0.02
2025-11,300,64,51,36,0.7059,0.02
2025-11,300,66,51,33,0.6471,0.02
2025-11,300,68,48,36,0.75,0.02
2025-11,300,70,49,40,0.8163,0.02
2025-11,300,72,57,41,0.7193,0.02
2025-11,300,74,39,32,0.8205,0.02
2025-11,300,76,49,38,0.7755,0.02
2025-11,300,78,44,36,0.8182,0.02
2025-11,300,80,37,28,0.7568,0.02
2025-11,300,82,49,41,0.8367,0.01
2025-11,300,84,31,27,0.871,0.02
2025-11,300,86,44,36,0.8182,0.02
2025-11,300,88,32,29,0.9063,0.02
2025-11,300,90,22,21,0.9545,0.02
2025-11,300,92,17,17,1.0,0.02
2025-11,300,94,7,7,1.0,0.01
2025-11,300,96,3,3,1.0,0.02
2025-11,450,0,8,0,0.0,0.01
2025-11,450,2,29,0,0.0,0.01
2025-11,450,4,54,5,0.0926,0.02
2025-11,450,6,53,2,0.0377,0.02
2025-11,450,8,56,4,0.0714,0.02
2025-11,450,10,55,6,0.1091,0.02
2025-11,450,12,63,7,0.1111,0.02
2025-11,450,14,59,8,0.1356,0.01
2025-11,450,16,39,8,0.2051,0.02
2025-11,450,18,38,5,0.1316,0.02
2025-11,450,20,49,13,0.2653,0.02
2025-11,450,22,50,13,0.26,0.02
2025-11,450,24,39,14,0.359,0.02
2025-11,450,26,44,15,0.3409,0.02
2025-11,450,28,41,9,0.2195,0.02
2025-11,450,30,37,14,0.3784,0.02
2025-11,450,32,36,15,0.4167,0.02
2025-11,450,34,53,20,0.3774,0.02
2025-11,450,36,28,16,0.5714,0.02
2025-11,450,38,37,16,0.4324,0.02
2025-11,450,40,54,18,0.3333,0.02
2025-11,450,42,36,20,0.5556,0.02
2025-11,450,44,45,17,0.3778,0.02
2025-11,450,46,34,19,0.5588,0.02
2025-11,450,48,35,18,0.5143,0.01
2025-11,450,50,74,36,0.4865,0.02
2025-11,450,52,28,20,0.7143,0.02
2025-11,450,54,31,15,0.4839,0.02
2025-11,450,56,48,26,0.5417,0.02
2025-11,450,58,28,15,0.5357,0.02
2025-11,450,60,37,23,0.6216,0.02
2025-11,450,62,35,20,0.5714,0.02
2025-11,450,64,39,30,0.7692,0.02
2025-11,450,66,35,25,0.7143,0.02
2025-11,450,68,36,24,0.6667,0.02
2025-11,450,70,40,32,0.8,0.02
2025-11,450,72,45,27,0.6,0.02
2025-11,450,74,41,35,0.8537,0.02
2025-11,450,76,45,29,0.6444,0.02
2025-11,450,78,31,25,0.8065,0.02
2025-11,450,80,48,40,0.8333,0.02
2025-11,450,82,56,48,0.8571,0.02
2025-11,450,84,33,30,0.9091,0.01
2025-11,450,86,54,46,0.8519,0.02
2025-11,450,88,62,54,0.871,0.02
2025-11,450,90,50,47,0.94,0.015
2025-11,450,92,49,48,0.9796,0.02
2025-11,450,94,42,40,0.9524,0.02
2025-11,450,96,39,39,1.0,0.01
2025-11,450,98,9,9,1.0,0.01
2025-11,600,0,52,1,0.0192,0.01
2025-11,600,2,90,2,0.0222,0.01
2025-11,600,4,77,1,0.013,0.01
2025-11,600,6,83,2,0.0241,0.02
2025-11,600,8,52,7,0.1346,0.01
2025-11,600,10,55,2,0.0364,0.01
2025-11,600,12,63,7,0.1111,0.02
2025-11,600,14,44,3,0.0682,0.02
2025-11,600,16,47,8,0.1702,0.02
2025-11,600,18,33,5,0.1515,0.02
2025-11,600,20,39,4,0.1026,0.02
2025-11,600,22,31,10,0.3226,0.02
2025-11,600,24,35,7,0.2,0.02
2025-11,600,26,22,8,0.3636,0.03
2025-11,600,28,36,4,0.1111,0.02
2025-11,600,30,31,7,0.2258,0.02
2025-11,600,32,31,11,0.3548,0.02
2025-11,600,34,25,15,0.6,0.02
2025-11,600,36,28,9,0.3214,0.025
2025-11,600,38,26,6,0.2308,0.02
2025-11,600,40,24,11,0.4583,0.02
2025-11,600,42,22,9,0.4091,0.02
2025-11,600,44,26,14,0.5385,0.02
2025-11,600,46,23,15,0.6522,0.02
2025-11,600,48,36,22,0.6111,0.02
2025-11,600,50,48,28,0.5833,0.02
2025-11,600,52,15,9,0.6,0.02
2025-11,600,54,23,16,0.6957,0.02
2025-11,600,56,38,26,0.6842,0.02
2025-11,600,58,25,13,0.52,0.03
2025-11,600,60,33,19,0.5758,0.02
2025-11,600,62,21,15,0.7143,0.03
2025-11,600,64,27,20,0.7407,0.02
2025-11,600,66,28,17,0.6071,0.02
2025-11,600,68,30,24,0.8,0.02
2025-11,600,70,28,24,0.8571,0.02
2025-11,600,72,30,24,0.8,0.02
2025-11,600,74,29,24,0.8276,0.02
2025-11,600,76,37,28,0.7568,0.02
2025-11,600,78,31,24,0.7742,0.02
2025-11,600,80,33,29,0.8788,0.02
2025-11,600,82,36,28,0.7778,0.02
2025-11,600,84,48,39,0.8125,0.02
2025-11,600,86,53,46,0.8679,0.02
2025-11,600,88,46,42,0.913,0.02
2025-11,600,90,54,52,0.963,0.02
2025-11,600,92,59,55,0.9322,0.01
2025-11,600,94,94,89,0.9468,0.01
2025-11,600,96,102,102,1.0,0.01
2025-11,600,98,58,58,1.0,0.01
2025-11,690,0,84,0,0.0,0.01
2025-11,690,2,124,3,0.0242,0.01
2025-11,690,4,78,1,0.0128,0.02
2025-11,690,6,57,4,0.0702,0.02
2025-11,690,8,57,2,0.0351,0.02
2025-11,690,10,53,5,0.0943,0.02
2025-11,690,12,47,3,0.0638,0.02
2025-11,690,14,26,5,0.1923,0.015
2025-11,690,16,27,2,0.0741,0.02
2025-11,690,18,24,1,0.0417,0.015
2025-11,690,20,23,5,0.2174,0.02
2025-11,690,22,21,3,0.1429,0.02
2025-11,690,24,28,8,0.2857,0.02
2025-11,690,26,27,7,0.2593,0.02
2025-11,690,28,24,5,0.2083,0.02
2025-11,690,30,12,5,0.4167,0.01
2025-11,690,32,25,8,0.32,0.03
2025-11,690,34,21,8,0.381,0.02
2025-11,690,36,10,1,0.1,0.02
2025-11,690,38,19,10,0.5263,0.02
2025-11,690,40,25,6,0.24,0.02
2025-11,690,42,18,5,0.2778,0.025
2025-11,690,44,28,13,0.4643,0.02
2025-11,690,46,20,6,0.3,0.02
2025-11,690,48,34,20,0.5882,0.01
2025-11,690,50,38,23,0.6053,0.02
2025-11,690,52,18,13,0.7222,0.03
2025-11,690,54,16,9,0.5625,0.03
2025-11,690,56,25,18,0.72,0.03
2025-11,690,58,20,9,0.45,0.03
2025-11,690,60,23,17,0.7391,0.03
2025-11,690,62,17,12,0.7059,0.03
2025-11,690,64,26,17,0.6538,0.02
2025-11,690,66,27,22,0.8148,0.02
2025-11,690,68,18,15,0.8333,0.03
2025-11,690,70,32,26,0.8125,0.02
2025-11,690,72,26,22,0.8462,0.02
2025-11,690,74,26,19,0.7308,0.02
2025-11,690,76,22,19,0.8636,0.02
2025-11,690,78,22,18,0.8182,0.02
2025-11,690,80,24,20,0.8333,0.02
2025-11,690,82,41,33,0.8049,0.02
2025-11,690,84,23,21,0.913,0.02
2025-11,690,86,31,28,0.9032,0.02
2025-11,690,88,49,43,0.8776,0.02
2025-11,690,90,50,46,0.92,0.02
2025-11,690,92,55,51,0.9273,0.01
2025-11,690,94,85,82,0.9647,0.02
2025-11,690,96,124,121,0.9758,0.01
2025-11,690,98,104,103,0.9904,0.01
2025-12,300,0,3,0,0.0,0.01
2025-12,300,2,4,0,0.0,0.01
2025-12,300,4,12,0,0.0,0.01
2025-12,300,6,26,1,0.0385,0.01
2025-12,300,8,31,1,0.0323,0.01
2025-12,300,10,43,2,0.0465,0.01
2025-12,300,12,47,9,0.1915,0.01
2025-12,300,14,45,4,0.0889,0.01
2025-12,300,16,44,9,0.2045,0.01
2025-12,300,18,52,10,0.1923,0.01
2025-12,300,20,54,8,0.1481,0.01
2025-12,300,22,62,14,0.2258,0.01
2025-12,300,24,43,6,0.1395,0.01
2025-12,300,26,71,15,0.2113,0.01
2025-12,300,28,57,14,0.2456,0.01
2025-12,300,30,66,24,0.3636,0.01
2025-12,300,32,73,22,0.3014,0.01
2025-12,300,34,49,15,0.3061,0.01
2025-12,300,36,62,17,0.2742,0.01
2025-12,300,38,68,33,0.4853,0.01
2025-12,300,40,74,27,0.3649,0.01
2025-12,300,42,49,18,0.3673,0.01
2025-12,300,44,69,39,0.5652,0.01
2025-12,300,46,61,35,0.5738,0.01
2025-12,300,48,122,62,0.5082,0.01
2025-12,300,50,146,67,0.4589,0.01
2025-12,300,52,60,31,0.5167,0.01
2025-12,300,54,57,35,0.614,0.01
2025-12,300,56,72,37,0.5139,0.01
2025-12,300,58,59,33,0.5593,0.01
2025-12,300,60,73,42,0.5753,0.01
2025-12,300,62,63,37,0.5873,0.01
2025-12,300,64,53,27,0.5094,0.01
2025-12,300,66,85,64,0.7529,0.01
2025-12,300,68,82,58,0.7073,0.01
2025-12,300,70,61,43,0.7049,0.01
2025-12,300,72,70,55,0.7857,0.01
2025-12,300,74,49,41,0.8367,0.01
2025-12,300,76,57,41,0.7193,0.01
2025-12,300,78,58,53,0.9138,0.01
2025-12,300,80,57,51,0.8947,0.01
2025-12,300,82,61,53,0.8689,0.01
2025-12,300,84,59,52,0.8814,0.01
2025-12,300,86,28,24,0.8571,0.01
2025-12,300,88,44,39,0.8864,0.01
2025-12,300,90,36,33,0.9167,0.01
2025-12,300,92,23,22,0.9565,0.01
2025-12,300,94,25,25,1.0,0.01
2025-12,300,96,4,4,1.0,0.01
2025-12,300,98,1,1,1.0,0.01
2025-12,450,0,12,0,0.0,0.01
2025-12,450,2,36,0,0.0,0.01
2025-12,450,4,51,1,0.0196,0.01
2025-12,450,6,66,1,0.0152,0.01
2025-12,450,8,64,2,0.0313,0.01
2025-12,450,10,62,6,0.0968,0.01
2025-12,450,12,57,10,0.1754,0.01
2025-12,450,14,53,3,0.0566,0.01
2025-12,450,16,53,14,0.2642,0.01
2025-12,450,18,52,2,0.0385,0.01
2025-12,450,20,51,9,0.1765,0.01
2025-12,450,22,60,14,0.2333,0.01
2025-12,450,24,66,19,0.2879,0.01
2025-12,450,26,46,9,0.1957,0.01
2025-12,450,28,49,9,0.1837,0.01
2025-12,450,30,43,13,0.3023,0.01
2025-12,450,32,50,13,0.26,0.01
2025-12,450,34,55,19,0.3455,0.01
2025-12,450,36,38,10,0.2632,0.01
2025-12,450,38,34,11,0.3235,0.01
2025-12,450,40,49,18,0.3673,0.01
2025-12,450,42,36,15,0.4167,0.01
2025-12,450,44,40,12,0.3,0.01
2025-12,450,46,43,17,0.3953,0.01
2025-12,450,48,75,36,0.48,0.01
2025-12,450,50,137,68,0.4964,0.01
2025-12,450,52,46,24,0.5217,0.01
2025-12,450,54,40,27,0.675,0.01
2025-12,450,56,54,35,0.6481,0.01
2025-12,450,58,38,26,0.6842,0.01
2025-12,450,60,46,27,0.587,0.01
2025-12,450,62,53,36,0.6792,0.01
2025-12,450,64,46,32,0.6957,0.01
2025-12,450,66,39,24,0.6154,0.01
2025-12,450,68,51,34,0.6667,0.01
2025-12,450,70,62,42,0.6774,0.01
2025-12,450,72,65,44,0.6769,0.01
2025-12,450,74,61,55,0.9016,0.01
2025-12,450,76,56,44,0.7857,0.01
2025-12,450,78,65,54,0.8308,0.01
2025-12,450,80,64,53,0.8281,0.01
2025-12,450,82,55,49,0.8909,0.01
2025-12,450,84,64,54,0.8438,0.01
2025-12,450,86,46,41,0.8913,0.01
2025-12,450,88,58,52,0.8966,0.01
2025-12,450,90,74,68,0.9189,0.01
2025-12,450,92,65,61,0.9385,0.01
2025-12,450,94,72,69,0.9583,0.01
2025-12,450,96,55,55,1.0,0.01
2025-12,450,98,14,14,1.0,0.01
2025-12,600,0,80,1,0.0125,0.01
2025-12,600,2,132,2,0.0152,0.01
2025-12,600,4,78,5,0.0641,0.01
2025-12,600,6,89,2,0.0225,0.01
2025-12,600,8,69,6,0.087,0.01
2025-12,600,10,67,5,0.0746,0.01
2025-12,600,12,43,9,0.2093,0.01
2025-12,600,14,45,6,0.1333,0.01
2025-12,600,16,38,4,0.1053,0.01
2025-12,600,18,40,5,0.125,0.01
2025-12,600,20,38,4,0.1053,0.01
2025-12,600,22,39,6,0.1538,0.01
2025-12,600,24,42,7,0.1667,0.01
2025-12,600,26,40,11,0.275,0.01
2025-12,600,28,34,9,0.2647,0.01
2025-12,600,30,47,11,0.234,0.01
2025-12,600,32,24,7,0.2917,0.01
2025-12,600,34,26,8,0.3077,0.01
2025-12,600,36,30,10,0.3333,0.01
2025-12,600,38,37,10,0.2703,0.01
2025-12,600,40,31,11,0.3548,0.01
2025-12,600,42,27,11,0.4074,0.01
2025-12,600,44,21,7,0.3333,0.01
2025-12,600,46,37,15,0.4054,0.01
2025-12,600,48,76,37,0.4868,0.01
2025-12,600,50,120,54,0.45,0.01
2025-12,600,52,40,23,0.575,0.01
2025-12,600,54,36,18,0.5,0.01
2025-12,600,56,29,14,0.4828,0.01
2025-12,600,58,31,22,0.7097,0.01
2025-12,600,60,31,24,0.7742,0.01
2025-12,600,62,25,18,0.72,0.01
2025-12,600,64,30,22,0.7333,0.01
2025-12,600,66,38,24,0.6316,0.01
2025-12,600,68,43,33,0.7674,0.01
2025-12,600,70,42,36,0.8571,0.01
2025-12,600,72,29,20,0.6897,0.01
2025-12,600,74,40,32,0.8,0.01
2025-12,600,76,40,29,0.725,0.01
2025-12,600,78,39,30,0.7692,0.01
2025-12,600,80,38,29,0.7632,0.01
2025-12,600,82,46,41,0.8913,0.01
2025-12,600,84,42,34,0.8095,0.01
2025-12,600,86,59,54,0.9153,0.01
2025-12,600,88,70,61,0.8714,0.01
2025-12,600,90,65,60,0.9231,0.01
2025-12,600,92,82,79,0.9634,0.01
2025-12,600,94,110,109,0.9909,0.01
2025-12,600,96,145,144,0.9931,0.01
2025-12,600,98,85,84,0.9882,0.01
2025-12,690,0,122,2,0.0164,0.01
2025-12,690,2,147,1,0.0068,0.01
2025-12,690,4,95,4,0.0421,0.01
2025-12,690,6,66,3,0.0455,0.01
2025-12,690,8,57,2,0.0351,0.01
2025-12,690,10,46,4,0.087,0.01
2025-12,690,12,53,7,0.1321,0.01
2025-12,690,14,35,4,0.1143,0.01
2025-12,690,16,37,0,0.0,0.01
2025-12,690,18,28,5,0.1786,0.015
2025-12,690,20,38,6,0.1579,0.01
2025-12,690,22,28,6,0.2143,0.01
2025-12,690,24,36,4,0.1111,0.01
2025-12,690,26,23,2,0.087,0.01
2025-12,690,28,30,5,0.1667,0.02
2025-12,690,30,31,7,0.2258,0.01
2025-12,690,32,20,6,0.3,0.01
2025-12,690,34,18,5,0.2778,0.01
2025-12,690,36,20,6,0.3,0.01
2025-12,690,38,20,8,0.4,0.01
2025-12,690,40,18,8,0.4444,0.02
2025-12,690,42,18,8,0.4444,0.02
2025-12,690,44,20,8,0.4,0.01
2025-12,690,46,26,13,0.5,0.01
2025-12,690,48,69,32,0.4638,0.01
2025-12,690,50,104,46,0.4423,0.01
2025-12,690,52,28,15,0.5357,0.01
2025-12,690,54,23,12,0.5217,0.01
2025-12,690,56,28,17,0.6071,0.01
2025-12,690,58,27,16,0.5926,0.01
2025-12,690,60,25,17,0.68,0.01
2025-12,690,62,21,16,0.7619,0.01
2025-12,690,64,21,13,0.619,0.01
2025-12,690,66,18,13,0.7222,0.01
2025-12,690,68,29,22,0.7586,0.01
2025-12,690,70,26,20,0.7692,0.015
2025-12,690,72,29,20,0.6897,0.01
2025-12,690,74,27,22,0.8148,0.01
2025-12,690,76,30,24,0.8,0.01
2025-12,690,78,31,25,0.8065,0.01
2025-12,690,80,30,22,0.7333,0.01
2025-12,690,82,44,38,0.8636,0.01
2025-12,690,84,41,37,0.9024,0.01
2025-12,690,86,37,34,0.9189,0.01
2025-12,690,88,59,54,0.9153,0.01
2025-12,690,90,58,56,0.9655,0.01
2025-12,690,92,86,85,0.9884,0.01
2025-12,690,94,97,92,0.9485,0.01
2025-12,690,96,165,159,0.9636,0.01
2025-12,690,98,152,152,1.0,0.01
2026-01,300,2,6,0,0.0,0.01
2026-01,300,4,16,0,0.0,0.01
2026-01,300,6,21,0,0.0,0.01
2026-01,300,8,20,1,0.05,0.01
2026-01,300,10,27,1,0.037,0.01
2026-01,300,12,37,1,0.027,0.01
2026-01,300,14,41,5,0.122,0.01
2026-01,300,16,49,8,0.1633,0.01
2026-01,300,18,52,10,0.1923,0.01
2026-01,300,20,63,16,0.254,0.01
2026-01,300,22,54,8,0.1481,0.01
2026-01,300,24,63,14,0.2222,0.01
2026-01,300,26,47,14,0.2979,0.01
2026-01,300,28,65,13,0.2,0.01
2026-01,300,30,56,14,0.25,0.01
2026-01,300,32,57,19,0.3333,0.01
2026-01,300,34,67,24,0.3582,0.01
2026-01,300,36,57,16,0.2807,0.01
2026-01,300,38,67,31,0.4627,0.01
2026-01,300,40,70,26,0.3714,0.01
2026-01,300,42,57,26,0.4561,0.01
2026-01,300,44,64,27,0.4219,0.01
2026-01,300,46,62,27,0.4355,0.01
2026-01,300,48,108,50,0.463,0.01
2026-01,300,50,202,103,0.5099,0.01
2026-01,300,52,55,29,0.5273,0.01
2026-01,300,54,75,41,0.5467,0.01
2026-01,300,56,59,38,0.6441,0.01
2026-01,300,58,55,30,0.5455,0.01
2026-01,300,60,62,39,0.629,0.01
2026-01,300,62,64,36,0.5625,0.01
2026-01,300,64,53,35,0.6604,0.01
2026-01,300,66,85,55,0.6471,0.01
2026-01,300,68,72,54,0.75,0.01
2026-01,300,70,50,33,0.66,0.01
2026-01,300,72,71,51,0.7183,0.01
2026-01,300,74,71,53,0.7465,0.01
2026-01,300,76,67,48,0.7164,0.01
2026-01,300,78,52,40,0.7692,0.01
2026-01,300,80,50,40,0.8,0.01
2026-01,300,82,44,36,0.8182,0.01
2026-01,300,84,30,24,0.8,0.01
2026-01,300,86,40,32,0.8,0.01
2026-01,300,88,38,33,0.8684,0.01
2026-01,300,90,33,31,0.9394,0.01
2026-01,300,92,18,16,0.8889,0.01
2026-01,300,94,10,10,1.0,0.01
2026-01,300,96,4,4,1.0,0.01
2026-01,450,0,16,0,0.0,0.01
2026-01,450,2,45,1,0.0222,0.01
2026-01,450,4,60,2,0.0333,0.01
2026-01,450,6,35,0,0.0,0.01
2026-01,450,8,51,4,0.0784,0.01
2026-01,450,10,61,4,0.0656,0.01
2026-01,450,12,64,10,0.1563,0.01
2026-01,450,14,63,2,0.0317,0.01
2026-01,450,16,49,9,0.1837,0.01
2026-01,450,18,39,7,0.1795,0.01
2026-01,450,20,64,16,0.25,0.01
2026-01,450,22,53,8,0.1509,0.01
2026-01,450,24,56,12,0.2143,0.01
2026-01,450,26,49,13,0.2653,0.01
2026-01,450,28,38,9,0.2368,0.01
2026-01,450,30,51,17,0.3333,0.01
2026-01,450,32,60,19,0.3167,0.01
2026-01,450,34,43,16,0.3721,0.01
2026-01,450,36,31,9,0.2903,0.01
2026-01,450,38,53,16,0.3019,0.01
2026-01,450,40,41,15,0.3659,0.01
2026-01,450,42,48,19,0.3958,0.01
2026-01,450,44,42,20,0.4762,0.01
2026-01,450,46,40,16,0.4,0.01
2026-01,450,48,92,41,0.4457,0.01
2026-01,450,50,172,98,0.5698,0.01
2026-01,450,52,35,17,0.4857,0.01
2026-01,450,54,50,28,0.56,0.01
2026-01,450,56,53,30,0.566,0.01
2026-01,450,58,41,26,0.6341,0.01
2026-01,450,60,47,28,0.5957,0.01
2026-01,450,62,36,23,0.6389,0.01
2026-01,450,64,48,27,0.5625,0.01
2026-01,450,66,50,35,0.7,0.01
2026-01,450,68,59,35,0.5932,0.01
2026-01,450,70,43,24,0.5581,0.01
2026-01,450,72,39,28,0.7179,0.01
2026-01,450,74,46,36,0.7826,0.01
2026-01,450,76,60,42,0.7,0.01
2026-01,450,78,58,45,0.7759,0.01
2026-01,450,80,51,42,0.8235,0.01
2026-01,450,82,52,43,0.8269,0.01
2026-01,450,84,53,44,0.8302,0.01
2026-01,450,86,74,63,0.8514,0.01
2026-01,450,88,69,66,0.9565,0.01
2026-01,450,90,49,42,0.8571,0.01
2026-01,450,92,53,50,0.9434,0.01
2026-01,450,94,51,49,0.9608,0.01
2026-01,450,96,41,41,1.0,0.01
2026-01,450,98,14,14,1.0,0.01
2026-01,600,0,78,0,0.0,0.01
2026-01,600,2,105,0,0.0,0.01
2026-01,600,4,82,4,0.0488,0.01
2026-01,600,6,72,3,0.0417,0.01
2026-01,600,8,58,4,0.069,0.01
2026-01,600,10,83,6,0.0723,0.01
2026-01,600,12,53,9,0.1698,0.01
2026-01,600,14,53,6,0.1132,0.01
2026-01,600,16,41,10,0.2439,0.01
2026-01,600,18,48,10,0.2083,0.01
2026-01,600,20,39,9,0.2308,0.01
2026-01,600,22,44,6,0.1364,0.01
2026-01,600,24,41,14,0.3415,0.01
2026-01,600,26,37,9,0.2432,0.01
2026-01,600,28,41,21,0.5122,0.01
2026-01,600,30,26,5,0.1923,0.01
2026-01,600,32,24,8,0.3333,0.01
2026-01,600,34,33,9,0.2727,0.01
2026-01,600,36,31,10,0.3226,0.01
2026-01,600,38,34,10,0.2941,0.01
2026-01,600,40,32,13,0.4063,0.01
2026-01,600,42,25,9,0.36,0.01
2026-01,600,44,33,16,0.4848,0.01
2026-01,600,46,34,13,0.3824,0.01
2026-01,600,48,81,39,0.4815,0.01
2026-01,600,50,152,79,0.5197,0.01
2026-01,600,52,23,9,0.3913,0.01
2026-01,600,54,29,16,0.5517,0.01
2026-01,600,56,34,16,0.4706,0.01
2026-01,600,58,28,15,0.5357,0.01
2026-01,600,60,29,12,0.4138,0.01
2026-01,600,62,30,15,0.5,0.01
2026-01,600,64,24,13,0.5417,0.01
2026-01,600,66,38,25,0.6579,0.01
2026-01,600,68,30,18,0.6,0.01
2026-01,600,70,31,21,0.6774,0.01
2026-01,600,72,37,22,0.5946,0.01
2026-01,600,74,47,32,0.6809,0.01
2026-01,600,76,41,30,0.7317,0.01
2026-01,600,78,38,26,0.6842,0.01
2026-01,600,80,55,44,0.8,0.01
2026-01,600,82,42,37,0.881,0.01
2026-01,600,84,63,55,0.873,0.01
2026-01,600,86,48,40,0.8333,0.01
2026-01,600,88,53,45,0.8491,0.01
2026-01,600,90,78,68,0.8718,0.01
2026-01,600,92,77,74,0.961,0.01
2026-01,600,94,96,93,0.9688,0.01
2026-01,600,96,122,119,0.9754,0.01
2026-01,600,98,75,75,1.0,0.01
2026-01,690,0,164,1,0.0061,0.009
2026-01,690,2,157,2,0.0127,0.01
2026-01,690,4,63,1,0.0159,0.01
2026-01,690,6,71,3,0.0423,0.01
2026-01,690,8,64,4,0.0625,0.01
2026-01,690,10,51,7,0.1373,0.01
2026-01,690,12,43,7,0.1628,0.01
2026-01,690,14,33,6,0.1818,0.01
2026-01,690,16,32,3,0.0938,0.01
2026-01,690,18,47,10,0.2128,0.01
2026-01,690,20,36,11,0.3056,0.01
2026-01,690,22,32,6,0.1875,0.01
2026-01,690,24,32,9,0.2813,0.01
2026-01,690,26,36,10,0.2778,0.01
2026-01,690,28,29,6,0.2069,0.01
2026-01,690,30,36,12,0.3333,0.01
2026-01,690,32,27,6,0.2222,0.01
2026-01,690,34,17,5,0.2941,0.01
2026-01,690,36,20,4,0.2,0.01
2026-01,690,38,21,4,0.1905,0.01
2026-01,690,40,30,15,0.5,0.01
2026-01,690,42,27,12,0.4444,0.01
2026-01,690,44,23,9,0.3913,0.01
2026-01,690,46,21,5,0.2381,0.01
2026-01,690,48,73,38,0.5205,0.01
2026-01,690,50,158,85,0.538,0.01
2026-01,690,52,26,16,0.6154,0.01
2026-01,690,54,23,12,0.5217,0.01
2026-01,690,56,28,12,0.4286,0.01
2026-01,690,58,17,10,0.5882,0.01
2026-01,690,60,26,15,0.5769,0.01
2026-01,690,62,22,10,0.4545,0.01
2026-01,690,64,28,18,0.6429,0.01
2026-01,690,66,29,20,0.6897,0.01
2026-01,690,68,20,12,0.6,0.01
2026-01,690,70,30,18,0.6,0.01
2026-01,690,72,26,19,0.7308,0.01
2026-01,690,74,36,21,0.5833,0.01
2026-01,690,76,24,19,0.7917,0.01
2026-01,690,78,30,23,0.7667,0.01
2026-01,690,80,33,21,0.6364,0.01
2026-01,690,82,36,32,0.8889,0.01
2026-01,690,84,26,22,0.8462,0.01
2026-01,690,86,39,32,0.8205,0.01
2026-01,690,88,51,47,0.9216,0.01
2026-01,690,90,45,38,0.8444,0.01
2026-01,690,92,64,57,0.8906,0.01
2026-01,690,94,99,95,0.9596,0.01
2026-01,690,96,153,146,0.9542,0.01
2026-01,690,98,202,201,0.995,0.01
2026-02,300,2,6,0,0.0,0.01
2026-02,300,4,12,2,0.1667,0.01
2026-02,300,6,18,2,0.1111,0.01
2026-02,300,8,29,4,0.1379,0.01
2026-02,300,10,40,3,0.075,0.01
2026-02,300,12,37,3,0.0811,0.01
2026-02,300,14,24,4,0.1667,0.01
2026-02,300,16,42,7,0.1667,0.01
2026-02,300,18,44,9,0.2045,0.01
2026-02,300,20,63,13,0.2063,0.01
2026-02,300,22,59,14,0.2373,0.01
2026-02,300,24,61,13,0.2131,0.01
2026-02,300,26,65,21,0.3231,0.01
2026-02,300,28,56,16,0.2857,0.01
2026-02,300,30,66,24,0.3636,0.01
2026-02,300,32,58,17,0.2931,0.01
2026-02,300,34,71,25,0.3521,0.01
2026-02,300,36,77,29,0.3766,0.01
2026-02,300,38,76,36,0.4737,0.01
2026-02,300,40,57,25,0.4386,0.01
2026-02,300,42,64,25,0.3906,0.01
2026-02,300,44,59,29,0.4915,0.01
2026-02,300,46,70,36,0.5143,0.01
2026-02,300,48,71,34,0.4789,0.01
2026-02,300,50,78,38,0.4872,0.01
2026-02,300,52,49,23,0.4694,0.01
2026-02,300,54,65,31,0.4769,0.01
2026-02,300,56,70,44,0.6286,0.01
2026-02,300,58,60,36,0.6,0.01
2026-02,300,60,71,37,0.5211,0.01
2026-02,300,62,64,41,0.6406,0.01
2026-02,300,64,74,50,0.6757,0.01
2026-02,300,66,63,42,0.6667,0.01
2026-02,300,68,67,43,0.6418,0.01
2026-02,300,70,49,37,0.7551,0.01
2026-02,300,72,74,51,0.6892,0.01
2026-02,300,74,62,41,0.6613,0.01
2026-02,300,76,55,41,0.7455,0.01
2026-02,300,78,42,34,0.8095,0.01
2026-02,300,80,55,43,0.7818,0.01
2026-02,300,82,41,35,0.8537,0.01
2026-02,300,84,48,46,0.9583,0.01
2026-02,300,86,44,39,0.8864,0.01
2026-02,300,88,26,24,0.9231,0.01
2026-02,300,90,24,24,1.0,0.01
2026-02,300,92,16,16,1.0,0.01
2026-02,300,94,8,8,1.0,0.01
2026-02,300,96,3,3,1.0,0.01
2026-02,300,98,3,3,1.0,0.01
2026-02,450,0,14,1,0.0714,0.01
2026-02,450,2,44,0,0.0,0.01
2026-02,450,4,51,2,0.0392,0.01
2026-02,450,6,83,5,0.0602,0.01
2026-02,450,8,54,4,0.0741,0.01
2026-02,450,10,51,8,0.1569,0.01
2026-02,450,12,65,11,0.1692,0.01
2026-02,450,14,58,5,0.0862,0.01
2026-02,450,16,44,4,0.0909,0.01
2026-02,450,18,52,4,0.0769,0.01
2026-02,450,20,59,19,0.322,0.01
2026-02,450,22,50,15,0.3,0.01
2026-02,450,24,58,21,0.3621,0.01
2026-02,450,26,47,13,0.2766,0.01
2026-02,450,28,48,11,0.2292,0.01
2026-02,450,30,54,24,0.4444,0.01
2026-02,450,32,43,12,0.2791,0.01
2026-02,450,34,37,21,0.5676,0.01
2026-02,450,36,58,25,0.431,0.01
2026-02,450,38,35,12,0.3429,0.01
2026-02,450,40,45,21,0.4667,0.01
2026-02,450,42,35,16,0.4571,0.01
2026-02,450,44,59,36,0.6102,0.01
2026-02,450,46,37,19,0.5135,0.01
2026-02,450,48,39,19,0.4872,0.01
2026-02,450,50,39,13,0.3333,0.01
2026-02,450,52,46,22,0.4783,0.01
2026-02,450,54,38,17,0.4474,0.01
2026-02,450,56,30,14,0.4667,0.01
2026-02,450,58,33,17,0.5152,0.01
2026-02,450,60,40,23,0.575,0.01
2026-02,450,62,55,32,0.5818,0.01
2026-02,450,64,52,26,0.5,0.01
2026-02,450,66,55,33,0.6,0.01
2026-02,450,68,47,32,0.6809,0.01
2026-02,450,70,44,26,0.5909,0.01
2026-02,450,72,46,30,0.6522,0.01
2026-02,450,74,46,36,0.7826,0.01
2026-02,450,76,58,46,0.7931,0.01
2026-02,450,78,66,53,0.803,0.01
2026-02,450,80,59,49,0.8305,0.01
2026-02,450,82,57,52,0.9123,0.01
2026-02,450,84,67,62,0.9254,0.01
2026-02,450,86,50,41,0.82,0.01
2026-02,450,88,57,53,0.9298,0.01
2026-02,450,90,60,54,0.9,0.01
2026-02,450,92,66,61,0.9242,0.01
2026-02,450,94,46,45,0.9783,0.01
2026-02,450,96,44,41,0.9318,0.01
2026-02,450,98,13,13,1.0,0.01
2026-02,600,0,87,3,0.0345,0.009
2026-02,600,2,130,3,0.0231,0.01
2026-02,600,4,85,5,0.0588,0.01
2026-02,600,6,82,4,0.0488,0.01
2026-02,600,8,61,5,0.082,0.01
2026-02,600,10,57,7,0.1228,0.01
2026-02,600,12,51,6,0.1176,0.01
2026-02,600,14,47,5,0.1064,0.01
2026-02,600,16,55,8,0.1455,0.01
2026-02,600,18,52,10,0.1923,0.01
2026-02,600,20,42,10,0.2381,0.01
2026-02,600,22,36,9,0.25,0.01
2026-02,600,24,40,15,0.375,0.01
2026-02,600,26,32,10,0.3125,0.01
2026-02,600,28,31,5,0.1613,0.01
2026-02,600,30,41,14,0.3415,0.01
2026-02,600,32,38,7,0.1842,0.01
2026-02,600,34,25,2,0.08,0.01
2026-02,600,36,30,12,0.4,0.01
2026-02,600,38,27,13,0.4815,0.01
2026-02,600,40,31,11,0.3548,0.01
2026-02,600,42,19,8,0.4211,0.01
2026-02,600,44,30,12,0.4,0.01
2026-02,600,46,31,19,0.6129,0.01
2026-02,600,48,29,15,0.5172,0.01
2026-02,600,50,27,13,0.4815,0.01
2026-02,600,52,32,15,0.4688,0.01
2026-02,600,54,38,26,0.6842,0.01
2026-02,600,56,28,16,0.5714,0.01
2026-02,600,58,20,10,0.5,0.01
2026-02,600,60,32,19,0.5938,0.01
2026-02,600,62,26,15,0.5769,0.01
2026-02,600,64,31,21,0.6774,0.01
2026-02,600,66,33,23,0.697,0.01
2026-02,600,68,39,27,0.6923,0.01
2026-02,600,70,44,30,0.6818,0.01
2026-02,600,72,38,29,0.7632,0.01
2026-02,600,74,32,25,0.7813,0.01
2026-02,600,76,41,26,0.6341,0.01
2026-02,600,78,41,29,0.7073,0.01
2026-02,600,80,50,46,0.92,0.01
2026-02,600,82,45,38,0.8444,0.01
2026-02,600,84,60,53,0.8833,0.01
2026-02,600,86,39,37,0.9487,0.01
2026-02,600,88,65,58,0.8923,0.01
2026-02,600,90,75,68,0.9067,0.01
2026-02,600,92,82,75,0.9146,0.01
2026-02,600,94,96,88,0.9167,0.01
2026-02,600,96,120,119,0.9917,0.01
2026-02,600,98,82,82,1.0,0.01
2026-02,690,0,181,1,0.0055,0.008
2026-02,690,2,166,7,0.0422,0.01
2026-02,690,4,85,2,0.0235,0.01
2026-02,690,6,79,5,0.0633,0.01
2026-02,690,8,54,2,0.037,0.01
2026-02,690,10,58,9,0.1552,0.01
2026-02,690,12,40,7,0.175,0.01
2026-02,690,14,44,8,0.1818,0.01
2026-02,690,16,38,10,0.2632,0.01
2026-02,690,18,42,9,0.2143,0.01
2026-02,690,20,26,6,0.2308,0.01
2026-02,690,22,35,6,0.1714,0.01
2026-02,690,24,35,9,0.2571,0.01
2026-02,690,26,18,4,0.2222,0.01
2026-02,690,28,28,6,0.2143,0.01
2026-02,690,30,31,3,0.0968,0.01
2026-02,690,32,23,6,0.2609,0.01
2026-02,690,34,21,8,0.381,0.01
2026-02,690,36,24,10,0.4167,0.01
2026-02,690,38,23,9,0.3913,0.01
2026-02,690,40,20,8,0.4,0.01
2026-02,690,42,24,15,0.625,0.01
2026-02,690,44,21,10,0.4762,0.01
2026-02,690,46,16,9,0.5625,0.01
2026-02,690,48,18,10,0.5556,0.01
2026-02,690,50,16,10,0.625,0.01
2026-02,690,52,19,10,0.5263,0.01
2026-02,690,54,26,14,0.5385,0.01
2026-02,690,56,24,14,0.5833,0.01
2026-02,690,58,20,14,0.7,0.01
2026-02,690,60,26,16,0.6154,0.01
2026-02,690,62,26,20,0.7692,0.01
2026-02,690,64,24,12,0.5,0.01
2026-02,690,66,18,11,0.6111,0.01
2026-02,690,68,22,17,0.7727,0.01
2026-02,690,70,28,17,0.6071,0.01
2026-02,690,72,35,22,0.6286,0.01
2026-02,690,74,34,20,0.5882,0.01
2026-02,690,76,38,33,0.8684,0.01
2026-02,690,78,36,30,0.8333,0.01
2026-02,690,80,42,26,0.619,0.01
2026-02,690,82,40,34,0.85,0.01
2026-02,690,84,31,29,0.9355,0.01
2026-02,690,86,54,46,0.8519,0.01
2026-02,690,88,51,46,0.902,0.01
2026-02,690,90,50,43,0.86,0.01
2026-02,690,92,95,84,0.8842,0.01
2026-02,690,94,92,87,0.9457,0.01
2026-02,690,96,165,164,0.9939,0.01
2026-02,690,98,175,175,1.0,0.01
2026-03,300,0,2,0,0.0,0.01
2026-03,300,2,11,0,0.0,0.01
2026-03,300,4,9,0,0.0,0.01
2026-03,300,6,24,2,0.0833,0.01
2026-03,300,8,21,4,0.1905,0.01
2026-03,300,10,38,4,0.1053,0.01
2026-03,300,12,35,4,0.1143,0.01
2026-03,300,14,41,6,0.1463,0.01
2026-03,300,16,46,3,0.0652,0.01
2026-03,300,18,42,8,0.1905,0.01
2026-03,300,20,61,11,0.1803,0.01
2026-03,300,22,55,16,0.2909,0.01
2026-03,300,24,58,18,0.3103,0.01
2026-03,300,26,59,13,0.2203,0.01
2026-03,300,28,76,19,0.25,0.01
2026-03,300,30,70,22,0.3143,0.01
2026-03,300,32,75,17,0.2267,0.01
2026-03,300,34,91,26,0.2857,0.01
2026-03,300,36,61,26,0.4262,0.01
2026-03,300,38,76,35,0.4605,0.01
2026-03,300,40,73,27,0.3699,0.01
2026-03,300,42,81,33,0.4074,0.01
2026-03,300,44,96,55,0.5729,0.01
2026-03,300,46,99,50,0.5051,0.01
2026-03,300,48,79,40,0.5063,0.01
2026-03,300,50,77,36,0.4675,0.01
2026-03,300,52,69,35,0.5072,0.01
2026-03,300,54,87,47,0.5402,0.01
2026-03,300,56,87,45,0.5172,0.01
2026-03,300,58,68,42,0.6176,0.01
2026-03,300,60,62,34,0.5484,0.01
2026-03,300,62,65,43,0.6615,0.01
2026-03,300,64,69,41,0.5942,0.01
2026-03,300,66,81,61,0.7531,0.01
2026-03,300,68,72,47,0.6528,0.01
2026-03,300,70,65,54,0.8308,0.01
2026-03,300,72,78,57,0.7308,0.01
2026-03,300,74,60,45,0.75,0.01
2026-03,300,76,72,53,0.7361,0.01
2026-03,300,78,76,59,0.7763,0.01
2026-03,300,80,40,34,0.85,0.01
2026-03,300,82,47,40,0.8511,0.01
2026-03,300,84,38,34,0.8947,0.01
2026-03,300,86,25,24,0.96,0.01
2026-03,300,88,29,25,0.8621,0.01
2026-03,300,90,29,25,0.8621,0.01
2026-03,300,92,23,21,0.913,0.01
2026-03,300,94,15,15,1.0,0.01
2026-03,300,96,11,11,1.0,0.01
2026-03,300,98,2,2,1.0,0.01
2026-03,450,0,24,0,0.0,0.01
2026-03,450,2,52,2,0.0385,0.01
2026-03,450,4,68,2,0.0294,0.01
2026-03,450,6,59,4,0.0678,0.01
2026-03,450,8,56,7,0.125,0.01
2026-03,450,10,58,5,0.0862,0.01
2026-03,450,12,70,11,0.1571,0.01
2026-03,450,14,57,5,0.0877,0.01
2026-03,450,16,64,8,0.125,0.01
2026-03,450,18,59,15,0.2542,0.01
2026-03,450,20,63,12,0.1905,0.01
2026-03,450,22,50,13,0.26,0.01
2026-03,450,24,57,12,0.2105,0.01
2026-03,450,26,46,18,0.3913,0.01
2026-03,450,28,64,12,0.1875,0.01
2026-03,450,30,50,15,0.3,0.01
2026-03,450,32,62,19,0.3065,0.01
2026-03,450,34,42,11,0.2619,0.01
2026-03,450,36,58,21,0.3621,0.01
2026-03,450,38,59,21,0.3559,0.01
2026-03,450,40,45,16,0.3556,0.01
2026-03,450,42,50,24,0.48,0.01
2026-03,450,44,49,16,0.3265,0.01
2026-03,450,46,55,30,0.5455,0.01
2026-03,450,48,52,29,0.5577,0.01
2026-03,450,50,46,23,0.5,0.01
2026-03,450,52,50,25,0.5,0.01
2026-03,450,54,62,34,0.5484,0.01
2026-03,450,56,44,26,0.5909,0.01
2026-03,450,58,45,28,0.6222,0.01
2026-03,450,60,49,36,0.7347,0.01
2026-03,450,62,48,29,0.6042,0.01
2026-03,450,64,51,35,0.6863,0.01
2026-03,450,66,59,31,0.5254,0.01
2026-03,450,68,62,47,0.7581,0.01
2026-03,450,70,54,43,0.7963,0.01
2026-03,450,72,51,44,0.8627,0.01
2026-03,450,74,59,45,0.7627,0.01
2026-03,450,76,51,39,0.7647,0.01
2026-03,450,78,67,55,0.8209,0.01
2026-03,450,80,55,43,0.7818,0.01
2026-03,450,82,64,51,0.7969,0.01
2026-03,450,84,58,50,0.8621,0.01
2026-03,450,86,71,67,0.9437,0.01
2026-03,450,88,45,41,0.9111,0.01
2026-03,450,90,44,39,0.8864,0.01
2026-03,450,92,57,56,0.9825,0.01
2026-03,450,94,64,59,0.9219,0.01
2026-03,450,96,62,61,0.9839,0.01
2026-03,450,98,30,30,1.0,0.01
2026-03,600,0,132,0,0.0,0.01
2026-03,600,2,138,3,0.0217,0.01
2026-03,600,4,79,5,0.0633,0.01
2026-03,600,6,64,2,0.0313,0.01
2026-03,600,8,71,3,0.0423,0.01
2026-03,600,10,66,5,0.0758,0.01
2026-03,600,12,54,14,0.2593,0.01
2026-03,600,14,52,5,0.0962,0.01
2026-03,600,16,53,10,0.1887,0.01
2026-03,600,18,36,6,0.1667,0.01
2026-03,600,20,40,7,0.175,0.01
2026-03,600,22,48,8,0.1667,0.01
2026-03,600,24,44,11,0.25,0.01
2026-03,600,26,44,16,0.3636,0.01
2026-03,600,28,45,10,0.2222,0.01
2026-03,600,30,45,11,0.2444,0.01
2026-03,600,32,38,14,0.3684,0.01
2026-03,600,34,41,13,0.3171,0.01
2026-03,600,36,25,8,0.32,0.01
2026-03,600,38,43,10,0.2326,0.01
2026-03,600,40,38,14,0.3684,0.01
2026-03,600,42,41,18,0.439,0.01
2026-03,600,44,38,17,0.4474,0.01
2026-03,600,46,31,12,0.3871,0.01
2026-03,600,48,31,17,0.5484,0.01
2026-03,600,50,42,25,0.5952,0.01
2026-03,600,52,43,25,0.5814,0.01
2026-03,600,54,32,21,0.6563,0.01
2026-03,600,56,37,16,0.4324,0.01
2026-03,600,58,30,15,0.5,0.01
2026-03,600,60,37,23,0.6216,0.01
2026-03,600,62,31,21,0.6774,0.01
2026-03,600,64,34,22,0.6471,0.01
2026-03,600,66,28,19,0.6786,0.01
2026-03,600,68,46,35,0.7609,0.01
2026-03,600,70,31,22,0.7097,0.01
2026-03,600,72,44,31,0.7045,0.01
2026-03,600,74,30,24,0.8,0.01
2026-03,600,76,51,42,0.8235,0.01
2026-03,600,78,52,48,0.9231,0.01
2026-03,600,80,44,36,0.8182,0.01
2026-03,600,82,58,48,0.8276,0.01
2026-03,600,84,59,49,0.8305,0.01
2026-03,600,86,60,51,0.85,0.01
2026-03,600,88,50,44,0.88,0.01
2026-03,600,90,65,61,0.9385,0.01
2026-03,600,92,82,79,0.9634,0.01
2026-03,600,94,87,84,0.9655,0.01
2026-03,600,96,136,132,0.9706,0.01
2026-03,600,98,128,127,0.9922,0.0085
2026-03,690,0,243,1,0.0041,0.005
2026-03,690,2,136,0,0.0,0.01
2026-03,690,4,66,1,0.0152,0.01
2026-03,690,6,62,5,0.0806,0.01
2026-03,690,8,62,5,0.0806,0.01
2026-03,690,10,54,6,0.1111,0.01
2026-03,690,12,52,4,0.0769,0.01
2026-03,690,14,48,7,0.1458,0.01
2026-03,690,16,35,3,0.0857,0.01
2026-03,690,18,43,7,0.1628,0.01
2026-03,690,20,47,8,0.1702,0.01
2026-03,690,22,25,10,0.4,0.01
2026-03,690,24,29,7,0.2414,0.01
2026-03,690,26,30,5,0.1667,0.01
2026-03,690,28,42,13,0.3095,0.01
2026-03,690,30,35,7,0.2,0.01
2026-03,690,32,26,12,0.4615,0.01
2026-03,690,34,30,9,0.3,0.01
2026-03,690,36,35,17,0.4857,0.01
2026-03,690,38,26,14,0.5385,0.01
2026-03,690,40,28,7,0.25,0.01
2026-03,690,42,33,14,0.4242,0.01
2026-03,690,44,29,12,0.4138,0.01
2026-03,690,46,26,14,0.5385,0.01
2026-03,690,48,29,16,0.5517,0.01
2026-03,690,50,22,15,0.6818,0.01
2026-03,690,52,28,16,0.5714,0.01
2026-03,690,54,27,14,0.5185,0.01
2026-03,690,56,23,13,0.5652,0.01
2026-03,690,58,13,9,0.6923,0.01
2026-03,690,60,25,17,0.68,0.01
2026-03,690,62,24,17,0.7083,0.01
2026-03,690,64,29,13,0.4483,0.01
2026-03,690,66,31,21,0.6774,0.01
2026-03,690,68,29,24,0.8276,0.01
2026-03,690,70,34,23,0.6765,0.01
2026-03,690,72,34,30,0.8824,0.01
2026-03,690,74,28,22,0.7857,0.01
2026-03,690,76,38,29,0.7632,0.01
2026-03,690,78,34,31,0.9118,0.01
2026-03,690,80,43,31,0.7209,0.01
2026-03,690,82,47,41,0.8723,0.01
2026-03,690,84,49,39,0.7959,0.01
2026-03,690,86,32,29,0.9063,0.01
2026-03,690,88,49,48,0.9796,0.01
2026-03,690,90,61,59,0.9672,0.01
2026-03,690,92,78,71,0.9103,0.01
2026-03,690,94,85,82,0.9647,0.01
2026-03,690,96,126,121,0.9603,0.01
2026-03,690,98,259,257,0.9923,0.006
2026-04,300,0,1,0,0.0,0.01
2026-04,300,2,12,0,0.0,0.01
2026-04,300,4,20,0,0.0,0.01
2026-04,300,6,30,2,0.0667,0.01
2026-04,300,8,19,2,0.1053,0.01
2026-04,300,10,37,3,0.0811,0.01
2026-04,300,12,31,5,0.1613,0.01
2026-04,300,14,43,4,0.093,0.01
2026-04,300,16,44,6,0.1364,0.01
2026-04,300,18,54,9,0.1667,0.01
2026-04,300,20,62,16,0.2581,0.01
2026-04,300,22,65,15,0.2308,0.01
2026-04,300,24,60,16,0.2667,0.01
2026-04,300,26,60,17,0.2833,0.01
2026-04,300,28,46,15,0.3261,0.01
2026-04,300,30,64,15,0.2344,0.01
2026-04,300,32,66,28,0.4242,0.01
2026-04,300,34,66,22,0.3333,0.01
2026-04,300,36,68,26,0.3824,0.01
2026-04,300,38,69,28,0.4058,0.01
2026-04,300,40,71,35,0.493,0.01
2026-04,300,42,74,31,0.4189,0.01
2026-04,300,44,79,42,0.5316,0.01
2026-04,300,46,83,42,0.506,0.01
2026-04,300,48,84,46,0.5476,0.01
2026-04,300,50,90,39,0.4333,0.01
2026-04,300,52,75,49,0.6533,0.01
2026-04,300,54,73,43,0.589,0.01
2026-04,300,56,59,31,0.5254,0.01
2026-04,300,58,73,41,0.5616,0.01
2026-04,300,60,68,39,0.5735,0.01
2026-04,300,62,75,48,0.64,0.01
2026-04,300,64,51,33,0.6471,0.01
2026-04,300,66,68,47,0.6912,0.01
2026-04,300,68,69,38,0.5507,0.01
2026-04,300,70,70,47,0.6714,0.01
2026-04,300,72,62,49,0.7903,0.01
2026-04,300,74,60,40,0.6667,0.01
2026-04,300,76,56,48,0.8571,0.01
2026-04,300,78,52,44,0.8462,0.01
2026-04,300,80,48,42,0.875,0.01
2026-04,300,82,55,49,0.8909,0.01
2026-04,300,84,44,39,0.8864,0.01
2026-04,300,86,46,42,0.913,0.01
2026-04,300,88,28,26,0.9286,0.01
2026-04,300,90,30,28,0.9333,0.01
2026-04,300,92,28,23,0.8214,0.01
2026-04,300,94,9,9,1.0,0.01
2026-04,300,96,11,11,1.0,0.01
2026-04,300,98,4,4,1.0,0.01
2026-04,450,0,26,0,0.0,0.01
2026-04,450,2,56,2,0.0357,0.01
2026-04,450,4,61,2,0.0328,0.01
2026-04,450,6,60,2,0.0333,0.01
2026-04,450,8,58,1,0.0172,0.01
2026-04,450,10,58,7,0.1207,0.01
2026-04,450,12,52,9,0.1731,0.01
2026-04,450,14,53,7,0.1321,0.01
2026-04,450,16,42,11,0.2619,0.01
2026-04,450,18,46,9,0.1957,0.01
2026-04,450,20,64,21,0.3281,0.01
2026-04,450,22,69,15,0.2174,0.01
2026-04,450,24,59,12,0.2034,0.01
2026-04,450,26,48,17,0.3542,0.01
2026-04,450,28,55,14,0.2545,0.01
2026-04,450,30,39,10,0.2564,0.01
2026-04,450,32,48,17,0.3542,0.01
2026-04,450,34,45,16,0.3556,0.01
2026-04,450,36,46,18,0.3913,0.01
2026-04,450,38,38,9,0.2368,0.01
2026-04,450,40,49,25,0.5102,0.01
2026-04,450,42,44,18,0.4091,0.01
2026-04,450,44,44,15,0.3409,0.01
2026-04,450,46,45,19,0.4222,0.01
2026-04,450,48,50,22,0.44,0.01
2026-04,450,50,60,32,0.5333,0.01
2026-04,450,52,47,20,0.4255,0.01
2026-04,450,54,51,28,0.549,0.01
2026-04,450,56,42,26,0.619,0.01
2026-04,450,58,54,30,0.5556,0.01
2026-04,450,60,62,41,0.6613,0.01
2026-04,450,62,48,32,0.6667,0.01
2026-04,450,64,64,44,0.6875,0.01
2026-04,450,66,49,36,0.7347,0.01
2026-04,450,68,54,40,0.7407,0.01
2026-04,450,70,48,34,0.7083,0.01
2026-04,450,72,46,31,0.6739,0.01
2026-04,450,74,58,44,0.7586,0.01
2026-04,450,76,55,45,0.8182,0.01
2026-04,450,78,55,46,0.8364,0.01
2026-04,450,80,51,37,0.7255,0.01
2026-04,450,82,49,40,0.8163,0.01
2026-04,450,84,74,69,0.9324,0.01
2026-04,450,86,68,63,0.9265,0.01
2026-04,450,88,68,56,0.8235,0.01
2026-04,450,90,57,51,0.8947,0.01
2026-04,450,92,64,58,0.9063,0.01
2026-04,450,94,66,66,1.0,0.01
2026-04,450,96,46,44,0.9565,0.01
2026-04,450,98,21,21,1.0,0.01
2026-04,600,0,102,1,0.0098,0.0085
2026-04,600,2,118,2,0.0169,0.01
2026-04,600,4,87,5,0.0575,0.01
2026-04,600,6,78,7,0.0897,0.01
2026-04,600,8,55,3,0.0545,0.01
2026-04,600,10,49,7,0.1429,0.01
2026-04,600,12,60,10,0.1667,0.01
2026-04,600,14,49,9,0.1837,0.01
2026-04,600,16,52,18,0.3462,0.01
2026-04,600,18,48,6,0.125,0.01
2026-04,600,20,51,6,0.1176,0.01
2026-04,600,22,39,9,0.2308,0.01
2026-04,600,24,38,10,0.2632,0.01
2026-04,600,26,35,7,0.2,0.01
2026-04,600,28,35,9,0.2571,0.01
2026-04,600,30,36,7,0.1944,0.01
2026-04,600,32,26,8,0.3077,0.01
2026-04,600,34,32,11,0.3438,0.01
2026-04,600,36,41,12,0.2927,0.01
2026-04,600,38,31,10,0.3226,0.01
2026-04,600,40,25,10,0.4,0.01
2026-04,600,42,39,22,0.5641,0.01
2026-04,600,44,35,21,0.6,0.01
2026-04,600,46,36,12,0.3333,0.01
2026-04,600,48,38,15,0.3947,0.01
2026-04,600,50,34,14,0.4118,0.01
2026-04,600,52,25,14,0.56,0.01
2026-04,600,54,35,19,0.5429,0.01
2026-04,600,56,31,18,0.5806,0.01
2026-04,600,58,36,25,0.6944,0.01
2026-04,600,60,31,19,0.6129,0.01
2026-04,600,62,36,21,0.5833,0.01
2026-04,600,64,42,26,0.619,0.01
2026-04,600,66,46,31,0.6739,0.01
2026-04,600,68,38,26,0.6842,0.01
2026-04,600,70,36,24,0.6667,0.01
2026-04,600,72,36,29,0.8056,0.01
2026-04,600,74,39,29,0.7436,0.01
2026-04,600,76,41,36,0.878,0.01
2026-04,600,78,46,32,0.6957,0.01
2026-04,600,80,54,46,0.8519,0.01
2026-04,600,82,55,45,0.8182,0.01
2026-04,600,84,45,36,0.8,0.01
2026-04,600,86,57,56,0.9825,0.01
2026-04,600,88,71,63,0.8873,0.01
2026-04,600,90,72,64,0.8889,0.01
2026-04,600,92,82,80,0.9756,0.01
2026-04,600,94,86,85,0.9884,0.01
2026-04,600,96,133,129,0.9699,0.01
2026-04,600,98,102,102,1.0,0.007
2026-04,690,0,208,1,0.0048,0.004
2026-04,690,2,130,1,0.0077,0.01
2026-04,690,4,81,7,0.0864,0.01
2026-04,690,6,73,5,0.0685,0.01
2026-04,690,8,60,7,0.1167,0.01
2026-04,690,10,44,5,0.1136,0.01
2026-04,690,12,47,7,0.1489,0.01
2026-04,690,14,43,6,0.1395,0.01
2026-04,690,16,39,8,0.2051,0.01
2026-04,690,18,40,10,0.25,0.01
2026-04,690,20,46,10,0.2174,0.01
2026-04,690,22,34,10,0.2941,0.01
2026-04,690,24,18,8,0.4444,0.01
2026-04,690,26,27,4,0.1481,0.01
2026-04,690,28,31,3,0.0968,0.01
2026-04,690,30,29,7,0.2414,0.01
2026-04,690,32,22,8,0.3636,0.01
2026-04,690,34,29,7,0.2414,0.01
2026-04,690,36,24,10,0.4167,0.01
2026-04,690,38,25,12,0.48,0.01
2026-04,690,40,30,12,0.4,0.01
2026-04,690,42,31,10,0.3226,0.01
2026-04,690,44,19,11,0.5789,0.01
2026-04,690,46,20,12,0.6,0.01
2026-04,690,48,38,18,0.4737,0.01
2026-04,690,50,24,12,0.5,0.01
2026-04,690,52,20,7,0.35,0.01
2026-04,690,54,22,12,0.5455,0.01
2026-04,690,56,28,14,0.5,0.01
2026-04,690,58,31,20,0.6452,0.01
2026-04,690,60,28,15,0.5357,0.01
2026-04,690,62,27,18,0.6667,0.01
2026-04,690,64,28,17,0.6071,0.01
2026-04,690,66,25,18,0.72,0.01
2026-04,690,68,27,19,0.7037,0.01
2026-04,690,70,26,19,0.7308,0.01
2026-04,690,72,31,22,0.7097,0.01
2026-04,690,74,29,25,0.8621,0.01
2026-04,690,76,34,31,0.9118,0.01
2026-04,690,78,25,20,0.8,0.01
2026-04,690,80,36,28,0.7778,0.01
2026-04,690,82,44,36,0.8182,0.01
2026-04,690,84,35,31,0.8857,0.01
2026-04,690,86,48,43,0.8958,0.01
2026-04,690,88,62,52,0.8387,0.01
2026-04,690,90,70,65,0.9286,0.01
2026-04,690,92,64,59,0.9219,0.01
2026-04,690,94,90,87,0.9667,0.01
2026-04,690,96,158,154,0.9747,0.01
2026-04,690,98,197,197,1.0,0.004
2026-05,300,0,1,0,0.0,0.01
2026-05,300,2,4,0,0.0,0.01
2026-05,300,4,5,0,0.0,0.01
2026-05,300,6,6,0,0.0,0.01
2026-05,300,8,11,0,0.0,0.01
2026-05,300,10,20,1,0.05,0.01
2026-05,300,12,21,3,0.1429,0.01
2026-05,300,14,21,3,0.1429,0.01
2026-05,300,16,16,2,0.125,0.01
2026-05,300,18,22,3,0.1364,0.01
2026-05,300,20,14,3,0.2143,0.01
2026-05,300,22,20,5,0.25,0.01
2026-05,300,24,28,10,0.3571,0.01
2026-05,300,26,23,5,0.2174,0.01
2026-05,300,28,20,3,0.15,0.01
2026-05,300,30,29,9,0.3103,0.01
2026-05,300,32,25,5,0.2,0.01
2026-05,300,34,27,9,0.3333,0.01
2026-05,300,36,27,14,0.5185,0.01
2026-05,300,38,29,10,0.3448,0.01
2026-05,300,40,31,13,0.4194,0.01
2026-05,300,42,31,9,0.2903,0.01
2026-05,300,44,25,11,0.44,0.01
2026-05,300,46,25,7,0.28,0.01
2026-05,300,48,34,17,0.5,0.01
2026-05,300,50,27,19,0.7037,0.01
2026-05,300,52,28,10,0.3571,0.01
2026-05,300,54,19,8,0.4211,0.01
2026-05,300,56,22,10,0.4545,0.01
2026-05,300,58,20,13,0.65,0.01
2026-05,300,60,17,10,0.5882,0.01
2026-05,300,62,30,17,0.5667,0.01
2026-05,300,64,16,9,0.5625,0.01
2026-05,300,66,31,23,0.7419,0.01
2026-05,300,68,27,18,0.6667,0.01
2026-05,300,70,20,13,0.65,0.01
2026-05,300,72,22,18,0.8182,0.01
2026-05,300,74,19,13,0.6842,0.01
2026-05,300,76,14,11,0.7857,0.01
2026-05,300,78,28,22,0.7857,0.01
2026-05,300,80,22,17,0.7727,0.01
2026-05,300,82,23,20,0.8696,0.01
2026-05,300,84,14,11,0.7857,0.01
2026-05,300,86,20,20,1.0,0.01
2026-05,300,88,19,17,0.8947,0.01
2026-05,300,90,15,14,0.9333,0.01
2026-05,300,92,13,12,0.9231,0.01
2026-05,300,94,5,5,1.0,0.01
2026-05,300,96,9,9,1.0,0.01
2026-05,300,98,2,2,1.0,0.01
2026-05,450,0,10,0,0.0,0.01
2026-05,450,2,24,1,0.0417,0.01
2026-05,450,4,31,1,0.0323,0.01
2026-05,450,6,34,0,0.0,0.01
2026-05,450,8,17,3,0.1765,0.01
2026-05,450,10,21,2,0.0952,0.01
2026-05,450,12,19,1,0.0526,0.01
2026-05,450,14,18,4,0.2222,0.01
2026-05,450,16,16,1,0.0625,0.01
2026-05,450,18,15,1,0.0667,0.01
2026-05,450,20,21,4,0.1905,0.01
2026-05,450,22,15,5,0.3333,0.01
2026-05,450,24,22,3,0.1364,0.01
2026-05,450,26,19,6,0.3158,0.01
2026-05,450,28,21,4,0.1905,0.01
2026-05,450,30,20,3,0.15,0.01
2026-05,450,32,20,4,0.2,0.01
2026-05,450,34,24,8,0.3333,0.01
2026-05,450,36,17,8,0.4706,0.01
2026-05,450,38,22,8,0.3636,0.01
2026-05,450,40,19,7,0.3684,0.01
2026-05,450,42,17,5,0.2941,0.01
2026-05,450,44,14,5,0.3571,0.01
2026-05,450,46,16,8,0.5,0.01
2026-05,450,48,14,8,0.5714,0.01
2026-05,450,50,13,5,0.3846,0.01
2026-05,450,52,13,9,0.6923,0.01
2026-05,450,54,20,6,0.3,0.01
2026-05,450,56,30,14,0.4667,0.01
2026-05,450,58,18,11,0.6111,0.01
2026-05,450,60,19,11,0.5789,0.01
2026-05,450,62,13,8,0.6154,0.01
2026-05,450,64,18,14,0.7778,0.01
2026-05,450,66,28,16,0.5714,0.01
2026-05,450,68,22,15,0.6818,0.01
2026-05,450,70,21,14,0.6667,0.01
2026-05,450,72,18,14,0.7778,0.01
2026-05,450,74,21,15,0.7143,0.01
2026-05,450,76,21,16,0.7619,0.01
2026-05,450,78,25,20,0.8,0.01
2026-05,450,80,14,13,0.9286,0.01
2026-05,450,82,11,11,1.0,0.01
2026-05,450,84,13,9,0.6923,0.01
2026-05,450,86,23,21,0.913,0.01
2026-05,450,88,20,19,0.95,0.01
2026-05,450,90,23,22,0.9565,0.01
2026-05,450,92,31,28,0.9032,0.01
2026-05,450,94,34,31,0.9118,0.01
2026-05,450,96,21,20,0.9524,0.01
2026-05,450,98,16,16,1.0,0.01
2026-05,600,0,29,1,0.0345,0.005
2026-05,600,2,61,2,0.0328,0.01
2026-05,600,4,43,0,0.0,0.01
2026-05,600,6,33,0,0.0,0.01
2026-05,600,8,23,5,0.2174,0.01
2026-05,600,10,20,1,0.05,0.01
2026-05,600,12,24,0,0.0,0.01
2026-05,600,14,18,1,0.0556,0.01
2026-05,600,16,14,1,0.0714,0.01
2026-05,600,18,19,2,0.1053,0.01
2026-05,600,20,18,6,0.3333,0.01
2026-05,600,22,17,3,0.1765,0.01
2026-05,600,24,11,1,0.0909,0.01
2026-05,600,26,12,3,0.25,0.01
2026-05,600,28,15,3,0.2,0.01
2026-05,600,30,13,2,0.1538,0.01
2026-05,600,32,19,5,0.2632,0.01
2026-05,600,34,11,2,0.1818,0.01
2026-05,600,36,9,3,0.3333,0.01
2026-05,600,38,9,2,0.2222,0.01
2026-05,600,40,8,1,0.125,0.01
2026-05,600,42,16,7,0.4375,0.01
2026-05,600,44,11,7,0.6364,0.01
2026-05,600,46,8,2,0.25,0.01
2026-05,600,48,15,11,0.7333,0.01
2026-05,600,50,15,7,0.4667,0.01
2026-05,600,52,10,7,0.7,0.01
2026-05,600,54,16,7,0.4375,0.01
2026-05,600,56,11,8,0.7273,0.01
2026-05,600,58,7,4,0.5714,0.01
2026-05,600,60,12,5,0.4167,0.01
2026-05,600,62,6,4,0.6667,0.01
2026-05,600,64,15,8,0.5333,0.01
2026-05,600,66,12,8,0.6667,0.01
2026-05,600,68,11,9,0.8182,0.01
2026-05,600,70,13,7,0.5385,0.01
2026-05,600,72,14,9,0.6429,0.01
2026-05,600,74,20,15,0.75,0.01
2026-05,600,76,15,10,0.6667,0.01
2026-05,600,78,17,15,0.8824,0.01
2026-05,600,80,21,16,0.7619,0.01
2026-05,600,82,18,17,0.9444,0.01
2026-05,600,84,17,14,0.8235,0.01
2026-05,600,86,21,18,0.8571,0.01
2026-05,600,88,22,17,0.7727,0.01
2026-05,600,90,32,29,0.9063,0.01
2026-05,600,92,30,29,0.9667,0.01
2026-05,600,94,37,35,0.9459,0.01
2026-05,600,96,49,48,0.9796,0.01
2026-05,600,98,49,49,1.0,0.003
2026-05,690,0,76,1,0.0132,0.003
2026-05,690,2,58,1,0.0172,0.01
2026-05,690,4,42,2,0.0476,0.01
2026-05,690,6,22,2,0.0909,0.01
2026-05,690,8,28,1,0.0357,0.01
2026-05,690,10,11,0,0.0,0.01
2026-05,690,12,23,1,0.0435,0.01
2026-05,690,14,16,3,0.1875,0.01
2026-05,690,16,23,5,0.2174,0.01
2026-05,690,18,11,2,0.1818,0.01
2026-05,690,20,5,1,0.2,0.01
2026-05,690,22,7,0,0.0,0.01
2026-05,690,24,6,0,0.0,0.01
2026-05,690,26,15,3,0.2,0.01
2026-05,690,28,12,2,0.1667,0.01
2026-05,690,30,10,4,0.4,0.01
2026-05,690,32,11,4,0.3636,0.01
2026-05,690,34,11,7,0.6364,0.01
2026-05,690,36,7,3,0.4286,0.01
2026-05,690,38,11,5,0.4545,0.01
2026-05,690,40,9,4,0.4444,0.01
2026-05,690,42,7,4,0.5714,0.01
2026-05,690,44,15,3,0.2,0.01
2026-05,690,46,14,7,0.5,0.01
2026-05,690,48,6,3,0.5,0.01
2026-05,690,50,11,6,0.5455,0.01
2026-05,690,52,4,1,0.25,0.01
2026-05,690,54,3,2,0.6667,0.01
2026-05,690,56,10,7,0.7,0.01
2026-05,690,58,8,3,0.375,0.01
2026-05,690,60,7,3,0.4286,0.01
2026-05,690,62,7,3,0.4286,0.01
2026-05,690,64,11,9,0.8182,0.01
2026-05,690,66,11,2,0.1818,0.01
2026-05,690,68,8,4,0.5,0.01
2026-05,690,70,10,5,0.5,0.01
2026-05,690,72,15,11,0.7333,0.01
2026-05,690,74,16,12,0.75,0.01
2026-05,690,76,10,7,0.7,0.01
2026-05,690,78,8,6,0.75,0.01
2026-05,690,80,3,2,0.6667,0.01
2026-05,690,82,10,8,0.8,0.01
2026-05,690,84,17,14,0.8235,0.01
2026-05,690,86,17,15,0.8824,0.01
2026-05,690,88,13,12,0.9231,0.01
2026-05,690,90,29,27,0.931,0.01
2026-05,690,92,37,35,0.9459,0.01
2026-05,690,94,43,39,0.907,0.01
2026-05,690,96,49,46,0.9388,0.01
2026-05,690,98,87,85,0.977,0.002
ALL,300,0,8,0,0.0,0.01
ALL,300,2,47,0,0.0,0.01
ALL,300,4,91,3,0.033,0.01
ALL,300,6,159,9,0.0566,0.01
ALL,300,8,173,16,0.0925,0.01
ALL,300,10,252,20,0.0794,0.01
ALL,300,12,270,33,0.1222,0.01
ALL,300,14,250,32,0.128,0.01
ALL,300,16,315,44,0.1397,0.01
ALL,300,18,334,59,0.1766,0.01
ALL,300,20,380,75,0.1974,0.01
ALL,300,22,397,95,0.2393,0.01
ALL,300,24,398,99,0.2487,0.01
ALL,300,26,396,111,0.2803,0.01
ALL,300,28,387,106,0.2739,0.01
ALL,300,30,436,138,0.3165,0.01
ALL,300,32,426,133,0.3122,0.01
ALL,300,34,470,165,0.3511,0.01
ALL,300,36,449,166,0.3697,0.01
ALL,300,38,479,218,0.4551,0.01
ALL,300,40,451,184,0.408,0.01
ALL,300,42,430,176,0.4093,0.01
ALL,300,44,476,239,0.5021,0.01
ALL,300,46,472,235,0.4979,0.01
ALL,300,48,577,285,0.4939,0.01
ALL,300,50,731,352,0.4815,0.01
ALL,300,52,404,208,0.5149,0.01
ALL,300,54,446,251,0.5628,0.01
ALL,300,56,450,246,0.5467,0.01
ALL,300,58,397,226,0.5693,0.01
ALL,300,60,416,241,0.5793,0.01
ALL,300,62,431,257,0.5963,0.01
ALL,300,64,391,244,0.624,0.01
ALL,300,66,483,335,0.6936,0.01
ALL,300,68,461,310,0.6725,0.01
ALL,300,70,389,287,0.7378,0.01
ALL,300,72,457,343,0.7505,0.01
ALL,300,74,383,282,0.7363,0.01
ALL,300,76,387,295,0.7623,0.01
ALL,300,78,373,304,0.815,0.01
ALL,300,80,331,275,0.8308,0.01
ALL,300,82,343,295,0.8601,0.01
ALL,300,84,277,244,0.8809,0.01
ALL,300,86,268,236,0.8806,0.01
ALL,300,88,233,208,0.8927,0.01
ALL,300,90,200,183,0.915,0.01
ALL,300,92,146,135,0.9247,0.01
ALL,300,94,83,83,1.0,0.01
ALL,300,96,47,47,1.0,0.01
ALL,300,98,12,12,1.0,0.01
ALL,450,0,111,1,0.009,0.01
ALL,450,2,295,6,0.0203,0.01
ALL,450,4,396,15,0.0379,0.01
ALL,450,6,415,14,0.0337,0.01
ALL,450,8,380,27,0.0711,0.01
ALL,450,10,387,38,0.0982,0.01
ALL,450,12,410,63,0.1537,0.01
ALL,450,14,383,37,0.0966,0.01
ALL,450,16,328,56,0.1707,0.01
ALL,450,18,322,44,0.1366,0.01
ALL,450,20,395,102,0.2582,0.01
ALL,450,22,367,88,0.2398,0.01
ALL,450,24,383,103,0.2689,0.01
ALL,450,26,319,95,0.2978,0.01
ALL,450,28,338,71,0.2101,0.01
ALL,450,30,313,98,0.3131,0.01
ALL,450,32,345,110,0.3188,0.01
ALL,450,34,314,117,0.3726,0.01
ALL,450,36,292,116,0.3973,0.01
ALL,450,38,304,103,0.3388,0.01
ALL,450,40,314,125,0.3981,0.01
ALL,450,42,283,123,0.4346,0.01
ALL,450,44,311,128,0.4116,0.01
ALL,450,46,289,136,0.4706,0.01
ALL,450,48,371,180,0.4852,0.01
ALL,450,50,554,279,0.5036,0.01
ALL,450,52,283,146,0.5159,0.01
ALL,450,54,312,168,0.5385,0.01
ALL,450,56,317,181,0.571,0.01
ALL,450,58,267,160,0.5993,0.01
ALL,450,60,316,198,0.6266,0.01
ALL,450,62,304,189,0.6217,0.01
ALL,450,64,337,222,0.6588,0.01
ALL,450,66,328,208,0.6341,0.01
ALL,450,68,352,240,0.6818,0.01
ALL,450,70,332,229,0.6898,0.01
ALL,450,72,329,231,0.7021,0.01
ALL,450,74,357,285,0.7983,0.01
ALL,450,76,359,270,0.7521,0.01
ALL,450,78,382,309,0.8089,0.01
ALL,450,80,363,294,0.8099,0.01
ALL,450,82,362,308,0.8508,0.01
ALL,450,84,388,342,0.8814,0.01
ALL,450,86,407,361,0.887,0.01
ALL,450,88,401,361,0.9002,0.01
ALL,450,90,380,344,0.9053,0.01
ALL,450,92,412,387,0.9393,0.01
ALL,450,94,400,384,0.96,0.01
ALL,450,96,327,319,0.9755,0.01
ALL,450,98,120,120,1.0,0.01
ALL,600,0,567,7,0.0123,0.01
ALL,600,2,813,15,0.0185,0.01
ALL,600,4,570,26,0.0456,0.01
ALL,600,6,541,21,0.0388,0.01
ALL,600,8,427,37,0.0867,0.01
ALL,600,10,422,36,0.0853,0.01
ALL,600,12,368,57,0.1549,0.01
ALL,600,14,326,36,0.1104,0.01
ALL,600,16,314,60,0.1911,0.01
ALL,600,18,292,45,0.1541,0.01
ALL,600,20,282,49,0.1738,0.01
ALL,600,22,268,54,0.2015,0.01
ALL,600,24,266,69,0.2594,0.01
ALL,600,26,241,71,0.2946,0.01
ALL,600,28,253,62,0.2451,0.01
ALL,600,30,254,59,0.2323,0.01
ALL,600,32,210,65,0.3095,0.01
ALL,600,34,206,63,0.3058,0.01
ALL,600,36,207,67,0.3237,0.01
ALL,600,38,219,69,0.3151,0.01
ALL,600,40,200,74,0.37,0.01
ALL,600,42,203,90,0.4433,0.01
ALL,600,44,205,100,0.4878,0.01
ALL,600,46,214,97,0.4533,0.01
ALL,600,48,311,158,0.508,0.01
ALL,600,50,454,227,0.5,0.01
ALL,600,52,199,110,0.5528,0.01
ALL,600,54,221,133,0.6018,0.01
ALL,600,56,223,122,0.5471,0.01
ALL,600,58,193,113,0.5855,0.01
ALL,600,60,221,131,0.5928,0.01
ALL,600,62,191,117,0.6126,0.01
ALL,600,64,217,140,0.6452,0.01
ALL,600,66,237,158,0.6667,0.01
ALL,600,68,244,177,0.7254,0.01
ALL,600,70,241,174,0.722,0.01
ALL,600,72,240,174,0.725,0.01
ALL,600,74,256,192,0.75,0.01
ALL,600,76,281,214,0.7616,0.01
ALL,600,78,282,216,0.766,0.01
ALL,600,80,311,258,0.8296,0.01
ALL,600,82,316,266,0.8418,0.01
ALL,600,84,350,293,0.8371,0.01
ALL,600,86,359,323,0.8997,0.01
ALL,600,88,395,345,0.8734,0.01
ALL,600,90,470,430,0.9149,0.01
ALL,600,92,527,503,0.9545,0.01
ALL,600,94,636,611,0.9607,0.01
ALL,600,96,851,837,0.9835,0.01
ALL,600,98,604,602,0.9967,0.01
ALL,690,0,1111,7,0.0063,0.01
ALL,690,2,980,16,0.0163,0.01
ALL,690,4,544,20,0.0368,0.01
ALL,690,6,457,27,0.0591,0.01
ALL,690,8,410,25,0.061,0.01
ALL,690,10,336,38,0.1131,0.01
ALL,690,12,321,36,0.1121,0.01
ALL,690,14,263,39,0.1483,0.01
ALL,690,16,245,34,0.1388,0.01
ALL,690,18,250,48,0.192,0.01
ALL,690,20,238,51,0.2143,0.01
ALL,690,22,192,42,0.2188,0.01
ALL,690,24,195,46,0.2359,0.01
ALL,690,26,186,40,0.2151,0.01
ALL,690,28,207,41,0.1981,0.01
ALL,690,30,205,53,0.2585,0.01
ALL,690,32,166,53,0.3193,0.01
ALL,690,34,157,52,0.3312,0.01
ALL,690,36,149,57,0.3826,0.01
ALL,690,38,157,67,0.4268,0.01
ALL,690,40,170,65,0.3824,0.01
ALL,690,42,170,71,0.4176,0.01
ALL,690,44,167,73,0.4371,0.01
ALL,690,46,155,73,0.471,0.01
ALL,690,48,276,140,0.5072,0.01
ALL,690,50,388,209,0.5387,0.01
ALL,690,52,153,84,0.549,0.01
ALL,690,54,149,79,0.5302,0.01
ALL,690,56,170,96,0.5647,0.01
ALL,690,58,147,88,0.5986,0.01
ALL,690,60,172,107,0.6221,0.01
ALL,690,62,156,105,0.6731,0.01
ALL,690,64,174,103,0.592,0.01
ALL,690,66,163,110,0.6748,0.01
ALL,690,68,167,124,0.7425,0.01
ALL,690,70,200,138,0.69,0.01
ALL,690,72,208,153,0.7356,0.01
ALL,690,74,202,146,0.7228,0.01
ALL,690,76,203,166,0.8177,0.01
ALL,690,78,203,167,0.8227,0.01
ALL,690,80,221,158,0.7149,0.01
ALL,690,82,272,232,0.8529,0.01
ALL,690,84,237,208,0.8776,0.01
ALL,690,86,273,240,0.8791,0.01
ALL,690,88,352,316,0.8977,0.01
ALL,690,90,377,347,0.9204,0.01
ALL,690,92,509,471,0.9253,0.01
ALL,690,94,616,588,0.9545,0.01
ALL,690,96,1004,975,0.9711,0.01
ALL,690,98,1219,1213,0.9951,0.01
