slug,epoch,month,freeze_start_ms,freeze_end_ms,freeze_dur_s,succ_status,succ_events,succ_coverage,pred_status,pred_detail
btc-updown-15m-1763612100,1763612100,2025-11,1763612664222,1763612999000,334.8,alive,21,covers,not_covering,file_ends_497s_before_freeze;file_end_off_expiry_67s
btc-updown-15m-1763634600,1763634600,2025-11,1763635105084,1763635499000,393.9,silent,0,covers,not_covering,file_ends_436s_before_freeze;file_end_off_expiry_69s
btc-updown-15m-1764179100,1764179100,2025-11,1764179744034,1764179999000,255.0,alive,434,covers,not_covering,file_ends_580s_before_freeze;file_end_off_expiry_64s
btc-updown-15m-1764718200,1764718200,2025-12,1764718622172,1764719099000,476.8,alive,103,covers,not_covering,file_ends_383s_before_freeze;file_end_off_expiry_39s
btc-updown-15m-1764801900,1764801900,2025-12,1764802559831,1764802799000,239.2,silent,0,ends_before_freeze_start,not_covering,file_ends_2269s_before_freeze;file_end_off_expiry_-1609s
btc-updown-15m-1765494000,1765494000,2025-12,1765494084750,1765494899000,814.3,silent,0,ends_before_freeze_start,not_covering,file_ends_1977s_before_freeze;file_end_off_expiry_-1892s
btc-updown-15m-1765665000,1765665000,2025-12,1765665323493,1765665899000,575.5,silent,0,ends_before_freeze_start,not_covering,file_ends_264s_before_freeze;file_end_off_expiry_59s
btc-updown-15m-1765755900,1765755900,2025-12,1765756491983,1765756799000,307.0,alive,367,covers,not_covering,file_ends_989s_before_freeze;file_end_off_expiry_-397s
btc-updown-15m-1765922400,1765922400,2025-12,1765922699916,1765923299000,599.1,alive,613,covers,not_covering,file_ends_236s_before_freeze;file_end_off_expiry_64s
btc-updown-15m-1765958400,1765958400,2025-12,1765958854021,1765959299000,445.0,silent,0,ends_before_freeze_start,not_covering,file_ends_388s_before_freeze;file_end_off_expiry_66s
btc-updown-15m-1766358000,1766358000,2025-12,1766358453401,1766358899000,445.6,silent,0,ends_before_freeze_start,not_covering,file_ends_2207s_before_freeze;file_end_off_expiry_-1753s
btc-updown-15m-1766808000,1766808000,2025-12,1766808411441,1766808899000,487.6,alive,40,covers,not_covering,file_ends_355s_before_freeze;file_end_off_expiry_57s
btc-updown-15m-1767042900,1767042900,2025-12,1767043443898,1767043799000,355.1,silent,0,ends_before_freeze_start,not_covering,file_ends_1218s_before_freeze;file_end_off_expiry_-674s
btc-updown-15m-1767132000,1767132000,2025-12,1767132688263,1767132899000,210.7,silent,0,ends_before_freeze_start,not_covering,file_ends_8771s_before_freeze;file_end_off_expiry_-8083s
btc-updown-15m-1767214800,1767214800,2025-12,1767215427170,1767215699000,271.8,silent,0,ends_before_freeze_start,not_covering,file_ends_19221s_before_freeze;file_end_off_expiry_-18594s
btc-updown-15m-1767219300,1767219300,2025-12,1767219916056,1767220199000,282.9,alive,1075,covers,not_covering,file_ends_2000s_before_freeze;file_end_off_expiry_-1384s
btc-updown-15m-1767220200,1767220200,2025-12,1767220671546,1767221099000,427.5,silent,0,ends_before_freeze_start,not_covering,file_ends_755s_before_freeze;file_end_off_expiry_-284s
btc-updown-15m-1767308400,1767308400,2026-01,1767308817226,1767309299000,481.8,silent,0,ends_before_freeze_start,no_file,
btc-updown-15m-1767375000,1767375000,2026-01,1767375597442,1767375899000,301.6,alive,1557,covers,not_covering,file_ends_490s_before_freeze;file_end_off_expiry_108s
btc-updown-15m-1767382200,1767382200,2026-01,1767382783664,1767383099000,315.3,alive,2189,covers,not_covering,file_ends_864s_before_freeze;file_end_off_expiry_-281s
btc-updown-15m-1767383100,1767383100,2026-01,1767383717073,1767383999000,281.9,alive,1532,covers,not_covering,file_ends_933s_before_freeze;file_end_off_expiry_-316s
btc-updown-15m-1767384000,1767384000,2026-01,1767384657500,1767384899000,241.5,silent,0,ends_before_freeze_start,not_covering,file_ends_940s_before_freeze;file_end_off_expiry_-283s
btc-updown-15m-1767390300,1767390300,2026-01,1767390769039,1767391199000,430.0,silent,0,ends_before_freeze_start,not_covering,file_ends_9348s_before_freeze;file_end_off_expiry_-8879s
btc-updown-15m-1767480300,1767480300,2026-01,1767480765803,1767481199000,433.2,silent,0,ends_before_freeze_start,not_covering,file_ends_562s_before_freeze;file_end_off_expiry_-96s
btc-updown-15m-1767569400,1767569400,2026-01,1767570184695,1767570299000,114.3,silent,0,starts_after_freeze_end,not_covering,file_ends_813s_before_freeze;file_end_off_expiry_-28s
btc-updown-15m-1767636000,1767636000,2026-01,1767636642800,1767636899000,256.2,silent,0,ends_before_freeze_start,not_covering,file_ends_569s_before_freeze;file_end_off_expiry_74s
btc-updown-15m-1767645900,1767645900,2026-01,1767646547201,1767646799000,251.8,alive,1691,covers,not_covering,file_ends_8737s_before_freeze;file_end_off_expiry_-8089s
btc-updown-15m-1767647700,1767647700,2026-01,1767648525498,1767648599000,73.5,alive,638,covers,not_covering,file_ends_835s_before_freeze;file_end_off_expiry_-10s
btc-updown-15m-1767648600,1767648600,2026-01,1767649060477,1767649499000,438.5,no_file,,no_file,not_covering,file_ends_535s_before_freeze;file_end_off_expiry_-75s
btc-updown-15m-1767726000,1767726000,2026-01,1767726602546,1767726899000,296.5,alive,1772,covers,not_covering,file_ends_726s_before_freeze;file_end_off_expiry_-123s
btc-updown-15m-1767728700,1767728700,2026-01,1767729351766,1767729599000,247.2,silent,0,ends_before_freeze_start,not_covering,file_ends_2512s_before_freeze;file_end_off_expiry_-1861s
btc-updown-15m-1767739500,1767739500,2026-01,1767739748684,1767740399000,650.3,silent,0,ends_before_freeze_start,not_covering,file_ends_1412s_before_freeze;file_end_off_expiry_-1163s
btc-updown-15m-1767810600,1767810600,2026-01,1767811418724,1767811499000,80.3,no_file,,no_file,not_covering,file_ends_732s_before_freeze;file_end_off_expiry_87s
btc-updown-15m-1767812400,1767812400,2026-01,1767813159828,1767813299000,139.2,alive,847,covers,no_file,
btc-updown-15m-1767816900,1767816900,2026-01,1767817470502,1767817799000,328.5,silent,0,ends_before_freeze_start,not_covering,file_ends_10862s_before_freeze;file_end_off_expiry_-10291s
btc-updown-15m-1767896100,1767896100,2026-01,1767896850516,1767896999000,148.5,no_file,,no_file,not_covering,file_ends_689s_before_freeze;file_end_off_expiry_62s
btc-updown-15m-1767908700,1767908700,2026-01,1767909521302,1767909599000,77.7,alive,714,covers,no_file,
btc-updown-15m-1767911400,1767911400,2026-01,1767911549385,1767912299000,749.6,alive,2545,covers,no_file,
btc-updown-15m-1767983400,1767983400,2026-01,1767983981376,1767984299000,317.6,alive,1209,covers,not_covering,file_ends_518s_before_freeze;file_end_off_expiry_64s
btc-updown-15m-1767984300,1767984300,2026-01,1767985018686,1767985199000,180.3,no_file,,no_file,not_covering,file_ends_1037s_before_freeze;file_end_off_expiry_-319s
btc-updown-15m-1767987000,1767987000,2026-01,1767987694372,1767987899000,204.6,silent,0,ends_before_freeze_start,no_file,
btc-updown-15m-1767993300,1767993300,2026-01,1767993796557,1767994199000,402.4,silent,0,ends_before_freeze_start,not_covering,file_ends_518s_before_freeze;file_end_off_expiry_-21s
btc-updown-15m-1768151700,1768151700,2026-01,1768152075926,1768152599000,523.1,alive,2168,covers,not_covering,file_ends_306s_before_freeze;file_end_off_expiry_70s
btc-updown-15m-1768162500,1768162500,2026-01,1768163267607,1768163399000,131.4,no_file,,no_file,no_file,
btc-updown-15m-1768173300,1768173300,2026-01,1768173924469,1768174199000,274.5,alive,721,covers,not_covering,file_ends_864s_before_freeze;file_end_off_expiry_-239s
btc-updown-15m-1768174200,1768174200,2026-01,1768174973552,1768175099000,125.4,alive,826,covers,not_covering,file_ends_1049s_before_freeze;file_end_off_expiry_-276s
btc-updown-15m-1768205700,1768205700,2026-01,1768206437105,1768206599000,161.9,no_file,,no_file,not_covering,file_ends_1073s_before_freeze;file_end_off_expiry_-336s
btc-updown-15m-1768252500,1768252500,2026-01,1768253244186,1768253399000,154.8,no_file,,no_file,no_file,
btc-updown-15m-1768325400,1768325400,2026-01,1768325979373,1768326299000,319.6,alive,1284,covers,not_covering,file_ends_911s_before_freeze;file_end_off_expiry_-331s
btc-updown-15m-1768327200,1768327200,2026-01,1768327778621,1768328099000,320.4,alive,1522,covers,not_covering,file_ends_951s_before_freeze;file_end_off_expiry_-373s
btc-updown-15m-1768332600,1768332600,2026-01,1768333282533,1768333499000,216.5,alive,1378,covers,not_covering,file_ends_12336s_before_freeze;file_end_off_expiry_-11654s
btc-updown-15m-1768334400,1768334400,2026-01,1768334962428,1768335299000,336.6,alive,1518,covers,not_covering,file_ends_606s_before_freeze;file_end_off_expiry_-44s
btc-updown-15m-1768375800,1768375800,2026-01,1768376554717,1768376699000,144.3,silent,0,ends_before_freeze_start,not_covering,file_ends_1571s_before_freeze;file_end_off_expiry_-817s
btc-updown-15m-1768380300,1768380300,2026-01,1768380916722,1768381199000,282.3,alive,1708,covers,not_covering,file_ends_1501s_before_freeze;file_end_off_expiry_-885s
btc-updown-15m-1768382100,1768382100,2026-01,1768382921389,1768382999000,77.6,alive,695,covers,not_covering,file_ends_803s_before_freeze;file_end_off_expiry_18s
btc-updown-15m-1768383000,1768383000,2026-01,1768383796797,1768383899000,102.2,silent,0,ends_before_freeze_start,not_covering,file_ends_875s_before_freeze;file_end_off_expiry_-79s
btc-updown-15m-1768386600,1768386600,2026-01,1768387202455,1768387499000,296.5,alive,1136,covers,not_covering,file_ends_4560s_before_freeze;file_end_off_expiry_-3957s
btc-updown-15m-1768488300,1768488300,2026-01,1768488798482,1768489199000,400.5,alive,1597,covers,not_covering,file_ends_562s_before_freeze;file_end_off_expiry_-64s
btc-updown-15m-1768491000,1768491000,2026-01,1768491548672,1768491899000,350.3,silent,0,ends_before_freeze_start,not_covering,file_ends_1001s_before_freeze;file_end_off_expiry_-452s
btc-updown-15m-1768504500,1768504500,2026-01,1768505178821,1768505399000,220.2,silent,0,ends_before_freeze_start,not_covering,file_ends_6055s_before_freeze;file_end_off_expiry_-5376s
btc-updown-15m-1768528800,1768528800,2026-01,1768529454909,1768529699000,244.1,alive,901,covers,not_covering,file_ends_877s_before_freeze;file_end_off_expiry_-222s
btc-updown-15m-1768530600,1768530600,2026-01,1768531186346,1768531499000,312.7,alive,1088,covers,not_covering,file_ends_989s_before_freeze;file_end_off_expiry_-403s
btc-updown-15m-1768531500,1768531500,2026-01,1768532185339,1768532399000,213.7,alive,860,covers,not_covering,file_ends_999s_before_freeze;file_end_off_expiry_-314s
btc-updown-15m-1768534200,1768534200,2026-01,1768534765824,1768535099000,333.2,alive,1357,covers,not_covering,file_ends_913s_before_freeze;file_end_off_expiry_-347s
btc-updown-15m-1768535100,1768535100,2026-01,1768535730088,1768535999000,268.9,alive,1196,covers,not_covering,file_ends_964s_before_freeze;file_end_off_expiry_-334s
btc-updown-15m-1768536000,1768536000,2026-01,1768536627330,1768536899000,271.7,alive,931,covers,not_covering,file_ends_897s_before_freeze;file_end_off_expiry_-270s
btc-updown-15m-1768536900,1768536900,2026-01,1768537520132,1768537799000,278.9,alive,1274,covers,not_covering,file_ends_893s_before_freeze;file_end_off_expiry_-273s
btc-updown-15m-1768566600,1768566600,2026-01,1768567269184,1768567499000,229.8,alive,1138,covers,not_covering,file_ends_1137s_before_freeze;file_end_off_expiry_-468s
btc-updown-15m-1768567500,1768567500,2026-01,1768568255714,1768568399000,143.3,alive,894,covers,not_covering,file_ends_987s_before_freeze;file_end_off_expiry_-231s
btc-updown-15m-1768570200,1768570200,2026-01,1768570650661,1768571099000,448.3,alive,1699,covers,not_covering,file_ends_469s_before_freeze;file_end_off_expiry_-18s
btc-updown-15m-1768573800,1768573800,2026-01,1768574364108,1768574699000,334.9,alive,1826,covers,not_covering,file_ends_490s_before_freeze;file_end_off_expiry_74s
btc-updown-15m-1768577400,1768577400,2026-01,1768578086035,1768578299000,213.0,alive,1208,covers,not_covering,file_ends_1280s_before_freeze;file_end_off_expiry_-594s
btc-updown-15m-1768580100,1768580100,2026-01,1768580660833,1768580999000,338.2,alive,1554,covers,not_covering,file_ends_956s_before_freeze;file_end_off_expiry_-396s
btc-updown-15m-1768583700,1768583700,2026-01,1768584494517,1768584599000,104.5,alive,715,covers,not_covering,file_ends_1322s_before_freeze;file_end_off_expiry_-527s
btc-updown-15m-1768591800,1768591800,2026-01,1768591991464,1768592699000,707.5,alive,2114,covers,not_covering,file_ends_138s_before_freeze;file_end_off_expiry_54s
btc-updown-15m-1768592700,1768592700,2026-01,1768593449879,1768593599000,149.1,alive,960,covers,not_covering,file_ends_1458s_before_freeze;file_end_off_expiry_-709s
btc-updown-15m-1768594500,1768594500,2026-01,1768594968159,1768595399000,430.8,alive,1580,covers,not_covering,file_ends_622s_before_freeze;file_end_off_expiry_-154s
btc-updown-15m-1768596300,1768596300,2026-01,1768596970005,1768597199000,229.0,alive,1069,covers,not_covering,file_ends_732s_before_freeze;file_end_off_expiry_-62s
btc-updown-15m-1768597200,1768597200,2026-01,1768597998004,1768598099000,101.0,alive,833,covers,not_covering,file_ends_1028s_before_freeze;file_end_off_expiry_-230s
btc-updown-15m-1768599900,1768599900,2026-01,1768600708961,1768600799000,90.0,alive,671,covers,not_covering,file_ends_1286s_before_freeze;file_end_off_expiry_-477s
btc-updown-15m-1768603500,1768603500,2026-01,1768604323862,1768604399000,75.1,alive,829,covers,not_covering,file_ends_968s_before_freeze;file_end_off_expiry_-145s
btc-updown-15m-1768613400,1768613400,2026-01,1768614183127,1768614299000,115.9,alive,853,covers,not_covering,file_ends_930s_before_freeze;file_end_off_expiry_-146s
btc-updown-15m-1768616100,1768616100,2026-01,1768616822829,1768616999000,176.2,alive,1013,covers,not_covering,file_ends_1313s_before_freeze;file_end_off_expiry_-590s
btc-updown-15m-1768618800,1768618800,2026-01,1768619202190,1768619699000,496.8,alive,1578,covers,not_covering,file_ends_346s_before_freeze;file_end_off_expiry_56s
btc-updown-15m-1768721400,1768721400,2026-01,1768721809815,1768722299000,489.2,alive,2001,covers,not_covering,file_ends_337s_before_freeze;file_end_off_expiry_72s
btc-updown-15m-1768724100,1768724100,2026-01,1768724839101,1768724999000,159.9,alive,719,covers,not_covering,file_ends_1015s_before_freeze;file_end_off_expiry_-276s
btc-updown-15m-1768725900,1768725900,2026-01,1768726670334,1768726799000,128.7,alive,585,covers,not_covering,file_ends_925s_before_freeze;file_end_off_expiry_-155s
btc-updown-15m-1768727700,1768727700,2026-01,1768728374739,1768728599000,224.3,alive,1083,covers,not_covering,file_ends_981s_before_freeze;file_end_off_expiry_-306s
btc-updown-15m-1768730400,1768730400,2026-01,1768730662043,1768731299000,637.0,alive,1699,covers,not_covering,file_ends_354s_before_freeze;file_end_off_expiry_-92s
btc-updown-15m-1768735800,1768735800,2026-01,1768736610884,1768736699000,88.1,alive,580,covers,not_covering,file_ends_1213s_before_freeze;file_end_off_expiry_-402s
btc-updown-15m-1768736700,1768736700,2026-01,1768737163845,1768737599000,435.2,alive,1318,covers,not_covering,file_ends_553s_before_freeze;file_end_off_expiry_-89s
btc-updown-15m-1768737600,1768737600,2026-01,1768738046901,1768738499000,452.1,alive,1495,covers,not_covering,file_ends_883s_before_freeze;file_end_off_expiry_-436s
btc-updown-15m-1768740300,1768740300,2026-01,1768740755811,1768741199000,443.2,alive,1649,covers,not_covering,file_ends_492s_before_freeze;file_end_off_expiry_-37s
btc-updown-15m-1768744800,1768744800,2026-01,1768745593783,1768745699000,105.2,alive,790,covers,not_covering,file_ends_829s_before_freeze;file_end_off_expiry_-35s
btc-updown-15m-1768745700,1768745700,2026-01,1768746425741,1768746599000,173.3,alive,692,covers,not_covering,file_ends_832s_before_freeze;file_end_off_expiry_-106s
btc-updown-15m-1768751100,1768751100,2026-01,1768751720032,1768751999000,279.0,alive,1046,covers,not_covering,file_ends_652s_before_freeze;file_end_off_expiry_-32s
btc-updown-15m-1768756500,1768756500,2026-01,1768756807084,1768757399000,591.9,alive,1868,covers,not_covering,file_ends_546s_before_freeze;file_end_off_expiry_-239s
btc-updown-15m-1768759200,1768759200,2026-01,1768759883352,1768760099000,215.6,alive,861,covers,not_covering,file_ends_872s_before_freeze;file_end_off_expiry_-189s
btc-updown-15m-1768765500,1768765500,2026-01,1768765961989,1768766399000,437.0,alive,52,covers,not_covering,file_ends_769s_before_freeze;file_end_off_expiry_-307s
btc-updown-15m-1777663800,1777663800,2026-05,1777664089787,1777664699000,609.2,silent,0,ends_before_freeze_start,not_covering,file_ends_144s_before_freeze;file_end_off_expiry_146s
