slug,epoch,month,result_id
btc-updown-15m-1760140800,1760140800,2025-10,1
btc-updown-15m-1760145300,1760145300,2025-10,1
btc-updown-15m-1760149800,1760149800,2025-10,0
btc-updown-15m-1760183100,1760183100,2025-10,1
btc-updown-15m-1760187600,1760187600,2025-10,0
btc-updown-15m-1760192100,1760192100,2025-10,1
btc-updown-15m-1760229900,1760229900,2025-10,1
btc-updown-15m-1760234400,1760234400,2025-10,0
btc-updown-15m-1760301900,1760301900,2025-10,1
btc-updown-15m-1760305500,1760305500,2025-10,0
btc-updown-15m-1760310000,1760310000,2025-10,1
btc-updown-15m-1760369400,1760369400,2025-10,1
btc-updown-15m-1760373900,1760373900,2025-10,0
btc-updown-15m-1760378400,1760378400,2025-10,1
btc-updown-15m-1760382900,1760382900,2025-10,0
btc-updown-15m-1760386500,1760386500,2025-10,1
btc-updown-15m-1760391000,1760391000,2025-10,1
btc-updown-15m-1760422500,1760422500,2025-10,1
btc-updown-15m-1760427000,1760427000,2025-10,1
btc-updown-15m-1760431500,1760431500,2025-10,1
btc-updown-15m-1760436000,1760436000,2025-10,1
btc-updown-15m-1760439600,1760439600,2025-10,0
btc-updown-15m-1760444100,1760444100,2025-10,1
btc-updown-15m-1760448600,1760448600,2025-10,1
btc-updown-15m-1760463900,1760463900,2025-10,0
btc-updown-15m-1760468400,1760468400,2025-10,0
btc-updown-15m-1760472900,1760472900,2025-10,0
btc-updown-15m-1760476500,1760476500,2025-10,0
btc-updown-15m-1760481000,1760481000,2025-10,1
btc-updown-15m-1760500800,1760500800,2025-10,1
btc-updown-15m-1760505300,1760505300,2025-10,1
btc-updown-15m-1760517900,1760517900,2025-10,1
btc-updown-15m-1760522400,1760522400,2025-10,0
btc-updown-15m-1760526000,1760526000,2025-10,0
btc-updown-15m-1760540400,1760540400,2025-10,1
btc-updown-15m-1760544900,1760544900,2025-10,0
btc-updown-15m-1760549400,1760549400,2025-10,0
btc-updown-15m-1760558400,1760558400,2025-10,0
btc-updown-15m-1760562900,1760562900,2025-10,0
btc-updown-15m-1760566500,1760566500,2025-10,0
btc-updown-15m-1760571000,1760571000,2025-10,0
btc-updown-15m-1760575500,1760575500,2025-10,0
btc-updown-15m-1760580000,1760580000,2025-10,0
btc-updown-15m-1760584500,1760584500,2025-10,0
btc-updown-15m-1760589000,1760589000,2025-10,1
btc-updown-15m-1760592600,1760592600,2025-10,0
btc-updown-15m-1760597100,1760597100,2025-10,0
btc-updown-15m-1760617800,1760617800,2025-10,0
btc-updown-15m-1760622300,1760622300,2025-10,1
btc-updown-15m-1760632200,1760632200,2025-10,1
btc-updown-15m-1760636700,1760636700,2025-10,1
btc-updown-15m-1760640300,1760640300,2025-10,0
btc-updown-15m-1760644800,1760644800,2025-10,1
btc-updown-15m-1760649300,1760649300,2025-10,1
btc-updown-15m-1760653800,1760653800,2025-10,1
btc-updown-15m-1760658300,1760658300,2025-10,0
btc-updown-15m-1760662800,1760662800,2025-10,0
btc-updown-15m-1760666400,1760666400,2025-10,1
btc-updown-15m-1760677200,1760677200,2025-10,0
btc-updown-15m-1760681700,1760681700,2025-10,1
btc-updown-15m-1760686200,1760686200,2025-10,1
btc-updown-15m-1760715000,1760715000,2025-10,0
btc-updown-15m-1760719500,1760719500,2025-10,1
btc-updown-15m-1760723100,1760723100,2025-10,0
btc-updown-15m-1760727600,1760727600,2025-10,0
btc-updown-15m-1760732100,1760732100,2025-10,0
btc-updown-15m-1760748300,1760748300,2025-10,0
btc-updown-15m-1760752800,1760752800,2025-10,1
btc-updown-15m-1760757300,1760757300,2025-10,0
btc-updown-15m-1760816700,1760816700,2025-10,0
btc-updown-15m-1760821200,1760821200,2025-10,1
btc-updown-15m-1760825700,1760825700,2025-10,0
btc-updown-15m-1760877000,1760877000,2025-10,0
btc-updown-15m-1760881500,1760881500,2025-10,0
btc-updown-15m-1760886000,1760886000,2025-10,0
btc-updown-15m-1760889600,1760889600,2025-10,1
btc-updown-15m-1760894100,1760894100,2025-10,1
btc-updown-15m-1760943600,1760943600,2025-10,1
btc-updown-15m-1760948100,1760948100,2025-10,0
btc-updown-15m-1760952600,1760952600,2025-10,0
btc-updown-15m-1760957100,1760957100,2025-10,1
btc-updown-15m-1760960700,1760960700,2025-10,0
btc-updown-15m-1760965200,1760965200,2025-10,1
btc-updown-15m-1760973300,1760973300,2025-10,0
btc-updown-15m-1760977800,1760977800,2025-10,1
btc-updown-15m-1760982300,1760982300,2025-10,0
btc-updown-15m-1760985900,1760985900,2025-10,0
btc-updown-15m-1760990400,1760990400,2025-10,0
btc-updown-15m-1760994900,1760994900,2025-10,1
btc-updown-15m-1760999400,1760999400,2025-10,0
btc-updown-15m-1761003900,1761003900,2025-10,1
btc-updown-15m-1761008400,1761008400,2025-10,1
btc-updown-15m-1761012000,1761012000,2025-10,1
btc-updown-15m-1761019200,1761019200,2025-10,1
btc-updown-15m-1761023700,1761023700,2025-10,0
btc-updown-15m-1761028200,1761028200,2025-10,1
btc-updown-15m-1761039900,1761039900,2025-10,0
btc-updown-15m-1761044400,1761044400,2025-10,1
btc-updown-15m-1761048000,1761048000,2025-10,1
btc-updown-15m-1761052500,1761052500,2025-10,0
btc-updown-15m-1761057000,1761057000,2025-10,0
btc-updown-15m-1761061500,1761061500,2025-10,0
btc-updown-15m-1761066000,1761066000,2025-10,0
btc-updown-15m-1761070500,1761070500,2025-10,1
btc-updown-15m-1761074100,1761074100,2025-10,1
btc-updown-15m-1761078600,1761078600,2025-10,0
btc-updown-15m-1761083100,1761083100,2025-10,1
btc-updown-15m-1761087600,1761087600,2025-10,0
btc-updown-15m-1761092100,1761092100,2025-10,1
btc-updown-15m-1761096600,1761096600,2025-10,0
btc-updown-15m-1761100200,1761100200,2025-10,1
btc-updown-15m-1761104700,1761104700,2025-10,0
btc-updown-15m-1761109200,1761109200,2025-10,1
btc-updown-15m-1761113700,1761113700,2025-10,0
btc-updown-15m-1761118200,1761118200,2025-10,0
btc-updown-15m-1761122700,1761122700,2025-10,1
btc-updown-15m-1761126300,1761126300,2025-10,0
btc-updown-15m-1761130800,1761130800,2025-10,0
btc-updown-15m-1761135300,1761135300,2025-10,0
btc-updown-15m-1761139800,1761139800,2025-10,1
btc-updown-15m-1761148800,1761148800,2025-10,0
btc-updown-15m-1761153300,1761153300,2025-10,1
btc-updown-15m-1761156900,1761156900,2025-10,0
btc-updown-15m-1761161400,1761161400,2025-10,1
btc-updown-15m-1761165900,1761165900,2025-10,1
btc-updown-15m-1761177600,1761177600,2025-10,0
btc-updown-15m-1761182100,1761182100,2025-10,1
btc-updown-15m-1761186600,1761186600,2025-10,0
btc-updown-15m-1761190200,1761190200,2025-10,1
btc-updown-15m-1761194700,1761194700,2025-10,1
btc-updown-15m-1761199200,1761199200,2025-10,0
btc-updown-15m-1761203700,1761203700,2025-10,1
btc-updown-15m-1761208200,1761208200,2025-10,1
btc-updown-15m-1761212700,1761212700,2025-10,0
btc-updown-15m-1761216300,1761216300,2025-10,1
btc-updown-15m-1761220800,1761220800,2025-10,1
btc-updown-15m-1761225300,1761225300,2025-10,0
btc-updown-15m-1761229800,1761229800,2025-10,0
btc-updown-15m-1761234300,1761234300,2025-10,0
btc-updown-15m-1761238800,1761238800,2025-10,1
btc-updown-15m-1761242400,1761242400,2025-10,1
btc-updown-15m-1761246900,1761246900,2025-10,0
btc-updown-15m-1761251400,1761251400,2025-10,1
btc-updown-15m-1761255900,1761255900,2025-10,0
btc-updown-15m-1761260400,1761260400,2025-10,0
btc-updown-15m-1761264900,1761264900,2025-10,1
btc-updown-15m-1761276600,1761276600,2025-10,1
btc-updown-15m-1761281100,1761281100,2025-10,0
btc-updown-15m-1761285600,1761285600,2025-10,1
btc-updown-15m-1761290100,1761290100,2025-10,0
btc-updown-15m-1761294600,1761294600,2025-10,0
btc-updown-15m-1761299100,1761299100,2025-10,1
btc-updown-15m-1761302700,1761302700,2025-10,1
btc-updown-15m-1761321600,1761321600,2025-10,1
btc-updown-15m-1761326100,1761326100,2025-10,0
btc-updown-15m-1761330600,1761330600,2025-10,0
btc-updown-15m-1761335100,1761335100,2025-10,1
btc-updown-15m-1761347700,1761347700,2025-10,0
btc-updown-15m-1761351300,1761351300,2025-10,1
btc-updown-15m-1761355800,1761355800,2025-10,1
btc-updown-15m-1761360300,1761360300,2025-10,0
btc-updown-15m-1761369300,1761369300,2025-10,0
btc-updown-15m-1761373800,1761373800,2025-10,0
btc-updown-15m-1761378300,1761378300,2025-10,1
btc-updown-15m-1761418800,1761418800,2025-10,1
btc-updown-15m-1761423300,1761423300,2025-10,1
btc-updown-15m-1761446700,1761446700,2025-10,1
btc-updown-15m-1761451200,1761451200,2025-10,0
btc-updown-15m-1761455700,1761455700,2025-10,0
btc-updown-15m-1761544800,1761544800,2025-10,1
btc-updown-15m-1761549300,1761549300,2025-10,1
btc-updown-15m-1761553800,1761553800,2025-10,0
btc-updown-15m-1761566400,1761566400,2025-10,1
btc-updown-15m-1761570900,1761570900,2025-10,0
btc-updown-15m-1761575400,1761575400,2025-10,1
btc-updown-15m-1761579000,1761579000,2025-10,1
btc-updown-15m-1761583500,1761583500,2025-10,0
btc-updown-15m-1761588000,1761588000,2025-10,0
btc-updown-15m-1761592500,1761592500,2025-10,1
btc-updown-15m-1761605100,1761605100,2025-10,1
btc-updown-15m-1761609600,1761609600,2025-10,1
btc-updown-15m-1761613200,1761613200,2025-10,0
btc-updown-15m-1761617700,1761617700,2025-10,1
btc-updown-15m-1761622200,1761622200,2025-10,1
btc-updown-15m-1761629400,1761629400,2025-10,1
btc-updown-15m-1761633900,1761633900,2025-10,0
btc-updown-15m-1761638400,1761638400,2025-10,1
btc-updown-15m-1761642000,1761642000,2025-10,1
btc-updown-15m-1761646500,1761646500,2025-10,0
btc-updown-15m-1761651000,1761651000,2025-10,1
btc-updown-15m-1761655500,1761655500,2025-10,0
btc-updown-15m-1761660000,1761660000,2025-10,0
btc-updown-15m-1761664500,1761664500,2025-10,1
btc-updown-15m-1761668100,1761668100,2025-10,0
btc-updown-15m-1761672600,1761672600,2025-10,0
btc-updown-15m-1761677100,1761677100,2025-10,0
btc-updown-15m-1761681600,1761681600,2025-10,1
btc-updown-15m-1761686100,1761686100,2025-10,0
btc-updown-15m-1761690600,1761690600,2025-10,0
btc-updown-15m-1761711300,1761711300,2025-10,0
btc-updown-15m-1761715800,1761715800,2025-10,0
btc-updown-15m-1761720300,1761720300,2025-10,0
btc-updown-15m-1761724800,1761724800,2025-10,1
btc-updown-15m-1761729300,1761729300,2025-10,0
btc-updown-15m-1761733800,1761733800,2025-10,1
btc-updown-15m-1761737400,1761737400,2025-10,1
btc-updown-15m-1761741900,1761741900,2025-10,1
btc-updown-15m-1761746400,1761746400,2025-10,1
btc-updown-15m-1761750900,1761750900,2025-10,1
btc-updown-15m-1761755400,1761755400,2025-10,0
btc-updown-15m-1761759900,1761759900,2025-10,0
btc-updown-15m-1761763500,1761763500,2025-10,0
btc-updown-15m-1761768000,1761768000,2025-10,1
btc-updown-15m-1761772500,1761772500,2025-10,0
btc-updown-15m-1761779700,1761779700,2025-10,1
btc-updown-15m-1761784200,1761784200,2025-10,0
btc-updown-15m-1761788700,1761788700,2025-10,1
btc-updown-15m-1761792300,1761792300,2025-10,0
btc-updown-15m-1761796800,1761796800,2025-10,1
btc-updown-15m-1761801300,1761801300,2025-10,0
btc-updown-15m-1761805800,1761805800,2025-10,0
btc-updown-15m-1761813000,1761813000,2025-10,0
btc-updown-15m-1761817500,1761817500,2025-10,1
btc-updown-15m-1761821100,1761821100,2025-10,0
btc-updown-15m-1761825600,1761825600,2025-10,1
btc-updown-15m-1761830100,1761830100,2025-10,1
btc-updown-15m-1761834600,1761834600,2025-10,0
btc-updown-15m-1761841800,1761841800,2025-10,1
btc-updown-15m-1761846300,1761846300,2025-10,0
btc-updown-15m-1761849900,1761849900,2025-10,1
btc-updown-15m-1761854400,1761854400,2025-10,0
btc-updown-15m-1761858900,1761858900,2025-10,0
btc-updown-15m-1761863400,1761863400,2025-10,0
btc-updown-15m-1761867900,1761867900,2025-10,0
btc-updown-15m-1761872400,1761872400,2025-10,0
btc-updown-15m-1761876000,1761876000,2025-10,1
btc-updown-15m-1761880500,1761880500,2025-10,0
btc-updown-15m-1761885000,1761885000,2025-10,0
btc-updown-15m-1761889500,1761889500,2025-10,1
btc-updown-15m-1761894000,1761894000,2025-10,0
btc-updown-15m-1761898500,1761898500,2025-10,0
btc-updown-15m-1761902100,1761902100,2025-10,1
btc-updown-15m-1761906600,1761906600,2025-10,0
btc-updown-15m-1761911100,1761911100,2025-10,0
btc-updown-15m-1761918300,1761918300,2025-10,0
btc-updown-15m-1761922800,1761922800,2025-10,1
btc-updown-15m-1761936300,1761936300,2025-10,1
btc-updown-15m-1761939900,1761939900,2025-10,1
btc-updown-15m-1761944400,1761944400,2025-10,1
btc-updown-15m-1761954300,1761954300,2025-10,1
btc-updown-15m-1761955200,1761955200,2025-11,1
btc-updown-15m-1761964200,1761964200,2025-11,1
btc-updown-15m-1762074900,1762074900,2025-11,0
btc-updown-15m-1762147800,1762147800,2025-11,1
btc-updown-15m-1762155900,1762155900,2025-11,1
btc-updown-15m-1762164900,1762164900,2025-11,0
btc-updown-15m-1762193700,1762193700,2025-11,0
btc-updown-15m-1762202700,1762202700,2025-11,0
btc-updown-15m-1762210800,1762210800,2025-11,1
btc-updown-15m-1762219800,1762219800,2025-11,0
btc-updown-15m-1762227900,1762227900,2025-11,1
btc-updown-15m-1762247700,1762247700,2025-11,0
btc-updown-15m-1762255800,1762255800,2025-11,0
btc-updown-15m-1762264800,1762264800,2025-11,1
btc-updown-15m-1762272900,1762272900,2025-11,1
btc-updown-15m-1762281900,1762281900,2025-11,0
btc-updown-15m-1762290000,1762290000,2025-11,1
btc-updown-15m-1762299000,1762299000,2025-11,0
btc-updown-15m-1762307100,1762307100,2025-11,0
btc-updown-15m-1762323300,1762323300,2025-11,0
btc-updown-15m-1762331400,1762331400,2025-11,0
btc-updown-15m-1762359300,1762359300,2025-11,0
btc-updown-15m-1762367400,1762367400,2025-11,0
btc-updown-15m-1762377300,1762377300,2025-11,1
btc-updown-15m-1762385400,1762385400,2025-11,0
btc-updown-15m-1762394400,1762394400,2025-11,1
btc-updown-15m-1762402500,1762402500,2025-11,1
btc-updown-15m-1762411500,1762411500,2025-11,1
btc-updown-15m-1762425900,1762425900,2025-11,0
btc-updown-15m-1762434900,1762434900,2025-11,0
btc-updown-15m-1762443000,1762443000,2025-11,1
btc-updown-15m-1762452900,1762452900,2025-11,1
btc-updown-15m-1762461000,1762461000,2025-11,1
btc-updown-15m-1762470000,1762470000,2025-11,1
btc-updown-15m-1762478100,1762478100,2025-11,0
btc-updown-15m-1762487100,1762487100,2025-11,1
btc-updown-15m-1762524900,1762524900,2025-11,1
btc-updown-15m-1762533900,1762533900,2025-11,1
btc-updown-15m-1762542000,1762542000,2025-11,0
btc-updown-15m-1762566300,1762566300,2025-11,1
btc-updown-15m-1762628400,1762628400,2025-11,1
btc-updown-15m-1762637400,1762637400,2025-11,0
btc-updown-15m-1762678800,1762678800,2025-11,0
btc-updown-15m-1762687800,1762687800,2025-11,0
btc-updown-15m-1762695900,1762695900,2025-11,0
btc-updown-15m-1762718400,1762718400,2025-11,1
btc-updown-15m-1762734600,1762734600,2025-11,0
btc-updown-15m-1762758900,1762758900,2025-11,1
btc-updown-15m-1762767000,1762767000,2025-11,0
btc-updown-15m-1762780500,1762780500,2025-11,0
btc-updown-15m-1762788600,1762788600,2025-11,1
btc-updown-15m-1762797600,1762797600,2025-11,1
btc-updown-15m-1762805700,1762805700,2025-11,1
btc-updown-15m-1762828200,1762828200,2025-11,0
btc-updown-15m-1762836300,1762836300,2025-11,1
btc-updown-15m-1762845300,1762845300,2025-11,1
btc-updown-15m-1762853400,1762853400,2025-11,1
btc-updown-15m-1762862400,1762862400,2025-11,1
btc-updown-15m-1762870500,1762870500,2025-11,0
btc-updown-15m-1762879500,1762879500,2025-11,1
btc-updown-15m-1762887600,1762887600,2025-11,1
btc-updown-15m-1762896600,1762896600,2025-11,1
btc-updown-15m-1762904700,1762904700,2025-11,0
btc-updown-15m-1762913700,1762913700,2025-11,1
btc-updown-15m-1762921800,1762921800,2025-11,1
btc-updown-15m-1762930800,1762930800,2025-11,0
btc-updown-15m-1762938900,1762938900,2025-11,1
btc-updown-15m-1762947900,1762947900,2025-11,0
btc-updown-15m-1762956000,1762956000,2025-11,1
btc-updown-15m-1762965000,1762965000,2025-11,1
btc-updown-15m-1762973100,1762973100,2025-11,0
btc-updown-15m-1762982100,1762982100,2025-11,1
btc-updown-15m-1762990200,1762990200,2025-11,1
btc-updown-15m-1762999200,1762999200,2025-11,0
btc-updown-15m-1763007300,1763007300,2025-11,0
btc-updown-15m-1763016300,1763016300,2025-11,0
btc-updown-15m-1763024400,1763024400,2025-11,1
btc-updown-15m-1763033400,1763033400,2025-11,0
btc-updown-15m-1763041500,1763041500,2025-11,1
btc-updown-15m-1763050500,1763050500,2025-11,1
btc-updown-15m-1763058600,1763058600,2025-11,1
btc-updown-15m-1763067600,1763067600,2025-11,0
btc-updown-15m-1763075700,1763075700,2025-11,0
btc-updown-15m-1763084700,1763084700,2025-11,0
btc-updown-15m-1763093700,1763093700,2025-11,0
btc-updown-15m-1763101800,1763101800,2025-11,1
btc-updown-15m-1763110800,1763110800,2025-11,1
btc-updown-15m-1763118900,1763118900,2025-11,1
btc-updown-15m-1763127900,1763127900,2025-11,0
btc-updown-15m-1763136000,1763136000,2025-11,1
btc-updown-15m-1763145000,1763145000,2025-11,1
btc-updown-15m-1763153100,1763153100,2025-11,1
btc-updown-15m-1763162100,1763162100,2025-11,1
btc-updown-15m-1763170200,1763170200,2025-11,0
btc-updown-15m-1763179200,1763179200,2025-11,1
btc-updown-15m-1763187300,1763187300,2025-11,1
btc-updown-15m-1763196300,1763196300,2025-11,0
btc-updown-15m-1763204400,1763204400,2025-11,1
btc-updown-15m-1763213400,1763213400,2025-11,0
btc-updown-15m-1763221500,1763221500,2025-11,0
btc-updown-15m-1763230500,1763230500,2025-11,1
btc-updown-15m-1763238600,1763238600,2025-11,1
btc-updown-15m-1763247600,1763247600,2025-11,1
btc-updown-15m-1763255700,1763255700,2025-11,1
btc-updown-15m-1763264700,1763264700,2025-11,0
btc-updown-15m-1763272800,1763272800,2025-11,0
btc-updown-15m-1763281800,1763281800,2025-11,0
btc-updown-15m-1763289900,1763289900,2025-11,0
btc-updown-15m-1763298900,1763298900,2025-11,1
btc-updown-15m-1763307000,1763307000,2025-11,1
btc-updown-15m-1763316000,1763316000,2025-11,0
btc-updown-15m-1763324100,1763324100,2025-11,0
btc-updown-15m-1763333100,1763333100,2025-11,0
btc-updown-15m-1763341200,1763341200,2025-11,1
btc-updown-15m-1763350200,1763350200,2025-11,1
btc-updown-15m-1763358300,1763358300,2025-11,1
btc-updown-15m-1763367300,1763367300,2025-11,0
btc-updown-15m-1763375400,1763375400,2025-11,0
btc-updown-15m-1763384400,1763384400,2025-11,1
btc-updown-15m-1763392500,1763392500,2025-11,0
btc-updown-15m-1763401500,1763401500,2025-11,1
btc-updown-15m-1763409600,1763409600,2025-11,1
btc-updown-15m-1763418600,1763418600,2025-11,0
btc-updown-15m-1763426700,1763426700,2025-11,0
btc-updown-15m-1763435700,1763435700,2025-11,1
btc-updown-15m-1763443800,1763443800,2025-11,1
btc-updown-15m-1763454600,1763454600,2025-11,0
btc-updown-15m-1763462700,1763462700,2025-11,0
btc-updown-15m-1763471700,1763471700,2025-11,1
btc-updown-15m-1763479800,1763479800,2025-11,1
btc-updown-15m-1763488800,1763488800,2025-11,0
btc-updown-15m-1763496900,1763496900,2025-11,0
btc-updown-15m-1763505900,1763505900,2025-11,1
btc-updown-15m-1763514000,1763514000,2025-11,1
btc-updown-15m-1763523000,1763523000,2025-11,1
btc-updown-15m-1763531100,1763531100,2025-11,0
btc-updown-15m-1763540100,1763540100,2025-11,0
btc-updown-15m-1763548200,1763548200,2025-11,1
btc-updown-15m-1763557200,1763557200,2025-11,1
btc-updown-15m-1763565300,1763565300,2025-11,1
btc-updown-15m-1763574300,1763574300,2025-11,0
btc-updown-15m-1763582400,1763582400,2025-11,1
btc-updown-15m-1763591400,1763591400,2025-11,1
btc-updown-15m-1763599500,1763599500,2025-11,1
btc-updown-15m-1763608500,1763608500,2025-11,1
btc-updown-15m-1763616600,1763616600,2025-11,1
btc-updown-15m-1763625600,1763625600,2025-11,1
btc-updown-15m-1763633700,1763633700,2025-11,0
btc-updown-15m-1763642700,1763642700,2025-11,0
btc-updown-15m-1763650800,1763650800,2025-11,1
btc-updown-15m-1763659800,1763659800,2025-11,1
btc-updown-15m-1763667900,1763667900,2025-11,0
btc-updown-15m-1763676900,1763676900,2025-11,0
btc-updown-15m-1763685000,1763685000,2025-11,1
btc-updown-15m-1763694000,1763694000,2025-11,0
btc-updown-15m-1763702100,1763702100,2025-11,1
btc-updown-15m-1763711100,1763711100,2025-11,1
btc-updown-15m-1763719200,1763719200,2025-11,1
btc-updown-15m-1763728200,1763728200,2025-11,0
btc-updown-15m-1763736300,1763736300,2025-11,1
btc-updown-15m-1763745300,1763745300,2025-11,0
btc-updown-15m-1763753400,1763753400,2025-11,1
btc-updown-15m-1763762400,1763762400,2025-11,1
btc-updown-15m-1763770500,1763770500,2025-11,1
btc-updown-15m-1763779500,1763779500,2025-11,0
btc-updown-15m-1763787600,1763787600,2025-11,1
btc-updown-15m-1763796600,1763796600,2025-11,0
btc-updown-15m-1763805600,1763805600,2025-11,0
btc-updown-15m-1763813700,1763813700,2025-11,1
btc-updown-15m-1763822700,1763822700,2025-11,0
btc-updown-15m-1763830800,1763830800,2025-11,1
btc-updown-15m-1763839800,1763839800,2025-11,1
btc-updown-15m-1763847900,1763847900,2025-11,0
btc-updown-15m-1763856900,1763856900,2025-11,1
btc-updown-15m-1763865000,1763865000,2025-11,0
btc-updown-15m-1763874000,1763874000,2025-11,1
btc-updown-15m-1763882100,1763882100,2025-11,1
btc-updown-15m-1763891100,1763891100,2025-11,1
btc-updown-15m-1763899200,1763899200,2025-11,0
btc-updown-15m-1763908200,1763908200,2025-11,1
btc-updown-15m-1763916300,1763916300,2025-11,1
btc-updown-15m-1763925300,1763925300,2025-11,0
btc-updown-15m-1763933400,1763933400,2025-11,0
btc-updown-15m-1763942400,1763942400,2025-11,1
btc-updown-15m-1763950500,1763950500,2025-11,1
btc-updown-15m-1763959500,1763959500,2025-11,0
btc-updown-15m-1763967600,1763967600,2025-11,1
btc-updown-15m-1763976600,1763976600,2025-11,0
btc-updown-15m-1763984700,1763984700,2025-11,1
btc-updown-15m-1763993700,1763993700,2025-11,1
btc-updown-15m-1764001800,1764001800,2025-11,0
btc-updown-15m-1764010800,1764010800,2025-11,1
btc-updown-15m-1764018900,1764018900,2025-11,1
btc-updown-15m-1764027900,1764027900,2025-11,1
btc-updown-15m-1764036000,1764036000,2025-11,0
btc-updown-15m-1764045000,1764045000,2025-11,0
btc-updown-15m-1764053100,1764053100,2025-11,0
btc-updown-15m-1764062100,1764062100,2025-11,1
btc-updown-15m-1764070200,1764070200,2025-11,0
btc-updown-15m-1764079200,1764079200,2025-11,1
btc-updown-15m-1764087300,1764087300,2025-11,0
btc-updown-15m-1764096300,1764096300,2025-11,1
btc-updown-15m-1764104400,1764104400,2025-11,1
btc-updown-15m-1764113400,1764113400,2025-11,1
btc-updown-15m-1764121500,1764121500,2025-11,1
btc-updown-15m-1764130500,1764130500,2025-11,0
btc-updown-15m-1764138600,1764138600,2025-11,0
btc-updown-15m-1764147600,1764147600,2025-11,1
btc-updown-15m-1764155700,1764155700,2025-11,1
btc-updown-15m-1764164700,1764164700,2025-11,0
btc-updown-15m-1764172800,1764172800,2025-11,0
btc-updown-15m-1764181800,1764181800,2025-11,1
btc-updown-15m-1764189900,1764189900,2025-11,0
btc-updown-15m-1764207900,1764207900,2025-11,0
btc-updown-15m-1764216000,1764216000,2025-11,0
btc-updown-15m-1764225000,1764225000,2025-11,1
btc-updown-15m-1764233100,1764233100,2025-11,0
btc-updown-15m-1764242100,1764242100,2025-11,1
btc-updown-15m-1764250200,1764250200,2025-11,0
btc-updown-15m-1764259200,1764259200,2025-11,0
btc-updown-15m-1764267300,1764267300,2025-11,1
btc-updown-15m-1764276300,1764276300,2025-11,1
btc-updown-15m-1764284400,1764284400,2025-11,0
btc-updown-15m-1764293400,1764293400,2025-11,0
btc-updown-15m-1764301500,1764301500,2025-11,0
btc-updown-15m-1764310500,1764310500,2025-11,1
btc-updown-15m-1764318600,1764318600,2025-11,1
btc-updown-15m-1764327600,1764327600,2025-11,1
btc-updown-15m-1764335700,1764335700,2025-11,0
btc-updown-15m-1764344700,1764344700,2025-11,1
btc-updown-15m-1764352800,1764352800,2025-11,0
btc-updown-15m-1764361800,1764361800,2025-11,1
btc-updown-15m-1764369900,1764369900,2025-11,0
btc-updown-15m-1764378900,1764378900,2025-11,1
btc-updown-15m-1764387000,1764387000,2025-11,1
btc-updown-15m-1764396000,1764396000,2025-11,0
btc-updown-15m-1764404100,1764404100,2025-11,1
btc-updown-15m-1764413100,1764413100,2025-11,1
btc-updown-15m-1764421200,1764421200,2025-11,0
btc-updown-15m-1764430200,1764430200,2025-11,1
btc-updown-15m-1764438300,1764438300,2025-11,1
btc-updown-15m-1764447300,1764447300,2025-11,0
btc-updown-15m-1764457200,1764457200,2025-11,1
btc-updown-15m-1764467100,1764467100,2025-11,1
btc-updown-15m-1764503100,1764503100,2025-11,1
btc-updown-15m-1764512100,1764512100,2025-11,1
btc-updown-15m-1764520200,1764520200,2025-11,1
btc-updown-15m-1764529200,1764529200,2025-11,1
btc-updown-15m-1764537300,1764537300,2025-11,1
btc-updown-15m-1764546300,1764546300,2025-11,1
btc-updown-15m-1764547200,1764547200,2025-12,1
btc-updown-15m-1764558000,1764558000,2025-12,1
btc-updown-15m-1764567900,1764567900,2025-12,0
btc-updown-15m-1764578700,1764578700,2025-12,0
btc-updown-15m-1764589500,1764589500,2025-12,1
btc-updown-15m-1764600300,1764600300,2025-12,0
btc-updown-15m-1764610200,1764610200,2025-12,0
btc-updown-15m-1764621000,1764621000,2025-12,0
btc-updown-15m-1764632700,1764632700,2025-12,1
btc-updown-15m-1764643500,1764643500,2025-12,1
btc-updown-15m-1764653400,1764653400,2025-12,0
btc-updown-15m-1764664200,1764664200,2025-12,1
btc-updown-15m-1764675000,1764675000,2025-12,1
btc-updown-15m-1764684900,1764684900,2025-12,0
btc-updown-15m-1764695700,1764695700,2025-12,0
btc-updown-15m-1764706500,1764706500,2025-12,1
btc-updown-15m-1764717300,1764717300,2025-12,1
btc-updown-15m-1764727200,1764727200,2025-12,0
btc-updown-15m-1764738000,1764738000,2025-12,1
btc-updown-15m-1764748800,1764748800,2025-12,1
btc-updown-15m-1764759600,1764759600,2025-12,1
btc-updown-15m-1764769500,1764769500,2025-12,1
btc-updown-15m-1764780300,1764780300,2025-12,1
btc-updown-15m-1764791100,1764791100,2025-12,0
btc-updown-15m-1764801000,1764801000,2025-12,0
btc-updown-15m-1764811800,1764811800,2025-12,0
btc-updown-15m-1764822600,1764822600,2025-12,1
btc-updown-15m-1764833400,1764833400,2025-12,0
btc-updown-15m-1764843300,1764843300,2025-12,1
btc-updown-15m-1764854100,1764854100,2025-12,0
btc-updown-15m-1764864900,1764864900,2025-12,0
btc-updown-15m-1764875700,1764875700,2025-12,0
btc-updown-15m-1764887400,1764887400,2025-12,0
btc-updown-15m-1764898200,1764898200,2025-12,1
btc-updown-15m-1764909900,1764909900,2025-12,0
btc-updown-15m-1764919800,1764919800,2025-12,1
btc-updown-15m-1764930600,1764930600,2025-12,0
btc-updown-15m-1764941400,1764941400,2025-12,1
btc-updown-15m-1764952200,1764952200,2025-12,1
btc-updown-15m-1764962100,1764962100,2025-12,0
btc-updown-15m-1764972900,1764972900,2025-12,0
btc-updown-15m-1764983700,1764983700,2025-12,0
btc-updown-15m-1764994500,1764994500,2025-12,0
btc-updown-15m-1765004400,1765004400,2025-12,1
btc-updown-15m-1765015200,1765015200,2025-12,0
btc-updown-15m-1765026000,1765026000,2025-12,0
btc-updown-15m-1765035900,1765035900,2025-12,1
btc-updown-15m-1765046700,1765046700,2025-12,1
btc-updown-15m-1765057500,1765057500,2025-12,1
btc-updown-15m-1765068300,1765068300,2025-12,1
btc-updown-15m-1765078200,1765078200,2025-12,0
btc-updown-15m-1765089000,1765089000,2025-12,0
btc-updown-15m-1765099800,1765099800,2025-12,0
btc-updown-15m-1765110600,1765110600,2025-12,0
btc-updown-15m-1765120500,1765120500,2025-12,1
btc-updown-15m-1765131300,1765131300,2025-12,0
btc-updown-15m-1765165500,1765165500,2025-12,0
btc-updown-15m-1765175400,1765175400,2025-12,0
btc-updown-15m-1765186200,1765186200,2025-12,0
btc-updown-15m-1765197000,1765197000,2025-12,1
btc-updown-15m-1765207800,1765207800,2025-12,1
btc-updown-15m-1765217700,1765217700,2025-12,1
btc-updown-15m-1765228500,1765228500,2025-12,0
btc-updown-15m-1765240200,1765240200,2025-12,1
btc-updown-15m-1765251000,1765251000,2025-12,0
btc-updown-15m-1765260900,1765260900,2025-12,1
btc-updown-15m-1765271700,1765271700,2025-12,1
btc-updown-15m-1765282500,1765282500,2025-12,0
btc-updown-15m-1765292400,1765292400,2025-12,0
btc-updown-15m-1765303200,1765303200,2025-12,0
btc-updown-15m-1765314000,1765314000,2025-12,1
btc-updown-15m-1765324800,1765324800,2025-12,0
btc-updown-15m-1765334700,1765334700,2025-12,0
btc-updown-15m-1765345500,1765345500,2025-12,1
btc-updown-15m-1765356300,1765356300,2025-12,1
btc-updown-15m-1765367100,1765367100,2025-12,0
btc-updown-15m-1765377000,1765377000,2025-12,1
btc-updown-15m-1765387800,1765387800,2025-12,0
btc-updown-15m-1765398600,1765398600,2025-12,0
btc-updown-15m-1765408500,1765408500,2025-12,1
btc-updown-15m-1765419300,1765419300,2025-12,1
btc-updown-15m-1765430100,1765430100,2025-12,0
btc-updown-15m-1765440900,1765440900,2025-12,0
btc-updown-15m-1765450800,1765450800,2025-12,0
btc-updown-15m-1765461600,1765461600,2025-12,0
btc-updown-15m-1765472400,1765472400,2025-12,0
btc-updown-15m-1765483200,1765483200,2025-12,0
btc-updown-15m-1765493100,1765493100,2025-12,1
btc-updown-15m-1765503900,1765503900,2025-12,0
btc-updown-15m-1765514700,1765514700,2025-12,0
btc-updown-15m-1765524600,1765524600,2025-12,0
btc-updown-15m-1765535400,1765535400,2025-12,1
btc-updown-15m-1765546200,1765546200,2025-12,1
btc-updown-15m-1765557000,1765557000,2025-12,1
btc-updown-15m-1765567800,1765567800,2025-12,1
btc-updown-15m-1765579500,1765579500,2025-12,0
btc-updown-15m-1765590300,1765590300,2025-12,0
btc-updown-15m-1765601100,1765601100,2025-12,1
btc-updown-15m-1765611000,1765611000,2025-12,1
btc-updown-15m-1765624500,1765624500,2025-12,1
btc-updown-15m-1765635300,1765635300,2025-12,1
btc-updown-15m-1765645200,1765645200,2025-12,1
btc-updown-15m-1765656900,1765656900,2025-12,1
btc-updown-15m-1765667700,1765667700,2025-12,0
btc-updown-15m-1765679400,1765679400,2025-12,1
btc-updown-15m-1765689300,1765689300,2025-12,1
btc-updown-15m-1765700100,1765700100,2025-12,1
btc-updown-15m-1765711800,1765711800,2025-12,1
btc-updown-15m-1765722600,1765722600,2025-12,1
btc-updown-15m-1765732500,1765732500,2025-12,0
btc-updown-15m-1765748700,1765748700,2025-12,1
btc-updown-15m-1765762200,1765762200,2025-12,0
btc-updown-15m-1765772100,1765772100,2025-12,1
btc-updown-15m-1765782900,1765782900,2025-12,0
btc-updown-15m-1765793700,1765793700,2025-12,0
btc-updown-15m-1765804500,1765804500,2025-12,1
btc-updown-15m-1765814400,1765814400,2025-12,1
btc-updown-15m-1765825200,1765825200,2025-12,1
btc-updown-15m-1765836000,1765836000,2025-12,1
btc-updown-15m-1765846800,1765846800,2025-12,0
btc-updown-15m-1765856700,1765856700,2025-12,0
btc-updown-15m-1765867500,1765867500,2025-12,0
btc-updown-15m-1765878300,1765878300,2025-12,1
btc-updown-15m-1765888200,1765888200,2025-12,0
btc-updown-15m-1765899000,1765899000,2025-12,0
btc-updown-15m-1765909800,1765909800,2025-12,0
btc-updown-15m-1765920600,1765920600,2025-12,0
btc-updown-15m-1765930500,1765930500,2025-12,1
btc-updown-15m-1765943100,1765943100,2025-12,1
btc-updown-15m-1765953900,1765953900,2025-12,1
btc-updown-15m-1765963800,1765963800,2025-12,0
btc-updown-15m-1765974600,1765974600,2025-12,1
btc-updown-15m-1765985400,1765985400,2025-12,1
btc-updown-15m-1765996200,1765996200,2025-12,1
btc-updown-15m-1766006100,1766006100,2025-12,1
btc-updown-15m-1766016900,1766016900,2025-12,0
btc-updown-15m-1766027700,1766027700,2025-12,1
btc-updown-15m-1766038500,1766038500,2025-12,1
btc-updown-15m-1766048400,1766048400,2025-12,1
btc-updown-15m-1766059200,1766059200,2025-12,1
btc-updown-15m-1766070000,1766070000,2025-12,1
btc-updown-15m-1766079900,1766079900,2025-12,0
btc-updown-15m-1766092500,1766092500,2025-12,0
btc-updown-15m-1766103300,1766103300,2025-12,1
btc-updown-15m-1766114100,1766114100,2025-12,0
btc-updown-15m-1766124000,1766124000,2025-12,1
btc-updown-15m-1766134800,1766134800,2025-12,1
btc-updown-15m-1766145600,1766145600,2025-12,0
btc-updown-15m-1766156400,1766156400,2025-12,0
btc-updown-15m-1766166300,1766166300,2025-12,1
btc-updown-15m-1766177100,1766177100,2025-12,1
btc-updown-15m-1766187900,1766187900,2025-12,1
btc-updown-15m-1766197800,1766197800,2025-12,0
btc-updown-15m-1766209500,1766209500,2025-12,1
btc-updown-15m-1766220300,1766220300,2025-12,1
btc-updown-15m-1766231100,1766231100,2025-12,0
btc-updown-15m-1766241000,1766241000,2025-12,0
btc-updown-15m-1766251800,1766251800,2025-12,1
btc-updown-15m-1766262600,1766262600,2025-12,1
btc-updown-15m-1766273400,1766273400,2025-12,0
btc-updown-15m-1766283300,1766283300,2025-12,1
btc-updown-15m-1766294100,1766294100,2025-12,0
btc-updown-15m-1766304900,1766304900,2025-12,0
btc-updown-15m-1766314800,1766314800,2025-12,1
btc-updown-15m-1766325600,1766325600,2025-12,0
btc-updown-15m-1766336400,1766336400,2025-12,0
btc-updown-15m-1766347200,1766347200,2025-12,1
btc-updown-15m-1766357100,1766357100,2025-12,0
btc-updown-15m-1766367900,1766367900,2025-12,1
btc-updown-15m-1766378700,1766378700,2025-12,1
btc-updown-15m-1766389500,1766389500,2025-12,0
btc-updown-15m-1766399400,1766399400,2025-12,0
btc-updown-15m-1766410200,1766410200,2025-12,1
btc-updown-15m-1766421000,1766421000,2025-12,1
btc-updown-15m-1766430900,1766430900,2025-12,1
btc-updown-15m-1766441700,1766441700,2025-12,0
btc-updown-15m-1766452500,1766452500,2025-12,1
btc-updown-15m-1766463300,1766463300,2025-12,1
btc-updown-15m-1766473200,1766473200,2025-12,0
btc-updown-15m-1766484000,1766484000,2025-12,0
btc-updown-15m-1766494800,1766494800,2025-12,1
btc-updown-15m-1766505600,1766505600,2025-12,0
btc-updown-15m-1766515500,1766515500,2025-12,1
btc-updown-15m-1766526300,1766526300,2025-12,0
btc-updown-15m-1766537100,1766537100,2025-12,0
btc-updown-15m-1766547000,1766547000,2025-12,0
btc-updown-15m-1766557800,1766557800,2025-12,0
btc-updown-15m-1766568600,1766568600,2025-12,1
btc-updown-15m-1766579400,1766579400,2025-12,0
btc-updown-15m-1766589300,1766589300,2025-12,1
btc-updown-15m-1766600100,1766600100,2025-12,0
btc-updown-15m-1766610900,1766610900,2025-12,0
btc-updown-15m-1766621700,1766621700,2025-12,1
btc-updown-15m-1766631600,1766631600,2025-12,1
btc-updown-15m-1766642400,1766642400,2025-12,1
btc-updown-15m-1766653200,1766653200,2025-12,1
btc-updown-15m-1766663100,1766663100,2025-12,1
btc-updown-15m-1766673900,1766673900,2025-12,0
btc-updown-15m-1766684700,1766684700,2025-12,0
btc-updown-15m-1766695500,1766695500,2025-12,0
btc-updown-15m-1766705400,1766705400,2025-12,1
btc-updown-15m-1766716200,1766716200,2025-12,0
btc-updown-15m-1766727000,1766727000,2025-12,1
btc-updown-15m-1766737800,1766737800,2025-12,1
btc-updown-15m-1766747700,1766747700,2025-12,1
btc-updown-15m-1766758500,1766758500,2025-12,0
btc-updown-15m-1766769300,1766769300,2025-12,0
btc-updown-15m-1766779200,1766779200,2025-12,0
btc-updown-15m-1766790000,1766790000,2025-12,1
btc-updown-15m-1766800800,1766800800,2025-12,1
btc-updown-15m-1766811600,1766811600,2025-12,1
btc-updown-15m-1766821500,1766821500,2025-12,1
btc-updown-15m-1766832300,1766832300,2025-12,0
btc-updown-15m-1766843100,1766843100,2025-12,1
btc-updown-15m-1766853900,1766853900,2025-12,1
btc-updown-15m-1766863800,1766863800,2025-12,1
btc-updown-15m-1766874600,1766874600,2025-12,1
btc-updown-15m-1766886300,1766886300,2025-12,1
btc-updown-15m-1766896200,1766896200,2025-12,1
btc-updown-15m-1766907000,1766907000,2025-12,1
btc-updown-15m-1766917800,1766917800,2025-12,1
btc-updown-15m-1766928600,1766928600,2025-12,0
btc-updown-15m-1766938500,1766938500,2025-12,1
btc-updown-15m-1766949300,1766949300,2025-12,1
btc-updown-15m-1766960100,1766960100,2025-12,0
btc-updown-15m-1766970900,1766970900,2025-12,1
btc-updown-15m-1766980800,1766980800,2025-12,1
btc-updown-15m-1766991600,1766991600,2025-12,1
btc-updown-15m-1767002400,1767002400,2025-12,1
btc-updown-15m-1767012300,1767012300,2025-12,0
btc-updown-15m-1767023100,1767023100,2025-12,1
btc-updown-15m-1767033900,1767033900,2025-12,1
btc-updown-15m-1767044700,1767044700,2025-12,1
btc-updown-15m-1767054600,1767054600,2025-12,1
btc-updown-15m-1767065400,1767065400,2025-12,1
btc-updown-15m-1767076200,1767076200,2025-12,0
btc-updown-15m-1767087000,1767087000,2025-12,0
btc-updown-15m-1767096900,1767096900,2025-12,1
btc-updown-15m-1767107700,1767107700,2025-12,0
btc-updown-15m-1767118500,1767118500,2025-12,0
btc-updown-15m-1767128400,1767128400,2025-12,0
btc-updown-15m-1767139200,1767139200,2025-12,1
btc-updown-15m-1767150000,1767150000,2025-12,0
btc-updown-15m-1767160800,1767160800,2025-12,0
btc-updown-15m-1767170700,1767170700,2025-12,0
btc-updown-15m-1767181500,1767181500,2025-12,1
btc-updown-15m-1767192300,1767192300,2025-12,1
btc-updown-15m-1767204000,1767204000,2025-12,0
btc-updown-15m-1767213900,1767213900,2025-12,0
btc-updown-15m-1767224700,1767224700,2025-12,1
btc-updown-15m-1767225600,1767225600,2026-01,0
btc-updown-15m-1767235500,1767235500,2026-01,1
btc-updown-15m-1767246300,1767246300,2026-01,1
btc-updown-15m-1767256200,1767256200,2026-01,1
btc-updown-15m-1767267000,1767267000,2026-01,1
btc-updown-15m-1767276900,1767276900,2026-01,1
btc-updown-15m-1767286800,1767286800,2026-01,0
btc-updown-15m-1767302100,1767302100,2026-01,1
btc-updown-15m-1767313800,1767313800,2026-01,1
btc-updown-15m-1767324600,1767324600,2026-01,0
btc-updown-15m-1767334500,1767334500,2026-01,0
btc-updown-15m-1767345300,1767345300,2026-01,1
btc-updown-15m-1767355200,1767355200,2026-01,1
btc-updown-15m-1767365100,1767365100,2026-01,0
btc-updown-15m-1767375900,1767375900,2026-01,1
btc-updown-15m-1767386700,1767386700,2026-01,1
btc-updown-15m-1767401100,1767401100,2026-01,0
btc-updown-15m-1767411000,1767411000,2026-01,0
btc-updown-15m-1767420900,1767420900,2026-01,1
btc-updown-15m-1767431700,1767431700,2026-01,0
btc-updown-15m-1767441600,1767441600,2026-01,1
btc-updown-15m-1767452400,1767452400,2026-01,1
btc-updown-15m-1767462300,1767462300,2026-01,1
btc-updown-15m-1767477600,1767477600,2026-01,1
btc-updown-15m-1767489300,1767489300,2026-01,1
btc-updown-15m-1767499200,1767499200,2026-01,0
btc-updown-15m-1767510000,1767510000,2026-01,0
btc-updown-15m-1767519900,1767519900,2026-01,0
btc-updown-15m-1767529800,1767529800,2026-01,1
btc-updown-15m-1767540600,1767540600,2026-01,1
btc-updown-15m-1767551400,1767551400,2026-01,0
btc-updown-15m-1767570300,1767570300,2026-01,0
btc-updown-15m-1767580200,1767580200,2026-01,0
btc-updown-15m-1767591000,1767591000,2026-01,1
btc-updown-15m-1767600900,1767600900,2026-01,0
btc-updown-15m-1767610800,1767610800,2026-01,1
btc-updown-15m-1767621600,1767621600,2026-01,0
btc-updown-15m-1767631500,1767631500,2026-01,1
btc-updown-15m-1767643200,1767643200,2026-01,0
btc-updown-15m-1767661200,1767661200,2026-01,0
btc-updown-15m-1767671100,1767671100,2026-01,1
btc-updown-15m-1767682800,1767682800,2026-01,1
btc-updown-15m-1767692700,1767692700,2026-01,0
btc-updown-15m-1767703500,1767703500,2026-01,0
btc-updown-15m-1767713400,1767713400,2026-01,1
btc-updown-15m-1767725100,1767725100,2026-01,0
btc-updown-15m-1767735900,1767735900,2026-01,1
btc-updown-15m-1767745800,1767745800,2026-01,1
btc-updown-15m-1767756600,1767756600,2026-01,1
btc-updown-15m-1767766500,1767766500,2026-01,0
btc-updown-15m-1767776400,1767776400,2026-01,1
btc-updown-15m-1767787200,1767787200,2026-01,1
btc-updown-15m-1767797100,1767797100,2026-01,0
btc-updown-15m-1767807900,1767807900,2026-01,1
btc-updown-15m-1767818700,1767818700,2026-01,0
btc-updown-15m-1767835800,1767835800,2026-01,1
btc-updown-15m-1767845700,1767845700,2026-01,0
btc-updown-15m-1767855600,1767855600,2026-01,0
btc-updown-15m-1767866400,1767866400,2026-01,1
btc-updown-15m-1767876300,1767876300,2026-01,1
btc-updown-15m-1767887100,1767887100,2026-01,0
btc-updown-15m-1767897900,1767897900,2026-01,0
btc-updown-15m-1767909600,1767909600,2026-01,0
btc-updown-15m-1767921300,1767921300,2026-01,0
btc-updown-15m-1767931200,1767931200,2026-01,1
btc-updown-15m-1767942000,1767942000,2026-01,1
btc-updown-15m-1767955500,1767955500,2026-01,1
btc-updown-15m-1767965400,1767965400,2026-01,0
btc-updown-15m-1767976200,1767976200,2026-01,0
btc-updown-15m-1767987900,1767987900,2026-01,1
btc-updown-15m-1767998700,1767998700,2026-01,0
btc-updown-15m-1768009500,1768009500,2026-01,1
btc-updown-15m-1768019400,1768019400,2026-01,1
btc-updown-15m-1768030200,1768030200,2026-01,0
btc-updown-15m-1768040100,1768040100,2026-01,0
btc-updown-15m-1768050900,1768050900,2026-01,0
btc-updown-15m-1768060800,1768060800,2026-01,0
btc-updown-15m-1768072500,1768072500,2026-01,0
btc-updown-15m-1768082400,1768082400,2026-01,1
btc-updown-15m-1768092300,1768092300,2026-01,0
btc-updown-15m-1768103100,1768103100,2026-01,0
btc-updown-15m-1768113000,1768113000,2026-01,1
btc-updown-15m-1768123800,1768123800,2026-01,1
btc-updown-15m-1768133700,1768133700,2026-01,0
btc-updown-15m-1768143600,1768143600,2026-01,1
btc-updown-15m-1768154400,1768154400,2026-01,1
btc-updown-15m-1768169700,1768169700,2026-01,0
btc-updown-15m-1768181400,1768181400,2026-01,1
btc-updown-15m-1768191300,1768191300,2026-01,1
btc-updown-15m-1768204800,1768204800,2026-01,0
btc-updown-15m-1768218300,1768218300,2026-01,0
btc-updown-15m-1768257900,1768257900,2026-01,1
btc-updown-15m-1768270500,1768270500,2026-01,1
btc-updown-15m-1768280400,1768280400,2026-01,0
btc-updown-15m-1768291200,1768291200,2026-01,0
btc-updown-15m-1768301100,1768301100,2026-01,0
btc-updown-15m-1768311000,1768311000,2026-01,0
btc-updown-15m-1768321800,1768321800,2026-01,0
btc-updown-15m-1768331700,1768331700,2026-01,0
btc-updown-15m-1768342500,1768342500,2026-01,1
btc-updown-15m-1768356900,1768356900,2026-01,0
btc-updown-15m-1768369500,1768369500,2026-01,1
btc-updown-15m-1768383900,1768383900,2026-01,0
btc-updown-15m-1768393800,1768393800,2026-01,1
btc-updown-15m-1768404600,1768404600,2026-01,1
btc-updown-15m-1768414500,1768414500,2026-01,0
btc-updown-15m-1768424400,1768424400,2026-01,1
btc-updown-15m-1768435200,1768435200,2026-01,0
btc-updown-15m-1768445100,1768445100,2026-01,0
btc-updown-15m-1768455900,1768455900,2026-01,1
btc-updown-15m-1768465800,1768465800,2026-01,0
btc-updown-15m-1768475700,1768475700,2026-01,0
btc-updown-15m-1768486500,1768486500,2026-01,1
btc-updown-15m-1768496400,1768496400,2026-01,1
btc-updown-15m-1768507200,1768507200,2026-01,0
btc-updown-15m-1768517100,1768517100,2026-01,1
btc-updown-15m-1768527900,1768527900,2026-01,0
btc-updown-15m-1768537800,1768537800,2026-01,1
btc-updown-15m-1768547700,1768547700,2026-01,1
btc-updown-15m-1768558500,1768558500,2026-01,1
btc-updown-15m-1768568400,1768568400,2026-01,0
btc-updown-15m-1768579200,1768579200,2026-01,0
btc-updown-15m-1768589100,1768589100,2026-01,1
btc-updown-15m-1768599000,1768599000,2026-01,0
btc-updown-15m-1768609800,1768609800,2026-01,1
btc-updown-15m-1768619700,1768619700,2026-01,0
btc-updown-15m-1768630500,1768630500,2026-01,1
btc-updown-15m-1768640400,1768640400,2026-01,1
btc-updown-15m-1768650300,1768650300,2026-01,0
btc-updown-15m-1768661100,1768661100,2026-01,0
btc-updown-15m-1768671000,1768671000,2026-01,0
btc-updown-15m-1768681800,1768681800,2026-01,1
btc-updown-15m-1768691700,1768691700,2026-01,1
btc-updown-15m-1768701600,1768701600,2026-01,0
btc-updown-15m-1768712400,1768712400,2026-01,0
btc-updown-15m-1768722300,1768722300,2026-01,1
btc-updown-15m-1768733100,1768733100,2026-01,1
btc-updown-15m-1768743000,1768743000,2026-01,0
btc-updown-15m-1768753800,1768753800,2026-01,0
btc-updown-15m-1768763700,1768763700,2026-01,0
btc-updown-15m-1768773600,1768773600,2026-01,0
btc-updown-15m-1768784400,1768784400,2026-01,0
btc-updown-15m-1768794300,1768794300,2026-01,0
btc-updown-15m-1768805100,1768805100,2026-01,0
btc-updown-15m-1768815000,1768815000,2026-01,1
btc-updown-15m-1768824900,1768824900,2026-01,1
btc-updown-15m-1768835700,1768835700,2026-01,1
btc-updown-15m-1768845600,1768845600,2026-01,1
btc-updown-15m-1768856400,1768856400,2026-01,1
btc-updown-15m-1768866300,1768866300,2026-01,1
btc-updown-15m-1768876200,1768876200,2026-01,0
btc-updown-15m-1768887000,1768887000,2026-01,1
btc-updown-15m-1768896900,1768896900,2026-01,0
btc-updown-15m-1768907700,1768907700,2026-01,0
btc-updown-15m-1768917600,1768917600,2026-01,0
btc-updown-15m-1768927500,1768927500,2026-01,0
btc-updown-15m-1768938300,1768938300,2026-01,0
btc-updown-15m-1768952700,1768952700,2026-01,1
btc-updown-15m-1768963500,1768963500,2026-01,1
btc-updown-15m-1768973400,1768973400,2026-01,0
btc-updown-15m-1768984200,1768984200,2026-01,1
btc-updown-15m-1768994100,1768994100,2026-01,0
btc-updown-15m-1769006700,1769006700,2026-01,0
btc-updown-15m-1769017500,1769017500,2026-01,0
btc-updown-15m-1769027400,1769027400,2026-01,0
btc-updown-15m-1769038200,1769038200,2026-01,1
btc-updown-15m-1769048100,1769048100,2026-01,0
btc-updown-15m-1769058000,1769058000,2026-01,0
btc-updown-15m-1769068800,1769068800,2026-01,1
btc-updown-15m-1769078700,1769078700,2026-01,0
btc-updown-15m-1769089500,1769089500,2026-01,1
btc-updown-15m-1769099400,1769099400,2026-01,1
btc-updown-15m-1769109300,1769109300,2026-01,0
btc-updown-15m-1769120100,1769120100,2026-01,1
btc-updown-15m-1769130000,1769130000,2026-01,0
btc-updown-15m-1769140800,1769140800,2026-01,0
btc-updown-15m-1769150700,1769150700,2026-01,1
btc-updown-15m-1769161500,1769161500,2026-01,1
btc-updown-15m-1769171400,1769171400,2026-01,0
btc-updown-15m-1769181300,1769181300,2026-01,0
btc-updown-15m-1769192100,1769192100,2026-01,0
btc-updown-15m-1769202000,1769202000,2026-01,0
btc-updown-15m-1769212800,1769212800,2026-01,1
btc-updown-15m-1769222700,1769222700,2026-01,0
btc-updown-15m-1769232600,1769232600,2026-01,1
btc-updown-15m-1769243400,1769243400,2026-01,0
btc-updown-15m-1769253300,1769253300,2026-01,0
btc-updown-15m-1769264100,1769264100,2026-01,0
btc-updown-15m-1769274000,1769274000,2026-01,0
btc-updown-15m-1769285700,1769285700,2026-01,0
btc-updown-15m-1769296500,1769296500,2026-01,0
btc-updown-15m-1769306400,1769306400,2026-01,0
btc-updown-15m-1769317200,1769317200,2026-01,0
btc-updown-15m-1769327100,1769327100,2026-01,1
btc-updown-15m-1769337000,1769337000,2026-01,1
btc-updown-15m-1769347800,1769347800,2026-01,0
btc-updown-15m-1769357700,1769357700,2026-01,0
btc-updown-15m-1769368500,1769368500,2026-01,1
btc-updown-15m-1769378400,1769378400,2026-01,1
btc-updown-15m-1769389200,1769389200,2026-01,0
btc-updown-15m-1769399100,1769399100,2026-01,1
btc-updown-15m-1769409000,1769409000,2026-01,0
btc-updown-15m-1769419800,1769419800,2026-01,1
btc-updown-15m-1769429700,1769429700,2026-01,0
btc-updown-15m-1769440500,1769440500,2026-01,1
btc-updown-15m-1769450400,1769450400,2026-01,0
btc-updown-15m-1769460300,1769460300,2026-01,1
btc-updown-15m-1769471100,1769471100,2026-01,1
btc-updown-15m-1769481000,1769481000,2026-01,0
btc-updown-15m-1769491800,1769491800,2026-01,0
btc-updown-15m-1769501700,1769501700,2026-01,1
btc-updown-15m-1769511600,1769511600,2026-01,0
btc-updown-15m-1769522400,1769522400,2026-01,0
btc-updown-15m-1769532300,1769532300,2026-01,1
btc-updown-15m-1769543100,1769543100,2026-01,1
btc-updown-15m-1769553000,1769553000,2026-01,0
btc-updown-15m-1769562900,1769562900,2026-01,1
btc-updown-15m-1769573700,1769573700,2026-01,1
btc-updown-15m-1769583600,1769583600,2026-01,1
btc-updown-15m-1769594400,1769594400,2026-01,0
btc-updown-15m-1769604300,1769604300,2026-01,0
btc-updown-15m-1769615100,1769615100,2026-01,1
btc-updown-15m-1769625000,1769625000,2026-01,1
btc-updown-15m-1769635800,1769635800,2026-01,0
btc-updown-15m-1769646600,1769646600,2026-01,1
btc-updown-15m-1769656500,1769656500,2026-01,1
btc-updown-15m-1769667300,1769667300,2026-01,0
btc-updown-15m-1769677200,1769677200,2026-01,1
btc-updown-15m-1769687100,1769687100,2026-01,0
btc-updown-15m-1769697900,1769697900,2026-01,1
btc-updown-15m-1769707800,1769707800,2026-01,1
btc-updown-15m-1769718600,1769718600,2026-01,0
btc-updown-15m-1769728500,1769728500,2026-01,0
btc-updown-15m-1769738400,1769738400,2026-01,1
btc-updown-15m-1769749200,1769749200,2026-01,0
btc-updown-15m-1769759100,1769759100,2026-01,0
btc-updown-15m-1769769900,1769769900,2026-01,0
btc-updown-15m-1769779800,1769779800,2026-01,0
btc-updown-15m-1769789700,1769789700,2026-01,0
btc-updown-15m-1769800500,1769800500,2026-01,0
btc-updown-15m-1769810400,1769810400,2026-01,1
btc-updown-15m-1769821200,1769821200,2026-01,0
btc-updown-15m-1769831100,1769831100,2026-01,1
btc-updown-15m-1769841900,1769841900,2026-01,0
btc-updown-15m-1769851800,1769851800,2026-01,0
btc-updown-15m-1769861700,1769861700,2026-01,0
btc-updown-15m-1769872500,1769872500,2026-01,0
btc-updown-15m-1769882400,1769882400,2026-01,1
btc-updown-15m-1769893200,1769893200,2026-01,1
btc-updown-15m-1769903100,1769903100,2026-01,1
btc-updown-15m-1769904000,1769904000,2026-02,0
btc-updown-15m-1769913900,1769913900,2026-02,0
btc-updown-15m-1769923800,1769923800,2026-02,1
btc-updown-15m-1769932800,1769932800,2026-02,0
btc-updown-15m-1769942700,1769942700,2026-02,1
btc-updown-15m-1769952600,1769952600,2026-02,1
btc-updown-15m-1769962500,1769962500,2026-02,1
btc-updown-15m-1769972400,1769972400,2026-02,1
btc-updown-15m-1769981400,1769981400,2026-02,1
btc-updown-15m-1769991300,1769991300,2026-02,0
btc-updown-15m-1770001200,1770001200,2026-02,1
btc-updown-15m-1770011100,1770011100,2026-02,0
btc-updown-15m-1770020100,1770020100,2026-02,1
btc-updown-15m-1770030000,1770030000,2026-02,0
btc-updown-15m-1770039900,1770039900,2026-02,0
btc-updown-15m-1770049800,1770049800,2026-02,1
btc-updown-15m-1770059700,1770059700,2026-02,1
btc-updown-15m-1770068700,1770068700,2026-02,0
btc-updown-15m-1770078600,1770078600,2026-02,0
btc-updown-15m-1770088500,1770088500,2026-02,0
btc-updown-15m-1770098400,1770098400,2026-02,1
btc-updown-15m-1770108300,1770108300,2026-02,1
btc-updown-15m-1770117300,1770117300,2026-02,1
btc-updown-15m-1770127200,1770127200,2026-02,0
btc-updown-15m-1770137100,1770137100,2026-02,1
btc-updown-15m-1770147000,1770147000,2026-02,1
btc-updown-15m-1770156900,1770156900,2026-02,0
btc-updown-15m-1770165900,1770165900,2026-02,1
btc-updown-15m-1770175800,1770175800,2026-02,0
btc-updown-15m-1770185700,1770185700,2026-02,1
btc-updown-15m-1770195600,1770195600,2026-02,1
btc-updown-15m-1770205500,1770205500,2026-02,1
btc-updown-15m-1770214500,1770214500,2026-02,1
btc-updown-15m-1770224400,1770224400,2026-02,1
btc-updown-15m-1770234300,1770234300,2026-02,0
btc-updown-15m-1770244200,1770244200,2026-02,1
btc-updown-15m-1770253200,1770253200,2026-02,0
btc-updown-15m-1770263100,1770263100,2026-02,1
btc-updown-15m-1770273000,1770273000,2026-02,0
btc-updown-15m-1770282900,1770282900,2026-02,1
btc-updown-15m-1770292800,1770292800,2026-02,1
btc-updown-15m-1770301800,1770301800,2026-02,0
btc-updown-15m-1770311700,1770311700,2026-02,0
btc-updown-15m-1770321600,1770321600,2026-02,1
btc-updown-15m-1770331500,1770331500,2026-02,1
btc-updown-15m-1770341400,1770341400,2026-02,0
btc-updown-15m-1770350400,1770350400,2026-02,0
btc-updown-15m-1770360300,1770360300,2026-02,1
btc-updown-15m-1770370200,1770370200,2026-02,0
btc-updown-15m-1770380100,1770380100,2026-02,1
btc-updown-15m-1770390000,1770390000,2026-02,1
btc-updown-15m-1770399000,1770399000,2026-02,0
btc-updown-15m-1770408900,1770408900,2026-02,0
btc-updown-15m-1770418800,1770418800,2026-02,1
btc-updown-15m-1770428700,1770428700,2026-02,0
btc-updown-15m-1770438600,1770438600,2026-02,1
btc-updown-15m-1770447600,1770447600,2026-02,1
btc-updown-15m-1770457500,1770457500,2026-02,0
btc-updown-15m-1770467400,1770467400,2026-02,1
btc-updown-15m-1770477300,1770477300,2026-02,0
btc-updown-15m-1770486300,1770486300,2026-02,1
btc-updown-15m-1770496200,1770496200,2026-02,0
btc-updown-15m-1770506100,1770506100,2026-02,1
btc-updown-15m-1770516000,1770516000,2026-02,0
btc-updown-15m-1770525900,1770525900,2026-02,0
btc-updown-15m-1770534900,1770534900,2026-02,0
btc-updown-15m-1770544800,1770544800,2026-02,0
btc-updown-15m-1770554700,1770554700,2026-02,0
btc-updown-15m-1770564600,1770564600,2026-02,0
btc-updown-15m-1770574500,1770574500,2026-02,0
btc-updown-15m-1770583500,1770583500,2026-02,1
btc-updown-15m-1770593400,1770593400,2026-02,1
btc-updown-15m-1770603300,1770603300,2026-02,0
btc-updown-15m-1770613200,1770613200,2026-02,1
btc-updown-15m-1770623100,1770623100,2026-02,1
btc-updown-15m-1770632100,1770632100,2026-02,1
btc-updown-15m-1770642000,1770642000,2026-02,0
btc-updown-15m-1770651900,1770651900,2026-02,0
btc-updown-15m-1770661800,1770661800,2026-02,0
btc-updown-15m-1770671700,1770671700,2026-02,1
btc-updown-15m-1770680700,1770680700,2026-02,1
btc-updown-15m-1770690600,1770690600,2026-02,1
btc-updown-15m-1770700500,1770700500,2026-02,1
btc-updown-15m-1770710400,1770710400,2026-02,1
btc-updown-15m-1770719400,1770719400,2026-02,1
btc-updown-15m-1770729300,1770729300,2026-02,0
btc-updown-15m-1770739200,1770739200,2026-02,0
btc-updown-15m-1770749100,1770749100,2026-02,1
btc-updown-15m-1770759000,1770759000,2026-02,1
btc-updown-15m-1770768000,1770768000,2026-02,1
btc-updown-15m-1770777900,1770777900,2026-02,1
btc-updown-15m-1770787800,1770787800,2026-02,1
btc-updown-15m-1770797700,1770797700,2026-02,0
btc-updown-15m-1770807600,1770807600,2026-02,0
btc-updown-15m-1770816600,1770816600,2026-02,0
btc-updown-15m-1770826500,1770826500,2026-02,1
btc-updown-15m-1770836400,1770836400,2026-02,0
btc-updown-15m-1770846300,1770846300,2026-02,1
btc-updown-15m-1770856200,1770856200,2026-02,0
btc-updown-15m-1770865200,1770865200,2026-02,0
btc-updown-15m-1770875100,1770875100,2026-02,0
btc-updown-15m-1770885000,1770885000,2026-02,0
btc-updown-15m-1770894900,1770894900,2026-02,0
btc-updown-15m-1770903900,1770903900,2026-02,0
btc-updown-15m-1770913800,1770913800,2026-02,0
btc-updown-15m-1770923700,1770923700,2026-02,0
btc-updown-15m-1770933600,1770933600,2026-02,1
btc-updown-15m-1770943500,1770943500,2026-02,1
btc-updown-15m-1770952500,1770952500,2026-02,0
btc-updown-15m-1770962400,1770962400,2026-02,0
btc-updown-15m-1770972300,1770972300,2026-02,0
btc-updown-15m-1770982200,1770982200,2026-02,0
btc-updown-15m-1770992100,1770992100,2026-02,0
btc-updown-15m-1771001100,1771001100,2026-02,1
btc-updown-15m-1771011000,1771011000,2026-02,1
btc-updown-15m-1771020900,1771020900,2026-02,0
btc-updown-15m-1771030800,1771030800,2026-02,0
btc-updown-15m-1771040700,1771040700,2026-02,0
btc-updown-15m-1771049700,1771049700,2026-02,0
btc-updown-15m-1771059600,1771059600,2026-02,1
btc-updown-15m-1771069500,1771069500,2026-02,0
btc-updown-15m-1771079400,1771079400,2026-02,0
btc-updown-15m-1771089300,1771089300,2026-02,1
btc-updown-15m-1771098300,1771098300,2026-02,0
btc-updown-15m-1771108200,1771108200,2026-02,0
btc-updown-15m-1771118100,1771118100,2026-02,1
btc-updown-15m-1771128000,1771128000,2026-02,0
btc-updown-15m-1771137000,1771137000,2026-02,1
btc-updown-15m-1771146900,1771146900,2026-02,0
btc-updown-15m-1771156800,1771156800,2026-02,1
btc-updown-15m-1771166700,1771166700,2026-02,1
btc-updown-15m-1771176600,1771176600,2026-02,1
btc-updown-15m-1771185600,1771185600,2026-02,0
btc-updown-15m-1771195500,1771195500,2026-02,1
btc-updown-15m-1771205400,1771205400,2026-02,1
btc-updown-15m-1771215300,1771215300,2026-02,0
btc-updown-15m-1771225200,1771225200,2026-02,0
btc-updown-15m-1771234200,1771234200,2026-02,0
btc-updown-15m-1771244100,1771244100,2026-02,0
btc-updown-15m-1771254000,1771254000,2026-02,1
btc-updown-15m-1771263900,1771263900,2026-02,1
btc-updown-15m-1771273800,1771273800,2026-02,0
btc-updown-15m-1771282800,1771282800,2026-02,0
btc-updown-15m-1771292700,1771292700,2026-02,1
btc-updown-15m-1771302600,1771302600,2026-02,1
btc-updown-15m-1771312500,1771312500,2026-02,1
btc-updown-15m-1771322400,1771322400,2026-02,1
btc-updown-15m-1771331400,1771331400,2026-02,0
btc-updown-15m-1771341300,1771341300,2026-02,0
btc-updown-15m-1771351200,1771351200,2026-02,0
btc-updown-15m-1771361100,1771361100,2026-02,1
btc-updown-15m-1771370100,1771370100,2026-02,1
btc-updown-15m-1771380000,1771380000,2026-02,0
btc-updown-15m-1771389900,1771389900,2026-02,0
btc-updown-15m-1771399800,1771399800,2026-02,0
btc-updown-15m-1771409700,1771409700,2026-02,1
btc-updown-15m-1771418700,1771418700,2026-02,1
btc-updown-15m-1771428600,1771428600,2026-02,0
btc-updown-15m-1771438500,1771438500,2026-02,1
btc-updown-15m-1771448400,1771448400,2026-02,1
btc-updown-15m-1771458300,1771458300,2026-02,1
btc-updown-15m-1771467300,1771467300,2026-02,0
btc-updown-15m-1771477200,1771477200,2026-02,1
btc-updown-15m-1771487100,1771487100,2026-02,0
btc-updown-15m-1771497000,1771497000,2026-02,0
btc-updown-15m-1771506900,1771506900,2026-02,1
btc-updown-15m-1771515900,1771515900,2026-02,1
btc-updown-15m-1771525800,1771525800,2026-02,0
btc-updown-15m-1771535700,1771535700,2026-02,0
btc-updown-15m-1771545600,1771545600,2026-02,0
btc-updown-15m-1771554600,1771554600,2026-02,0
btc-updown-15m-1771564500,1771564500,2026-02,0
btc-updown-15m-1771574400,1771574400,2026-02,0
btc-updown-15m-1771584300,1771584300,2026-02,1
btc-updown-15m-1771594200,1771594200,2026-02,1
btc-updown-15m-1771603200,1771603200,2026-02,0
btc-updown-15m-1771613100,1771613100,2026-02,0
btc-updown-15m-1771623000,1771623000,2026-02,0
btc-updown-15m-1771632900,1771632900,2026-02,1
btc-updown-15m-1771642800,1771642800,2026-02,1
btc-updown-15m-1771651800,1771651800,2026-02,1
btc-updown-15m-1771661700,1771661700,2026-02,0
btc-updown-15m-1771671600,1771671600,2026-02,0
btc-updown-15m-1771681500,1771681500,2026-02,0
btc-updown-15m-1771691400,1771691400,2026-02,0
btc-updown-15m-1771700400,1771700400,2026-02,0
btc-updown-15m-1771710300,1771710300,2026-02,0
btc-updown-15m-1771720200,1771720200,2026-02,1
btc-updown-15m-1771730100,1771730100,2026-02,1
btc-updown-15m-1771740000,1771740000,2026-02,0
btc-updown-15m-1771749000,1771749000,2026-02,1
btc-updown-15m-1771758900,1771758900,2026-02,0
btc-updown-15m-1771768800,1771768800,2026-02,0
btc-updown-15m-1771778700,1771778700,2026-02,0
btc-updown-15m-1771787700,1771787700,2026-02,0
btc-updown-15m-1771797600,1771797600,2026-02,1
btc-updown-15m-1771807500,1771807500,2026-02,1
btc-updown-15m-1771817400,1771817400,2026-02,0
btc-updown-15m-1771827300,1771827300,2026-02,1
btc-updown-15m-1771836300,1771836300,2026-02,0
btc-updown-15m-1771846200,1771846200,2026-02,1
btc-updown-15m-1771856100,1771856100,2026-02,1
btc-updown-15m-1771866000,1771866000,2026-02,1
btc-updown-15m-1771875900,1771875900,2026-02,0
btc-updown-15m-1771884900,1771884900,2026-02,1
btc-updown-15m-1771894800,1771894800,2026-02,1
btc-updown-15m-1771904700,1771904700,2026-02,1
btc-updown-15m-1771914600,1771914600,2026-02,0
btc-updown-15m-1771924500,1771924500,2026-02,1
btc-updown-15m-1771933500,1771933500,2026-02,0
btc-updown-15m-1771943400,1771943400,2026-02,0
btc-updown-15m-1771953300,1771953300,2026-02,1
btc-updown-15m-1771963200,1771963200,2026-02,1
btc-updown-15m-1771973100,1771973100,2026-02,0
btc-updown-15m-1771982100,1771982100,2026-02,0
btc-updown-15m-1771992000,1771992000,2026-02,0
btc-updown-15m-1772001900,1772001900,2026-02,1
btc-updown-15m-1772011800,1772011800,2026-02,1
btc-updown-15m-1772020800,1772020800,2026-02,0
btc-updown-15m-1772030700,1772030700,2026-02,0
btc-updown-15m-1772040600,1772040600,2026-02,0
btc-updown-15m-1772050500,1772050500,2026-02,0
btc-updown-15m-1772060400,1772060400,2026-02,0
btc-updown-15m-1772069400,1772069400,2026-02,1
btc-updown-15m-1772079300,1772079300,2026-02,0
btc-updown-15m-1772089200,1772089200,2026-02,0
btc-updown-15m-1772099100,1772099100,2026-02,0
btc-updown-15m-1772109000,1772109000,2026-02,1
btc-updown-15m-1772118000,1772118000,2026-02,1
btc-updown-15m-1772127900,1772127900,2026-02,0
btc-updown-15m-1772137800,1772137800,2026-02,1
btc-updown-15m-1772147700,1772147700,2026-02,0
btc-updown-15m-1772157600,1772157600,2026-02,1
btc-updown-15m-1772166600,1772166600,2026-02,1
btc-updown-15m-1772176500,1772176500,2026-02,1
btc-updown-15m-1772186400,1772186400,2026-02,1
btc-updown-15m-1772196300,1772196300,2026-02,0
btc-updown-15m-1772206200,1772206200,2026-02,1
btc-updown-15m-1772215200,1772215200,2026-02,1
btc-updown-15m-1772225100,1772225100,2026-02,1
btc-updown-15m-1772235000,1772235000,2026-02,1
btc-updown-15m-1772244900,1772244900,2026-02,0
btc-updown-15m-1772253900,1772253900,2026-02,0
btc-updown-15m-1772263800,1772263800,2026-02,0
btc-updown-15m-1772273700,1772273700,2026-02,0
btc-updown-15m-1772283600,1772283600,2026-02,0
btc-updown-15m-1772293500,1772293500,2026-02,0
btc-updown-15m-1772302500,1772302500,2026-02,1
btc-updown-15m-1772312400,1772312400,2026-02,1
btc-updown-15m-1772322300,1772322300,2026-02,0
btc-updown-15m-1772323200,1772323200,2026-03,1
btc-updown-15m-1772334000,1772334000,2026-03,0
btc-updown-15m-1772344800,1772344800,2026-03,1
btc-updown-15m-1772355600,1772355600,2026-03,0
btc-updown-15m-1772366400,1772366400,2026-03,0
btc-updown-15m-1772377200,1772377200,2026-03,0
btc-updown-15m-1772388000,1772388000,2026-03,0
btc-updown-15m-1772398800,1772398800,2026-03,0
btc-updown-15m-1772409600,1772409600,2026-03,0
btc-updown-15m-1772420400,1772420400,2026-03,0
btc-updown-15m-1772430300,1772430300,2026-03,1
btc-updown-15m-1772441100,1772441100,2026-03,0
btc-updown-15m-1772451900,1772451900,2026-03,0
btc-updown-15m-1772462700,1772462700,2026-03,0
btc-updown-15m-1772473500,1772473500,2026-03,0
btc-updown-15m-1772484300,1772484300,2026-03,1
btc-updown-15m-1772495100,1772495100,2026-03,0
btc-updown-15m-1772505900,1772505900,2026-03,0
btc-updown-15m-1772516700,1772516700,2026-03,1
btc-updown-15m-1772527500,1772527500,2026-03,1
btc-updown-15m-1772538300,1772538300,2026-03,1
btc-updown-15m-1772549100,1772549100,2026-03,0
btc-updown-15m-1772559900,1772559900,2026-03,0
btc-updown-15m-1772570700,1772570700,2026-03,1
btc-updown-15m-1772581500,1772581500,2026-03,1
btc-updown-15m-1772592300,1772592300,2026-03,0
btc-updown-15m-1772603100,1772603100,2026-03,1
btc-updown-15m-1772613900,1772613900,2026-03,0
btc-updown-15m-1772624700,1772624700,2026-03,0
btc-updown-15m-1772634600,1772634600,2026-03,1
btc-updown-15m-1772645400,1772645400,2026-03,0
btc-updown-15m-1772656200,1772656200,2026-03,0
btc-updown-15m-1772667000,1772667000,2026-03,0
btc-updown-15m-1772677800,1772677800,2026-03,1
btc-updown-15m-1772688600,1772688600,2026-03,1
btc-updown-15m-1772699400,1772699400,2026-03,0
btc-updown-15m-1772710200,1772710200,2026-03,1
btc-updown-15m-1772721000,1772721000,2026-03,1
btc-updown-15m-1772731800,1772731800,2026-03,1
btc-updown-15m-1772742600,1772742600,2026-03,1
btc-updown-15m-1772753400,1772753400,2026-03,1
btc-updown-15m-1772764200,1772764200,2026-03,0
btc-updown-15m-1772775000,1772775000,2026-03,1
btc-updown-15m-1772785800,1772785800,2026-03,1
btc-updown-15m-1772796600,1772796600,2026-03,1
btc-updown-15m-1772807400,1772807400,2026-03,1
btc-updown-15m-1772818200,1772818200,2026-03,1
btc-updown-15m-1772829000,1772829000,2026-03,0
btc-updown-15m-1772838900,1772838900,2026-03,0
btc-updown-15m-1772849700,1772849700,2026-03,1
btc-updown-15m-1772860500,1772860500,2026-03,0
btc-updown-15m-1772871300,1772871300,2026-03,0
btc-updown-15m-1772882100,1772882100,2026-03,1
btc-updown-15m-1772892900,1772892900,2026-03,0
btc-updown-15m-1772903700,1772903700,2026-03,0
btc-updown-15m-1772914500,1772914500,2026-03,0
btc-updown-15m-1772925300,1772925300,2026-03,0
btc-updown-15m-1772936100,1772936100,2026-03,1
btc-updown-15m-1772946900,1772946900,2026-03,0
btc-updown-15m-1772957700,1772957700,2026-03,0
btc-updown-15m-1772968500,1772968500,2026-03,0
btc-updown-15m-1772979300,1772979300,2026-03,1
btc-updown-15m-1772990100,1772990100,2026-03,1
btc-updown-15m-1773000900,1773000900,2026-03,1
btc-updown-15m-1773011700,1773011700,2026-03,0
btc-updown-15m-1773022500,1773022500,2026-03,1
btc-updown-15m-1773033300,1773033300,2026-03,0
btc-updown-15m-1773044100,1773044100,2026-03,0
btc-updown-15m-1773054000,1773054000,2026-03,0
btc-updown-15m-1773064800,1773064800,2026-03,1
btc-updown-15m-1773075600,1773075600,2026-03,0
btc-updown-15m-1773086400,1773086400,2026-03,0
btc-updown-15m-1773097200,1773097200,2026-03,0
btc-updown-15m-1773108000,1773108000,2026-03,1
btc-updown-15m-1773118800,1773118800,2026-03,0
btc-updown-15m-1773129600,1773129600,2026-03,0
btc-updown-15m-1773140400,1773140400,2026-03,1
btc-updown-15m-1773151200,1773151200,2026-03,1
btc-updown-15m-1773162000,1773162000,2026-03,1
btc-updown-15m-1773172800,1773172800,2026-03,0
btc-updown-15m-1773183600,1773183600,2026-03,0
btc-updown-15m-1773194400,1773194400,2026-03,1
btc-updown-15m-1773205200,1773205200,2026-03,1
btc-updown-15m-1773216000,1773216000,2026-03,1
btc-updown-15m-1773226800,1773226800,2026-03,1
btc-updown-15m-1773237600,1773237600,2026-03,0
btc-updown-15m-1773248400,1773248400,2026-03,0
btc-updown-15m-1773258300,1773258300,2026-03,1
btc-updown-15m-1773269100,1773269100,2026-03,0
btc-updown-15m-1773279900,1773279900,2026-03,1
btc-updown-15m-1773290700,1773290700,2026-03,1
btc-updown-15m-1773301500,1773301500,2026-03,0
btc-updown-15m-1773312300,1773312300,2026-03,0
btc-updown-15m-1773323100,1773323100,2026-03,1
btc-updown-15m-1773333900,1773333900,2026-03,0
btc-updown-15m-1773344700,1773344700,2026-03,0
btc-updown-15m-1773355500,1773355500,2026-03,0
btc-updown-15m-1773366300,1773366300,2026-03,0
btc-updown-15m-1773377100,1773377100,2026-03,1
btc-updown-15m-1773387900,1773387900,2026-03,0
btc-updown-15m-1773398700,1773398700,2026-03,1
btc-updown-15m-1773409500,1773409500,2026-03,0
btc-updown-15m-1773420300,1773420300,2026-03,0
btc-updown-15m-1773431100,1773431100,2026-03,0
btc-updown-15m-1773441900,1773441900,2026-03,0
btc-updown-15m-1773452700,1773452700,2026-03,0
btc-updown-15m-1773462600,1773462600,2026-03,0
btc-updown-15m-1773473400,1773473400,2026-03,1
btc-updown-15m-1773484200,1773484200,2026-03,0
btc-updown-15m-1773495000,1773495000,2026-03,1
btc-updown-15m-1773505800,1773505800,2026-03,1
btc-updown-15m-1773516600,1773516600,2026-03,0
btc-updown-15m-1773527400,1773527400,2026-03,0
btc-updown-15m-1773538200,1773538200,2026-03,1
btc-updown-15m-1773549000,1773549000,2026-03,0
btc-updown-15m-1773559800,1773559800,2026-03,1
btc-updown-15m-1773570600,1773570600,2026-03,1
btc-updown-15m-1773581400,1773581400,2026-03,1
btc-updown-15m-1773592200,1773592200,2026-03,0
btc-updown-15m-1773603000,1773603000,2026-03,1
btc-updown-15m-1773613800,1773613800,2026-03,0
btc-updown-15m-1773624600,1773624600,2026-03,1
btc-updown-15m-1773635400,1773635400,2026-03,0
btc-updown-15m-1773646200,1773646200,2026-03,1
btc-updown-15m-1773657000,1773657000,2026-03,1
btc-updown-15m-1773666900,1773666900,2026-03,1
btc-updown-15m-1773677700,1773677700,2026-03,0
btc-updown-15m-1773688500,1773688500,2026-03,1
btc-updown-15m-1773699300,1773699300,2026-03,1
btc-updown-15m-1773710100,1773710100,2026-03,0
btc-updown-15m-1773720900,1773720900,2026-03,1
btc-updown-15m-1773731700,1773731700,2026-03,0
btc-updown-15m-1773742500,1773742500,2026-03,0
btc-updown-15m-1773753300,1773753300,2026-03,1
btc-updown-15m-1773764100,1773764100,2026-03,0
btc-updown-15m-1773774900,1773774900,2026-03,1
btc-updown-15m-1773785700,1773785700,2026-03,1
btc-updown-15m-1773796500,1773796500,2026-03,0
btc-updown-15m-1773807300,1773807300,2026-03,1
btc-updown-15m-1773818100,1773818100,2026-03,1
btc-updown-15m-1773828900,1773828900,2026-03,1
btc-updown-15m-1773839700,1773839700,2026-03,0
btc-updown-15m-1773850500,1773850500,2026-03,1
btc-updown-15m-1773861300,1773861300,2026-03,1
btc-updown-15m-1773871200,1773871200,2026-03,1
btc-updown-15m-1773882000,1773882000,2026-03,1
btc-updown-15m-1773892800,1773892800,2026-03,1
btc-updown-15m-1773903600,1773903600,2026-03,1
btc-updown-15m-1773914400,1773914400,2026-03,1
btc-updown-15m-1773925200,1773925200,2026-03,1
btc-updown-15m-1773936000,1773936000,2026-03,1
btc-updown-15m-1773946800,1773946800,2026-03,0
btc-updown-15m-1773957600,1773957600,2026-03,0
btc-updown-15m-1773968400,1773968400,2026-03,0
btc-updown-15m-1773979200,1773979200,2026-03,0
btc-updown-15m-1773990000,1773990000,2026-03,1
btc-updown-15m-1774000800,1774000800,2026-03,1
btc-updown-15m-1774011600,1774011600,2026-03,1
btc-updown-15m-1774022400,1774022400,2026-03,0
btc-updown-15m-1774033200,1774033200,2026-03,0
btc-updown-15m-1774044000,1774044000,2026-03,0
btc-updown-15m-1774054800,1774054800,2026-03,1
btc-updown-15m-1774065600,1774065600,2026-03,0
btc-updown-15m-1774075500,1774075500,2026-03,1
btc-updown-15m-1774086300,1774086300,2026-03,0
btc-updown-15m-1774097100,1774097100,2026-03,1
btc-updown-15m-1774107900,1774107900,2026-03,0
btc-updown-15m-1774118700,1774118700,2026-03,1
btc-updown-15m-1774129500,1774129500,2026-03,0
btc-updown-15m-1774140300,1774140300,2026-03,1
btc-updown-15m-1774151100,1774151100,2026-03,1
btc-updown-15m-1774161900,1774161900,2026-03,1
btc-updown-15m-1774172700,1774172700,2026-03,0
btc-updown-15m-1774183500,1774183500,2026-03,0
btc-updown-15m-1774194300,1774194300,2026-03,0
btc-updown-15m-1774205100,1774205100,2026-03,0
btc-updown-15m-1774215900,1774215900,2026-03,0
btc-updown-15m-1774226700,1774226700,2026-03,1
btc-updown-15m-1774237500,1774237500,2026-03,1
btc-updown-15m-1774248300,1774248300,2026-03,0
btc-updown-15m-1774259100,1774259100,2026-03,0
btc-updown-15m-1774269900,1774269900,2026-03,0
btc-updown-15m-1774279800,1774279800,2026-03,1
btc-updown-15m-1774290600,1774290600,2026-03,0
btc-updown-15m-1774301400,1774301400,2026-03,0
btc-updown-15m-1774312200,1774312200,2026-03,1
btc-updown-15m-1774323000,1774323000,2026-03,1
btc-updown-15m-1774333800,1774333800,2026-03,0
btc-updown-15m-1774344600,1774344600,2026-03,0
btc-updown-15m-1774355400,1774355400,2026-03,1
btc-updown-15m-1774366200,1774366200,2026-03,0
btc-updown-15m-1774377000,1774377000,2026-03,0
btc-updown-15m-1774387800,1774387800,2026-03,0
btc-updown-15m-1774398600,1774398600,2026-03,0
btc-updown-15m-1774409400,1774409400,2026-03,0
btc-updown-15m-1774420200,1774420200,2026-03,1
btc-updown-15m-1774431000,1774431000,2026-03,1
btc-updown-15m-1774441800,1774441800,2026-03,0
btc-updown-15m-1774452600,1774452600,2026-03,1
btc-updown-15m-1774463400,1774463400,2026-03,1
btc-updown-15m-1774474200,1774474200,2026-03,0
btc-updown-15m-1774485000,1774485000,2026-03,0
btc-updown-15m-1774494900,1774494900,2026-03,1
btc-updown-15m-1774505700,1774505700,2026-03,1
btc-updown-15m-1774516500,1774516500,2026-03,1
btc-updown-15m-1774527300,1774527300,2026-03,0
btc-updown-15m-1774538100,1774538100,2026-03,0
btc-updown-15m-1774548900,1774548900,2026-03,1
btc-updown-15m-1774559700,1774559700,2026-03,0
btc-updown-15m-1774570500,1774570500,2026-03,1
btc-updown-15m-1774581300,1774581300,2026-03,0
btc-updown-15m-1774592100,1774592100,2026-03,0
btc-updown-15m-1774602900,1774602900,2026-03,0
btc-updown-15m-1774613700,1774613700,2026-03,1
btc-updown-15m-1774624500,1774624500,2026-03,0
btc-updown-15m-1774635300,1774635300,2026-03,0
btc-updown-15m-1774646100,1774646100,2026-03,0
btc-updown-15m-1774656900,1774656900,2026-03,0
btc-updown-15m-1774667700,1774667700,2026-03,0
btc-updown-15m-1774678500,1774678500,2026-03,0
btc-updown-15m-1774689300,1774689300,2026-03,0
btc-updown-15m-1774699200,1774699200,2026-03,0
btc-updown-15m-1774710000,1774710000,2026-03,0
btc-updown-15m-1774720800,1774720800,2026-03,0
btc-updown-15m-1774731600,1774731600,2026-03,1
btc-updown-15m-1774742400,1774742400,2026-03,0
btc-updown-15m-1774753200,1774753200,2026-03,1
btc-updown-15m-1774764000,1774764000,2026-03,0
btc-updown-15m-1774774800,1774774800,2026-03,1
btc-updown-15m-1774785600,1774785600,2026-03,1
btc-updown-15m-1774796400,1774796400,2026-03,0
btc-updown-15m-1774807200,1774807200,2026-03,0
btc-updown-15m-1774818000,1774818000,2026-03,1
btc-updown-15m-1774828800,1774828800,2026-03,1
btc-updown-15m-1774839600,1774839600,2026-03,1
btc-updown-15m-1774850400,1774850400,2026-03,1
btc-updown-15m-1774861200,1774861200,2026-03,1
btc-updown-15m-1774872000,1774872000,2026-03,0
btc-updown-15m-1774882800,1774882800,2026-03,1
btc-updown-15m-1774893600,1774893600,2026-03,1
btc-updown-15m-1774903500,1774903500,2026-03,1
btc-updown-15m-1774914300,1774914300,2026-03,0
btc-updown-15m-1774925100,1774925100,2026-03,1
btc-updown-15m-1774935900,1774935900,2026-03,0
btc-updown-15m-1774946700,1774946700,2026-03,1
btc-updown-15m-1774957500,1774957500,2026-03,1
btc-updown-15m-1774968300,1774968300,2026-03,1
btc-updown-15m-1774979100,1774979100,2026-03,1
btc-updown-15m-1774989900,1774989900,2026-03,0
btc-updown-15m-1775000700,1775000700,2026-03,1
btc-updown-15m-1775001600,1775001600,2026-04,1
btc-updown-15m-1775012400,1775012400,2026-04,0
btc-updown-15m-1775022300,1775022300,2026-04,1
btc-updown-15m-1775033100,1775033100,2026-04,1
btc-updown-15m-1775043000,1775043000,2026-04,0
btc-updown-15m-1775053800,1775053800,2026-04,1
btc-updown-15m-1775063700,1775063700,2026-04,1
btc-updown-15m-1775074500,1775074500,2026-04,1
btc-updown-15m-1775084400,1775084400,2026-04,0
btc-updown-15m-1775095200,1775095200,2026-04,1
btc-updown-15m-1775106000,1775106000,2026-04,0
btc-updown-15m-1775115900,1775115900,2026-04,0
btc-updown-15m-1775126700,1775126700,2026-04,1
btc-updown-15m-1775136600,1775136600,2026-04,1
btc-updown-15m-1775147400,1775147400,2026-04,0
btc-updown-15m-1775157300,1775157300,2026-04,1
btc-updown-15m-1775168100,1775168100,2026-04,0
btc-updown-15m-1775178900,1775178900,2026-04,0
btc-updown-15m-1775188800,1775188800,2026-04,0
btc-updown-15m-1775199600,1775199600,2026-04,0
btc-updown-15m-1775209500,1775209500,2026-04,1
btc-updown-15m-1775220300,1775220300,2026-04,1
btc-updown-15m-1775230200,1775230200,2026-04,1
btc-updown-15m-1775241000,1775241000,2026-04,1
btc-updown-15m-1775250900,1775250900,2026-04,1
btc-updown-15m-1775261700,1775261700,2026-04,0
btc-updown-15m-1775272500,1775272500,2026-04,1
btc-updown-15m-1775282400,1775282400,2026-04,0
btc-updown-15m-1775293200,1775293200,2026-04,0
btc-updown-15m-1775303100,1775303100,2026-04,0
btc-updown-15m-1775313900,1775313900,2026-04,0
btc-updown-15m-1775323800,1775323800,2026-04,1
btc-updown-15m-1775334600,1775334600,2026-04,1
btc-updown-15m-1775345400,1775345400,2026-04,0
btc-updown-15m-1775355300,1775355300,2026-04,0
btc-updown-15m-1775366100,1775366100,2026-04,1
btc-updown-15m-1775376000,1775376000,2026-04,0
btc-updown-15m-1775386800,1775386800,2026-04,0
btc-updown-15m-1775396700,1775396700,2026-04,0
btc-updown-15m-1775407500,1775407500,2026-04,1
btc-updown-15m-1775417400,1775417400,2026-04,1
btc-updown-15m-1775428200,1775428200,2026-04,0
btc-updown-15m-1775439000,1775439000,2026-04,1
btc-updown-15m-1775448900,1775448900,2026-04,1
btc-updown-15m-1775459700,1775459700,2026-04,0
btc-updown-15m-1775469600,1775469600,2026-04,0
btc-updown-15m-1775480400,1775480400,2026-04,0
btc-updown-15m-1775490300,1775490300,2026-04,0
btc-updown-15m-1775501100,1775501100,2026-04,0
btc-updown-15m-1775511900,1775511900,2026-04,0
btc-updown-15m-1775521800,1775521800,2026-04,1
btc-updown-15m-1775532600,1775532600,2026-04,0
btc-updown-15m-1775542500,1775542500,2026-04,0
btc-updown-15m-1775553300,1775553300,2026-04,1
btc-updown-15m-1775563200,1775563200,2026-04,1
btc-updown-15m-1775574000,1775574000,2026-04,0
btc-updown-15m-1775583900,1775583900,2026-04,0
btc-updown-15m-1775594700,1775594700,2026-04,0
btc-updown-15m-1775605500,1775605500,2026-04,1
btc-updown-15m-1775615400,1775615400,2026-04,1
btc-updown-15m-1775626200,1775626200,2026-04,1
btc-updown-15m-1775636100,1775636100,2026-04,0
btc-updown-15m-1775646900,1775646900,2026-04,0
btc-updown-15m-1775656800,1775656800,2026-04,1
btc-updown-15m-1775667600,1775667600,2026-04,0
btc-updown-15m-1775678400,1775678400,2026-04,0
btc-updown-15m-1775688300,1775688300,2026-04,1
btc-updown-15m-1775699100,1775699100,2026-04,0
btc-updown-15m-1775709000,1775709000,2026-04,0
btc-updown-15m-1775719800,1775719800,2026-04,0
btc-updown-15m-1775729700,1775729700,2026-04,0
btc-updown-15m-1775740500,1775740500,2026-04,1
btc-updown-15m-1775750400,1775750400,2026-04,0
btc-updown-15m-1775761200,1775761200,2026-04,0
btc-updown-15m-1775772000,1775772000,2026-04,0
btc-updown-15m-1775781900,1775781900,2026-04,0
btc-updown-15m-1775792700,1775792700,2026-04,1
btc-updown-15m-1775802600,1775802600,2026-04,1
btc-updown-15m-1775813400,1775813400,2026-04,0
btc-updown-15m-1775823300,1775823300,2026-04,0
btc-updown-15m-1775834100,1775834100,2026-04,1
btc-updown-15m-1775844900,1775844900,2026-04,1
btc-updown-15m-1775854800,1775854800,2026-04,1
btc-updown-15m-1775865600,1775865600,2026-04,1
btc-updown-15m-1775875500,1775875500,2026-04,1
btc-updown-15m-1775886300,1775886300,2026-04,1
btc-updown-15m-1775896200,1775896200,2026-04,1
btc-updown-15m-1775907000,1775907000,2026-04,0
btc-updown-15m-1775916900,1775916900,2026-04,0
btc-updown-15m-1775927700,1775927700,2026-04,0
btc-updown-15m-1775938500,1775938500,2026-04,1
btc-updown-15m-1775948400,1775948400,2026-04,1
btc-updown-15m-1775959200,1775959200,2026-04,0
btc-updown-15m-1775969100,1775969100,2026-04,1
btc-updown-15m-1775979900,1775979900,2026-04,1
btc-updown-15m-1775989800,1775989800,2026-04,1
btc-updown-15m-1776000600,1776000600,2026-04,1
btc-updown-15m-1776011400,1776011400,2026-04,1
btc-updown-15m-1776021300,1776021300,2026-04,0
btc-updown-15m-1776032100,1776032100,2026-04,1
btc-updown-15m-1776042000,1776042000,2026-04,1
btc-updown-15m-1776052800,1776052800,2026-04,1
btc-updown-15m-1776062700,1776062700,2026-04,1
btc-updown-15m-1776073500,1776073500,2026-04,0
btc-updown-15m-1776083400,1776083400,2026-04,1
btc-updown-15m-1776094200,1776094200,2026-04,1
btc-updown-15m-1776105000,1776105000,2026-04,0
btc-updown-15m-1776114900,1776114900,2026-04,1
btc-updown-15m-1776125700,1776125700,2026-04,1
btc-updown-15m-1776135600,1776135600,2026-04,0
btc-updown-15m-1776146400,1776146400,2026-04,0
btc-updown-15m-1776156300,1776156300,2026-04,0
btc-updown-15m-1776167100,1776167100,2026-04,0
btc-updown-15m-1776177900,1776177900,2026-04,1
btc-updown-15m-1776187800,1776187800,2026-04,1
btc-updown-15m-1776198600,1776198600,2026-04,0
btc-updown-15m-1776208500,1776208500,2026-04,0
btc-updown-15m-1776219300,1776219300,2026-04,1
btc-updown-15m-1776229200,1776229200,2026-04,1
btc-updown-15m-1776240000,1776240000,2026-04,0
btc-updown-15m-1776249900,1776249900,2026-04,1
btc-updown-15m-1776260700,1776260700,2026-04,0
btc-updown-15m-1776271500,1776271500,2026-04,0
btc-updown-15m-1776281400,1776281400,2026-04,0
btc-updown-15m-1776292200,1776292200,2026-04,0
btc-updown-15m-1776302100,1776302100,2026-04,0
btc-updown-15m-1776312900,1776312900,2026-04,1
btc-updown-15m-1776322800,1776322800,2026-04,1
btc-updown-15m-1776333600,1776333600,2026-04,1
btc-updown-15m-1776344400,1776344400,2026-04,0
btc-updown-15m-1776354300,1776354300,2026-04,0
btc-updown-15m-1776365100,1776365100,2026-04,0
btc-updown-15m-1776375000,1776375000,2026-04,0
btc-updown-15m-1776385800,1776385800,2026-04,1
btc-updown-15m-1776395700,1776395700,2026-04,0
btc-updown-15m-1776406500,1776406500,2026-04,0
btc-updown-15m-1776416400,1776416400,2026-04,0
btc-updown-15m-1776427200,1776427200,2026-04,0
btc-updown-15m-1776438000,1776438000,2026-04,1
btc-updown-15m-1776447900,1776447900,2026-04,0
btc-updown-15m-1776458700,1776458700,2026-04,0
btc-updown-15m-1776468600,1776468600,2026-04,1
btc-updown-15m-1776479400,1776479400,2026-04,1
btc-updown-15m-1776489300,1776489300,2026-04,1
btc-updown-15m-1776500100,1776500100,2026-04,1
btc-updown-15m-1776510900,1776510900,2026-04,0
btc-updown-15m-1776520800,1776520800,2026-04,0
btc-updown-15m-1776531600,1776531600,2026-04,1
btc-updown-15m-1776541500,1776541500,2026-04,0
btc-updown-15m-1776552300,1776552300,2026-04,0
btc-updown-15m-1776562200,1776562200,2026-04,1
btc-updown-15m-1776573000,1776573000,2026-04,1
btc-updown-15m-1776582900,1776582900,2026-04,1
btc-updown-15m-1776593700,1776593700,2026-04,0
btc-updown-15m-1776604500,1776604500,2026-04,0
btc-updown-15m-1776614400,1776614400,2026-04,1
btc-updown-15m-1776625200,1776625200,2026-04,0
btc-updown-15m-1776635100,1776635100,2026-04,1
btc-updown-15m-1776645900,1776645900,2026-04,0
btc-updown-15m-1776655800,1776655800,2026-04,0
btc-updown-15m-1776666600,1776666600,2026-04,0
btc-updown-15m-1776677400,1776677400,2026-04,0
btc-updown-15m-1776687300,1776687300,2026-04,0
btc-updown-15m-1776698100,1776698100,2026-04,0
btc-updown-15m-1776708000,1776708000,2026-04,0
btc-updown-15m-1776718800,1776718800,2026-04,1
btc-updown-15m-1776728700,1776728700,2026-04,0
btc-updown-15m-1776739500,1776739500,2026-04,1
btc-updown-15m-1776749400,1776749400,2026-04,1
btc-updown-15m-1776760200,1776760200,2026-04,0
btc-updown-15m-1776771000,1776771000,2026-04,1
btc-updown-15m-1776780900,1776780900,2026-04,0
btc-updown-15m-1776791700,1776791700,2026-04,1
btc-updown-15m-1776801600,1776801600,2026-04,0
btc-updown-15m-1776812400,1776812400,2026-04,0
btc-updown-15m-1776822300,1776822300,2026-04,0
btc-updown-15m-1776833100,1776833100,2026-04,1
btc-updown-15m-1776843900,1776843900,2026-04,1
btc-updown-15m-1776853800,1776853800,2026-04,0
btc-updown-15m-1776864600,1776864600,2026-04,0
btc-updown-15m-1776874500,1776874500,2026-04,1
btc-updown-15m-1776885300,1776885300,2026-04,0
btc-updown-15m-1776895200,1776895200,2026-04,0
btc-updown-15m-1776906000,1776906000,2026-04,1
btc-updown-15m-1776915900,1776915900,2026-04,0
btc-updown-15m-1776926700,1776926700,2026-04,0
btc-updown-15m-1776937500,1776937500,2026-04,1
btc-updown-15m-1776947400,1776947400,2026-04,1
btc-updown-15m-1776958200,1776958200,2026-04,0
btc-updown-15m-1776968100,1776968100,2026-04,1
btc-updown-15m-1776978900,1776978900,2026-04,0
btc-updown-15m-1776988800,1776988800,2026-04,0
btc-updown-15m-1776999600,1776999600,2026-04,0
btc-updown-15m-1777010400,1777010400,2026-04,1
btc-updown-15m-1777020300,1777020300,2026-04,0
btc-updown-15m-1777031100,1777031100,2026-04,1
btc-updown-15m-1777041000,1777041000,2026-04,0
btc-updown-15m-1777051800,1777051800,2026-04,1
btc-updown-15m-1777061700,1777061700,2026-04,1
btc-updown-15m-1777072500,1777072500,2026-04,0
btc-updown-15m-1777082400,1777082400,2026-04,0
btc-updown-15m-1777093200,1777093200,2026-04,1
btc-updown-15m-1777104000,1777104000,2026-04,0
btc-updown-15m-1777113900,1777113900,2026-04,1
btc-updown-15m-1777124700,1777124700,2026-04,0
btc-updown-15m-1777134600,1777134600,2026-04,1
btc-updown-15m-1777145400,1777145400,2026-04,1
btc-updown-15m-1777155300,1777155300,2026-04,0
btc-updown-15m-1777166100,1777166100,2026-04,0
btc-updown-15m-1777176900,1777176900,2026-04,0
btc-updown-15m-1777186800,1777186800,2026-04,0
btc-updown-15m-1777197600,1777197600,2026-04,0
btc-updown-15m-1777207500,1777207500,2026-04,1
btc-updown-15m-1777218300,1777218300,2026-04,0
btc-updown-15m-1777228200,1777228200,2026-04,0
btc-updown-15m-1777239000,1777239000,2026-04,1
btc-updown-15m-1777248900,1777248900,2026-04,1
btc-updown-15m-1777259700,1777259700,2026-04,0
btc-updown-15m-1777270500,1777270500,2026-04,1
btc-updown-15m-1777280400,1777280400,2026-04,0
btc-updown-15m-1777291200,1777291200,2026-04,1
btc-updown-15m-1777301100,1777301100,2026-04,1
btc-updown-15m-1777311900,1777311900,2026-04,1
btc-updown-15m-1777321800,1777321800,2026-04,1
btc-updown-15m-1777332600,1777332600,2026-04,0
btc-updown-15m-1777343400,1777343400,2026-04,1
btc-updown-15m-1777353300,1777353300,2026-04,0
btc-updown-15m-1777364100,1777364100,2026-04,0
btc-updown-15m-1777374000,1777374000,2026-04,1
btc-updown-15m-1777384800,1777384800,2026-04,1
btc-updown-15m-1777394700,1777394700,2026-04,0
btc-updown-15m-1777405500,1777405500,2026-04,0
btc-updown-15m-1777415400,1777415400,2026-04,1
btc-updown-15m-1777426200,1777426200,2026-04,0
btc-updown-15m-1777437000,1777437000,2026-04,0
btc-updown-15m-1777446900,1777446900,2026-04,1
btc-updown-15m-1777457700,1777457700,2026-04,0
btc-updown-15m-1777467600,1777467600,2026-04,0
btc-updown-15m-1777478400,1777478400,2026-04,0
btc-updown-15m-1777488300,1777488300,2026-04,0
btc-updown-15m-1777499100,1777499100,2026-04,1
btc-updown-15m-1777509900,1777509900,2026-04,0
btc-updown-15m-1777519800,1777519800,2026-04,0
btc-updown-15m-1777530600,1777530600,2026-04,0
btc-updown-15m-1777540500,1777540500,2026-04,0
btc-updown-15m-1777551300,1777551300,2026-04,0
btc-updown-15m-1777561200,1777561200,2026-04,0
btc-updown-15m-1777572000,1777572000,2026-04,0
btc-updown-15m-1777581900,1777581900,2026-04,1
btc-updown-15m-1777592700,1777592700,2026-04,0
btc-updown-15m-1777593600,1777593600,2026-05,0
btc-updown-15m-1777598100,1777598100,2026-05,1
btc-updown-15m-1777602600,1777602600,2026-05,1
btc-updown-15m-1777607100,1777607100,2026-05,1
btc-updown-15m-1777611600,1777611600,2026-05,0
btc-updown-15m-1777616100,1777616100,2026-05,0
btc-updown-15m-1777620600,1777620600,2026-05,1
btc-updown-15m-1777625100,1777625100,2026-05,1
btc-updown-15m-1777629600,1777629600,2026-05,1
btc-updown-15m-1777634100,1777634100,2026-05,0
btc-updown-15m-1777638600,1777638600,2026-05,0
btc-updown-15m-1777643100,1777643100,2026-05,0
btc-updown-15m-1777647600,1777647600,2026-05,0
btc-updown-15m-1777652100,1777652100,2026-05,1
btc-updown-15m-1777656600,1777656600,2026-05,0
btc-updown-15m-1777661100,1777661100,2026-05,1
btc-updown-15m-1777665600,1777665600,2026-05,1
btc-updown-15m-1777670100,1777670100,2026-05,0
btc-updown-15m-1777674600,1777674600,2026-05,1
btc-updown-15m-1777679100,1777679100,2026-05,0
btc-updown-15m-1777683600,1777683600,2026-05,0
btc-updown-15m-1777688100,1777688100,2026-05,1
btc-updown-15m-1777692600,1777692600,2026-05,0
btc-updown-15m-1777697100,1777697100,2026-05,1
btc-updown-15m-1777701600,1777701600,2026-05,0
btc-updown-15m-1777706100,1777706100,2026-05,0
btc-updown-15m-1777710600,1777710600,2026-05,0
btc-updown-15m-1777715100,1777715100,2026-05,1
btc-updown-15m-1777719600,1777719600,2026-05,1
btc-updown-15m-1777724100,1777724100,2026-05,0
btc-updown-15m-1777728600,1777728600,2026-05,0
btc-updown-15m-1777733100,1777733100,2026-05,0
btc-updown-15m-1777737600,1777737600,2026-05,0
btc-updown-15m-1777742100,1777742100,2026-05,1
btc-updown-15m-1777746600,1777746600,2026-05,0
btc-updown-15m-1777751100,1777751100,2026-05,1
btc-updown-15m-1777755600,1777755600,2026-05,1
btc-updown-15m-1777760100,1777760100,2026-05,1
btc-updown-15m-1777764600,1777764600,2026-05,1
btc-updown-15m-1777769100,1777769100,2026-05,1
btc-updown-15m-1777773600,1777773600,2026-05,1
btc-updown-15m-1777778100,1777778100,2026-05,1
btc-updown-15m-1777782600,1777782600,2026-05,1
btc-updown-15m-1777787100,1777787100,2026-05,0
btc-updown-15m-1777791600,1777791600,2026-05,0
btc-updown-15m-1777796100,1777796100,2026-05,1
btc-updown-15m-1777800600,1777800600,2026-05,0
btc-updown-15m-1777805100,1777805100,2026-05,1
btc-updown-15m-1777809600,1777809600,2026-05,0
btc-updown-15m-1777814100,1777814100,2026-05,1
btc-updown-15m-1777818600,1777818600,2026-05,0
btc-updown-15m-1777823100,1777823100,2026-05,1
btc-updown-15m-1777827600,1777827600,2026-05,0
btc-updown-15m-1777832100,1777832100,2026-05,0
btc-updown-15m-1777836600,1777836600,2026-05,0
btc-updown-15m-1777841100,1777841100,2026-05,1
btc-updown-15m-1777845600,1777845600,2026-05,0
btc-updown-15m-1777850100,1777850100,2026-05,1
btc-updown-15m-1777854600,1777854600,2026-05,0
btc-updown-15m-1777859100,1777859100,2026-05,0
btc-updown-15m-1777863600,1777863600,2026-05,0
btc-updown-15m-1777868100,1777868100,2026-05,1
btc-updown-15m-1777872600,1777872600,2026-05,0
btc-updown-15m-1777877100,1777877100,2026-05,0
btc-updown-15m-1777881600,1777881600,2026-05,0
btc-updown-15m-1777886100,1777886100,2026-05,1
btc-updown-15m-1777890600,1777890600,2026-05,0
btc-updown-15m-1777895100,1777895100,2026-05,0
btc-updown-15m-1777899600,1777899600,2026-05,0
btc-updown-15m-1777904100,1777904100,2026-05,0
btc-updown-15m-1777908600,1777908600,2026-05,0
btc-updown-15m-1777913100,1777913100,2026-05,1
btc-updown-15m-1777917600,1777917600,2026-05,0
btc-updown-15m-1777922100,1777922100,2026-05,1
btc-updown-15m-1777926600,1777926600,2026-05,1
btc-updown-15m-1777931100,1777931100,2026-05,0
btc-updown-15m-1777935600,1777935600,2026-05,1
btc-updown-15m-1777940100,1777940100,2026-05,1
btc-updown-15m-1777944600,1777944600,2026-05,1
btc-updown-15m-1777949100,1777949100,2026-05,1
btc-updown-15m-1777953600,1777953600,2026-05,1
btc-updown-15m-1777958100,1777958100,2026-05,0
btc-updown-15m-1777962600,1777962600,2026-05,1
btc-updown-15m-1777967100,1777967100,2026-05,1
btc-updown-15m-1777971600,1777971600,2026-05,1
btc-updown-15m-1777976100,1777976100,2026-05,0
btc-updown-15m-1777980600,1777980600,2026-05,0
btc-updown-15m-1777985100,1777985100,2026-05,1
btc-updown-15m-1777989600,1777989600,2026-05,1
btc-updown-15m-1777994100,1777994100,2026-05,0
btc-updown-15m-1777998600,1777998600,2026-05,1
btc-updown-15m-1778003100,1778003100,2026-05,1
btc-updown-15m-1778007600,1778007600,2026-05,1
btc-updown-15m-1778012100,1778012100,2026-05,1
btc-updown-15m-1778016600,1778016600,2026-05,1
btc-updown-15m-1778021100,1778021100,2026-05,0
btc-updown-15m-1778025600,1778025600,2026-05,0
btc-updown-15m-1778030100,1778030100,2026-05,0
btc-updown-15m-1778034600,1778034600,2026-05,0
btc-updown-15m-1778039100,1778039100,2026-05,0
btc-updown-15m-1778043600,1778043600,2026-05,1
btc-updown-15m-1778048100,1778048100,2026-05,0
btc-updown-15m-1778052600,1778052600,2026-05,1
btc-updown-15m-1778057100,1778057100,2026-05,0
btc-updown-15m-1778061600,1778061600,2026-05,0
btc-updown-15m-1778066100,1778066100,2026-05,0
btc-updown-15m-1778070600,1778070600,2026-05,1
btc-updown-15m-1778075100,1778075100,2026-05,1
btc-updown-15m-1778079600,1778079600,2026-05,1
btc-updown-15m-1778084100,1778084100,2026-05,1
btc-updown-15m-1778088600,1778088600,2026-05,0
btc-updown-15m-1778093100,1778093100,2026-05,1
btc-updown-15m-1778097600,1778097600,2026-05,0
btc-updown-15m-1778102100,1778102100,2026-05,0
btc-updown-15m-1778106600,1778106600,2026-05,0
btc-updown-15m-1778111100,1778111100,2026-05,0
btc-updown-15m-1778115600,1778115600,2026-05,0
btc-updown-15m-1778120100,1778120100,2026-05,1
btc-updown-15m-1778124600,1778124600,2026-05,0
btc-updown-15m-1778129100,1778129100,2026-05,0
btc-updown-15m-1778133600,1778133600,2026-05,1
btc-updown-15m-1778138100,1778138100,2026-05,1
btc-updown-15m-1778142600,1778142600,2026-05,1
btc-updown-15m-1778147100,1778147100,2026-05,0
btc-updown-15m-1778151600,1778151600,2026-05,0
btc-updown-15m-1778157000,1778157000,2026-05,0
btc-updown-15m-1778161500,1778161500,2026-05,1
btc-updown-15m-1778166000,1778166000,2026-05,1
btc-updown-15m-1778170500,1778170500,2026-05,0
btc-updown-15m-1778175000,1778175000,2026-05,0
btc-updown-15m-1778179500,1778179500,2026-05,0
btc-updown-15m-1778184000,1778184000,2026-05,0
btc-updown-15m-1778188500,1778188500,2026-05,0
btc-updown-15m-1778193000,1778193000,2026-05,1
btc-updown-15m-1778197500,1778197500,2026-05,0
btc-updown-15m-1778202000,1778202000,2026-05,1
btc-updown-15m-1778206500,1778206500,2026-05,1
btc-updown-15m-1778211000,1778211000,2026-05,0
btc-updown-15m-1778215500,1778215500,2026-05,0
btc-updown-15m-1778220000,1778220000,2026-05,1
btc-updown-15m-1778224500,1778224500,2026-05,0
btc-updown-15m-1778229000,1778229000,2026-05,0
btc-updown-15m-1778233500,1778233500,2026-05,0
btc-updown-15m-1778238000,1778238000,2026-05,0
btc-updown-15m-1778242500,1778242500,2026-05,0
btc-updown-15m-1778247000,1778247000,2026-05,1
btc-updown-15m-1778251500,1778251500,2026-05,1
btc-updown-15m-1778256000,1778256000,2026-05,1
btc-updown-15m-1778260500,1778260500,2026-05,0
btc-updown-15m-1778265000,1778265000,2026-05,1
btc-updown-15m-1778269500,1778269500,2026-05,0
btc-updown-15m-1778274000,1778274000,2026-05,0
btc-updown-15m-1778278500,1778278500,2026-05,1
btc-updown-15m-1778283000,1778283000,2026-05,1
btc-updown-15m-1778287500,1778287500,2026-05,0
btc-updown-15m-1778292000,1778292000,2026-05,0
btc-updown-15m-1778296500,1778296500,2026-05,0
btc-updown-15m-1778301000,1778301000,2026-05,1
btc-updown-15m-1778305500,1778305500,2026-05,1
btc-updown-15m-1778310000,1778310000,2026-05,1
btc-updown-15m-1778314500,1778314500,2026-05,0
btc-updown-15m-1778319000,1778319000,2026-05,1
btc-updown-15m-1778323500,1778323500,2026-05,1
btc-updown-15m-1778328000,1778328000,2026-05,1
btc-updown-15m-1778332500,1778332500,2026-05,1
btc-updown-15m-1778337000,1778337000,2026-05,0
btc-updown-15m-1778341500,1778341500,2026-05,0
btc-updown-15m-1778346000,1778346000,2026-05,0
btc-updown-15m-1778350500,1778350500,2026-05,0
btc-updown-15m-1778355000,1778355000,2026-05,0
btc-updown-15m-1778359500,1778359500,2026-05,0
btc-updown-15m-1778364000,1778364000,2026-05,1
btc-updown-15m-1778368500,1778368500,2026-05,1
btc-updown-15m-1778373000,1778373000,2026-05,0
btc-updown-15m-1778377500,1778377500,2026-05,0
btc-updown-15m-1778382000,1778382000,2026-05,0
btc-updown-15m-1778386500,1778386500,2026-05,0
btc-updown-15m-1778391000,1778391000,2026-05,1
btc-updown-15m-1778395500,1778395500,2026-05,0
btc-updown-15m-1778400000,1778400000,2026-05,0
btc-updown-15m-1778404500,1778404500,2026-05,1
btc-updown-15m-1778409000,1778409000,2026-05,1
btc-updown-15m-1778413500,1778413500,2026-05,1
btc-updown-15m-1778418000,1778418000,2026-05,1
btc-updown-15m-1778422500,1778422500,2026-05,1
btc-updown-15m-1778427000,1778427000,2026-05,0
btc-updown-15m-1778431500,1778431500,2026-05,0
btc-updown-15m-1778436000,1778436000,2026-05,1
btc-updown-15m-1778440500,1778440500,2026-05,0
btc-updown-15m-1778445000,1778445000,2026-05,1
btc-updown-15m-1778449500,1778449500,2026-05,1
btc-updown-15m-1778454000,1778454000,2026-05,0
btc-updown-15m-1778458500,1778458500,2026-05,1
btc-updown-15m-1778463000,1778463000,2026-05,1
btc-updown-15m-1778467500,1778467500,2026-05,1
btc-updown-15m-1778472000,1778472000,2026-05,1
btc-updown-15m-1778476500,1778476500,2026-05,0
btc-updown-15m-1778481000,1778481000,2026-05,1
btc-updown-15m-1778485500,1778485500,2026-05,0
btc-updown-15m-1778490000,1778490000,2026-05,0
btc-updown-15m-1778494500,1778494500,2026-05,0
btc-updown-15m-1778499000,1778499000,2026-05,0
btc-updown-15m-1778503500,1778503500,2026-05,1
btc-updown-15m-1778508000,1778508000,2026-05,0
btc-updown-15m-1778512500,1778512500,2026-05,0
btc-updown-15m-1778517000,1778517000,2026-05,1
btc-updown-15m-1778521500,1778521500,2026-05,1
btc-updown-15m-1778526000,1778526000,2026-05,0
btc-updown-15m-1778530500,1778530500,2026-05,1
btc-updown-15m-1778535000,1778535000,2026-05,0
btc-updown-15m-1778539500,1778539500,2026-05,0
btc-updown-15m-1778544000,1778544000,2026-05,1
btc-updown-15m-1778548500,1778548500,2026-05,1
btc-updown-15m-1778553000,1778553000,2026-05,1
btc-updown-15m-1778557500,1778557500,2026-05,1
btc-updown-15m-1778562000,1778562000,2026-05,0
btc-updown-15m-1778566500,1778566500,2026-05,1
btc-updown-15m-1778571000,1778571000,2026-05,1
btc-updown-15m-1778575500,1778575500,2026-05,1
btc-updown-15m-1778580000,1778580000,2026-05,1
btc-updown-15m-1778584500,1778584500,2026-05,0
btc-updown-15m-1778589000,1778589000,2026-05,0
btc-updown-15m-1778593500,1778593500,2026-05,1
btc-updown-15m-1778598000,1778598000,2026-05,0
btc-updown-15m-1778602500,1778602500,2026-05,1
btc-updown-15m-1778607000,1778607000,2026-05,0
btc-updown-15m-1778611500,1778611500,2026-05,0
btc-updown-15m-1778616000,1778616000,2026-05,1
btc-updown-15m-1778620500,1778620500,2026-05,1
btc-updown-15m-1778625000,1778625000,2026-05,1
btc-updown-15m-1778629500,1778629500,2026-05,1
btc-updown-15m-1778634000,1778634000,2026-05,0
btc-updown-15m-1778638500,1778638500,2026-05,0
btc-updown-15m-1778643000,1778643000,2026-05,0
btc-updown-15m-1778647500,1778647500,2026-05,0
btc-updown-15m-1778652000,1778652000,2026-05,0
btc-updown-15m-1778656500,1778656500,2026-05,1
btc-updown-15m-1778661000,1778661000,2026-05,0
btc-updown-15m-1778665500,1778665500,2026-05,0
btc-updown-15m-1778670000,1778670000,2026-05,1
btc-updown-15m-1778674500,1778674500,2026-05,1
btc-updown-15m-1778679000,1778679000,2026-05,1
btc-updown-15m-1778683500,1778683500,2026-05,0
btc-updown-15m-1778688000,1778688000,2026-05,0
btc-updown-15m-1778692500,1778692500,2026-05,0
btc-updown-15m-1778697000,1778697000,2026-05,1
btc-updown-15m-1778701500,1778701500,2026-05,0
btc-updown-15m-1778706000,1778706000,2026-05,1
btc-updown-15m-1778710500,1778710500,2026-05,1
btc-updown-15m-1778715000,1778715000,2026-05,1
