slug,snapshots_checked,mismatches,stale_explained,n_events
btc-updown-15m-1760140800,18,2,2,4608
btc-updown-15m-1760145300,20,6,4,5245
btc-updown-15m-1760149800,22,6,6,5524
btc-updown-15m-1760183100,16,4,0,4011
btc-updown-15m-1760187600,20,2,0,5170
btc-updown-15m-1760192100,18,0,0,4470
btc-updown-15m-1760229900,12,4,2,3321
btc-updown-15m-1760234400,30,2,2,7774
btc-updown-15m-1760301900,26,2,2,6414
btc-updown-15m-1760305500,14,10,2,3446
btc-updown-15m-1760310000,14,2,0,3481
btc-updown-15m-1760369400,46,4,0,11930
btc-updown-15m-1760373900,28,0,0,7203
btc-updown-15m-1760378400,36,0,0,9223
btc-updown-15m-1760382900,18,0,0,4565
btc-updown-15m-1760386500,24,4,2,6222
btc-updown-15m-1760391000,14,2,0,3753
btc-updown-15m-1760422500,48,2,0,12039
btc-updown-15m-1760427000,36,6,6,9264
btc-updown-15m-1760431500,8,0,0,2226
btc-updown-15m-1760436000,44,4,2,10859
btc-updown-15m-1760439600,16,2,0,4015
btc-updown-15m-1760444100,40,0,0,9998
btc-updown-15m-1760448600,32,2,2,8319
btc-updown-15m-1760463900,48,4,0,12123
btc-updown-15m-1760468400,22,0,0,5629
btc-updown-15m-1760472900,18,2,2,4929
btc-updown-15m-1760476500,16,2,2,4030
btc-updown-15m-1760481000,28,0,0,7129
btc-updown-15m-1760500800,48,4,4,12240
btc-updown-15m-1760505300,32,2,0,8002
btc-updown-15m-1760517900,30,0,0,7784
btc-updown-15m-1760522400,30,2,2,7640
btc-updown-15m-1760526000,16,2,2,4192
btc-updown-15m-1760540400,64,0,0,16001
btc-updown-15m-1760544900,68,4,4,17180
btc-updown-15m-1760549400,42,6,4,10703
btc-updown-15m-1760558400,22,2,2,5779
btc-updown-15m-1760562900,24,4,2,6258
btc-updown-15m-1760566500,18,4,2,4483
btc-updown-15m-1760571000,38,2,2,9665
btc-updown-15m-1760575500,32,0,0,8396
btc-updown-15m-1760580000,44,2,2,11311
btc-updown-15m-1760584500,30,0,0,7491
btc-updown-15m-1760589000,20,0,0,5378
btc-updown-15m-1760592600,12,0,0,3334
btc-updown-15m-1760597100,22,0,0,5792
btc-updown-15m-1760617800,38,0,0,9859
btc-updown-15m-1760622300,30,2,0,7517
btc-updown-15m-1760632200,46,0,0,11677
btc-updown-15m-1760636700,60,10,8,14893
btc-updown-15m-1760640300,84,4,4,20977
btc-updown-15m-1760644800,86,16,6,21880
btc-updown-15m-1760649300,32,2,0,8009
btc-updown-15m-1760653800,46,8,4,11484
btc-updown-15m-1760658300,28,4,2,7298
btc-updown-15m-1760662800,24,4,4,6020
btc-updown-15m-1760666400,26,2,0,6440
btc-updown-15m-1760677200,40,6,2,10403
btc-updown-15m-1760681700,8,2,0,2357
btc-updown-15m-1760686200,50,0,0,12906
btc-updown-15m-1760715000,62,4,4,15537
btc-updown-15m-1760719500,58,6,2,14593
btc-updown-15m-1760723100,64,0,0,16057
btc-updown-15m-1760727600,42,0,0,10707
btc-updown-15m-1760732100,10,2,2,2905
btc-updown-15m-1760748300,24,0,0,6089
btc-updown-15m-1760752800,24,6,4,5999
btc-updown-15m-1760757300,16,2,0,4272
btc-updown-15m-1760816700,30,2,2,7814
btc-updown-15m-1760821200,26,6,2,6654
btc-updown-15m-1760825700,26,4,2,6695
btc-updown-15m-1760877000,32,2,2,8349
btc-updown-15m-1760881500,42,6,4,10692
btc-updown-15m-1760886000,62,6,4,15348
btc-updown-15m-1760889600,20,0,0,5178
btc-updown-15m-1760894100,50,4,2,12492
btc-updown-15m-1760943600,50,10,4,12637
btc-updown-15m-1760948100,36,0,0,9078
btc-updown-15m-1760952600,62,2,0,15649
btc-updown-15m-1760957100,28,0,0,7304
btc-updown-15m-1760960700,22,4,4,5561
btc-updown-15m-1760965200,50,0,0,12851
btc-updown-15m-1760973300,46,2,2,11449
btc-updown-15m-1760977800,68,0,0,17288
btc-updown-15m-1760982300,14,0,0,3792
btc-updown-15m-1760985900,48,4,2,12209
btc-updown-15m-1760990400,34,2,0,8678
btc-updown-15m-1760994900,16,4,4,3930
btc-updown-15m-1760999400,18,2,0,4310
btc-updown-15m-1761003900,40,6,2,10224
btc-updown-15m-1761008400,26,10,8,6646
btc-updown-15m-1761012000,18,4,2,4709
btc-updown-15m-1761019200,8,0,0,1978
btc-updown-15m-1761023700,56,4,2,14223
btc-updown-15m-1761028200,60,8,4,15222
btc-updown-15m-1761039900,44,2,2,10941
btc-updown-15m-1761044400,20,4,2,5191
btc-updown-15m-1761048000,62,12,10,15315
btc-updown-15m-1761052500,58,6,0,14641
btc-updown-15m-1761057000,74,2,0,18764
btc-updown-15m-1761061500,100,16,6,25302
btc-updown-15m-1761066000,88,16,12,22100
btc-updown-15m-1761070500,98,6,6,24396
btc-updown-15m-1761074100,42,2,2,10616
btc-updown-15m-1761078600,66,6,6,16400
btc-updown-15m-1761083100,26,8,0,6613
btc-updown-15m-1761087600,58,8,6,14499
btc-updown-15m-1761092100,30,0,0,7725
btc-updown-15m-1761096600,50,4,2,12713
btc-updown-15m-1761100200,18,0,0,4604
btc-updown-15m-1761104700,66,4,2,16703
btc-updown-15m-1761109200,22,0,0,5682
btc-updown-15m-1761113700,44,6,6,10825
btc-updown-15m-1761118200,60,4,0,14921
btc-updown-15m-1761122700,54,2,2,13651
btc-updown-15m-1761126300,36,8,4,9199
btc-updown-15m-1761130800,76,10,6,19206
btc-updown-15m-1761135300,52,6,4,12942
btc-updown-15m-1761139800,100,14,8,24705
btc-updown-15m-1761148800,26,0,0,6531
btc-updown-15m-1761153300,84,4,4,21267
btc-updown-15m-1761156900,66,10,8,16601
btc-updown-15m-1761161400,54,2,2,13642
btc-updown-15m-1761165900,18,0,0,4642
btc-updown-15m-1761177600,62,4,4,15731
btc-updown-15m-1761182100,74,18,10,18358
btc-updown-15m-1761186600,76,14,10,18974
btc-updown-15m-1761190200,42,2,2,10642
btc-updown-15m-1761194700,40,2,0,10245
btc-updown-15m-1761199200,64,8,2,15781
btc-updown-15m-1761203700,48,6,4,12222
btc-updown-15m-1761208200,40,0,0,10082
btc-updown-15m-1761212700,70,20,12,17745
btc-updown-15m-1761216300,54,6,6,13294
btc-updown-15m-1761220800,64,12,12,15906
btc-updown-15m-1761225300,50,8,6,12653
btc-updown-15m-1761229800,60,10,10,14945
btc-updown-15m-1761234300,54,6,6,13386
btc-updown-15m-1761238800,64,24,20,16171
btc-updown-15m-1761242400,66,6,4,16543
btc-updown-15m-1761246900,68,6,6,17182
btc-updown-15m-1761251400,58,8,4,14472
btc-updown-15m-1761255900,42,6,4,10812
btc-updown-15m-1761260400,48,4,2,11909
btc-updown-15m-1761264900,46,2,2,11531
btc-updown-15m-1761276600,30,2,2,7458
btc-updown-15m-1761281100,66,6,4,16612
btc-updown-15m-1761285600,52,12,10,12814
btc-updown-15m-1761290100,60,10,8,14852
btc-updown-15m-1761294600,48,2,2,11945
btc-updown-15m-1761299100,44,12,8,11053
btc-updown-15m-1761302700,54,8,6,13297
btc-updown-15m-1761321600,62,12,6,15367
btc-updown-15m-1761326100,22,0,0,5664
btc-updown-15m-1761330600,18,0,0,4602
btc-updown-15m-1761335100,36,12,4,9231
btc-updown-15m-1761347700,30,6,6,7778
btc-updown-15m-1761351300,54,16,14,13534
btc-updown-15m-1761355800,30,4,2,7649
btc-updown-15m-1761360300,24,2,2,6362
btc-updown-15m-1761369300,58,4,2,14508
btc-updown-15m-1761373800,62,8,6,15417
btc-updown-15m-1761378300,76,10,8,19092
btc-updown-15m-1761418800,24,0,0,6323
btc-updown-15m-1761423300,36,6,6,9044
btc-updown-15m-1761446700,10,4,4,2541
btc-updown-15m-1761451200,52,16,12,13236
btc-updown-15m-1761455700,36,6,6,9246
btc-updown-15m-1761544800,46,8,8,11597
btc-updown-15m-1761549300,80,10,6,19937
btc-updown-15m-1761553800,46,0,0,11407
btc-updown-15m-1761566400,66,8,2,16278
btc-updown-15m-1761570900,66,6,6,16580
btc-updown-15m-1761575400,104,10,6,25997
btc-updown-15m-1761579000,108,10,4,26983
btc-updown-15m-1761583500,72,0,0,17939
btc-updown-15m-1761588000,82,6,2,20298
btc-updown-15m-1761592500,16,0,0,4045
btc-updown-15m-1761605100,76,8,4,19148
btc-updown-15m-1761609600,74,8,8,18277
btc-updown-15m-1761613200,50,12,12,12584
btc-updown-15m-1761617700,52,2,2,13151
btc-updown-15m-1761622200,70,4,4,17628
btc-updown-15m-1761629400,44,0,0,10860
btc-updown-15m-1761633900,56,14,14,13937
btc-updown-15m-1761638400,44,2,2,10939
btc-updown-15m-1761642000,60,4,2,15168
btc-updown-15m-1761646500,52,8,8,13106
btc-updown-15m-1761651000,46,6,6,11500
btc-updown-15m-1761655500,50,8,6,12423
btc-updown-15m-1761660000,84,6,2,20929
btc-updown-15m-1761664500,64,0,0,16376
btc-updown-15m-1761668100,74,12,10,18599
btc-updown-15m-1761672600,58,2,2,14391
btc-updown-15m-1761677100,38,4,2,9427
btc-updown-15m-1761681600,42,0,0,10546
btc-updown-15m-1761686100,64,2,2,16074
btc-updown-15m-1761690600,58,6,4,14746
btc-updown-15m-1761711300,46,2,2,11334
btc-updown-15m-1761715800,14,0,0,3426
btc-updown-15m-1761720300,20,2,2,4772
btc-updown-15m-1761724800,22,0,0,5302
btc-updown-15m-1761729300,52,2,2,13242
btc-updown-15m-1761733800,68,4,2,17132
btc-updown-15m-1761737400,72,4,4,18130
btc-updown-15m-1761741900,58,2,2,14564
btc-updown-15m-1761746400,108,16,14,26955
btc-updown-15m-1761750900,82,16,16,20350
btc-updown-15m-1761755400,90,14,14,22585
btc-updown-15m-1761759900,68,8,8,17077
btc-updown-15m-1761763500,20,0,0,4968
btc-updown-15m-1761768000,110,6,6,27275
btc-updown-15m-1761772500,38,4,4,9330
btc-updown-15m-1761779700,72,22,20,18272
btc-updown-15m-1761784200,96,12,10,23787
btc-updown-15m-1761788700,84,12,12,21008
btc-updown-15m-1761792300,50,6,6,12401
btc-updown-15m-1761796800,48,18,16,11930
btc-updown-15m-1761801300,90,16,6,22762
btc-updown-15m-1761805800,70,10,6,17427
btc-updown-15m-1761813000,8,0,0,2197
btc-updown-15m-1761817500,64,10,10,15949
btc-updown-15m-1761821100,32,0,0,8247
btc-updown-15m-1761825600,70,12,10,17641
btc-updown-15m-1761830100,122,28,26,30491
btc-updown-15m-1761834600,136,2,2,33562
btc-updown-15m-1761841800,0,0,0,0
btc-updown-15m-1761846300,48,2,2,11865
btc-updown-15m-1761849900,76,2,0,19005
btc-updown-15m-1761854400,92,4,0,22868
btc-updown-15m-1761858900,52,0,0,12993
btc-updown-15m-1761863400,54,6,2,13484
btc-updown-15m-1761867900,16,0,0,3930
btc-updown-15m-1761872400,20,0,0,5197
btc-updown-15m-1761876000,32,0,0,8159
btc-updown-15m-1761880500,64,6,6,15682
btc-updown-15m-1761885000,58,14,10,14463
btc-updown-15m-1761889500,38,2,2,9613
btc-updown-15m-1761894000,32,0,0,8221
btc-updown-15m-1761898500,22,2,2,5421
btc-updown-15m-1761902100,60,4,0,15081
btc-updown-15m-1761906600,56,0,0,13786
btc-updown-15m-1761911100,10,0,0,2491
btc-updown-15m-1761918300,94,8,2,23638
btc-updown-15m-1761922800,150,18,6,37260
btc-updown-15m-1761936300,0,0,0,0
btc-updown-15m-1761939900,98,8,2,23982
btc-updown-15m-1761944400,78,8,6,19480
btc-updown-15m-1761954300,32,2,2,8244
btc-updown-15m-1761955200,10,0,0,2695
btc-updown-15m-1761964200,24,0,0,6323
btc-updown-15m-1762074900,110,18,16,27469
btc-updown-15m-1762147800,96,12,12,23862
btc-updown-15m-1762155900,194,20,14,48512
btc-updown-15m-1762164900,148,18,12,36869
btc-updown-15m-1762193700,178,14,14,44296
btc-updown-15m-1762202700,208,22,22,51701
btc-updown-15m-1762210800,16,0,0,4147
btc-updown-15m-1762219800,56,6,6,14131
btc-updown-15m-1762227900,138,28,26,34252
btc-updown-15m-1762247700,160,36,28,39913
btc-updown-15m-1762255800,80,6,4,20227
btc-updown-15m-1762264800,150,26,22,37272
btc-updown-15m-1762272900,100,4,4,25028
btc-updown-15m-1762281900,194,8,6,47896
btc-updown-15m-1762290000,180,10,4,44808
btc-updown-15m-1762299000,160,2,2,39804
btc-updown-15m-1762307100,70,2,2,17369
btc-updown-15m-1762323300,150,2,2,37256
btc-updown-15m-1762331400,150,0,0,37346
btc-updown-15m-1762359300,182,4,4,45221
btc-updown-15m-1762367400,138,6,6,34274
btc-updown-15m-1762377300,88,6,4,22164
btc-updown-15m-1762385400,132,10,8,32863
btc-updown-15m-1762394400,116,6,2,29103
btc-updown-15m-1762402500,56,8,4,13975
btc-updown-15m-1762411500,114,12,4,28402
btc-updown-15m-1762425900,64,0,0,16136
btc-updown-15m-1762434900,50,2,2,12858
btc-updown-15m-1762443000,96,0,0,24297
btc-updown-15m-1762452900,104,10,2,25858
btc-updown-15m-1762461000,176,6,4,43546
btc-updown-15m-1762470000,144,4,2,36055
btc-updown-15m-1762478100,58,4,2,14441
btc-updown-15m-1762487100,60,0,0,14794
btc-updown-15m-1762524900,0,0,0,0
btc-updown-15m-1762533900,200,8,4,50050
btc-updown-15m-1762542000,126,2,2,31647
btc-updown-15m-1762566300,76,6,4,18797
btc-updown-15m-1762628400,0,0,0,0
btc-updown-15m-1762637400,54,6,4,13593
btc-updown-15m-1762678800,132,8,8,33093
btc-updown-15m-1762687800,104,16,10,25989
btc-updown-15m-1762695900,172,14,12,42813
btc-updown-15m-1762718400,206,16,14,51368
btc-updown-15m-1762734600,40,2,0,10026
btc-updown-15m-1762758900,136,2,2,34096
btc-updown-15m-1762767000,206,26,20,51415
btc-updown-15m-1762780500,160,18,16,39924
btc-updown-15m-1762788600,240,12,10,59730
btc-updown-15m-1762797600,144,4,4,35596
btc-updown-15m-1762805700,176,10,10,44269
btc-updown-15m-1762828200,52,0,0,13315
btc-updown-15m-1762836300,174,14,14,43357
btc-updown-15m-1762845300,160,8,6,39631
btc-updown-15m-1762853400,136,10,8,33312
btc-updown-15m-1762862400,88,2,2,21669
btc-updown-15m-1762870500,146,8,8,36241
btc-updown-15m-1762879500,204,16,14,50536
btc-updown-15m-1762887600,88,8,6,22262
btc-updown-15m-1762896600,120,4,4,30165
btc-updown-15m-1762904700,218,10,6,54019
btc-updown-15m-1762913700,162,10,8,40404
btc-updown-15m-1762921800,112,10,0,27956
btc-updown-15m-1762930800,90,8,6,22344
btc-updown-15m-1762938900,186,14,12,46283
btc-updown-15m-1762947900,76,0,0,18995
btc-updown-15m-1762956000,82,2,2,20647
btc-updown-15m-1762965000,242,4,2,60351
btc-updown-15m-1762973100,170,8,8,42202
btc-updown-15m-1762982100,72,0,0,17882
btc-updown-15m-1762990200,62,2,2,15544
btc-updown-15m-1762999200,164,8,6,41102
btc-updown-15m-1763007300,188,12,12,47069
btc-updown-15m-1763016300,202,4,4,50467
btc-updown-15m-1763024400,52,4,4,12706
btc-updown-15m-1763033400,160,18,18,39681
btc-updown-15m-1763041500,186,12,12,46006
btc-updown-15m-1763050500,216,6,6,54061
btc-updown-15m-1763058600,104,2,0,26219
btc-updown-15m-1763067600,118,0,0,29552
btc-updown-15m-1763075700,150,20,20,37423
btc-updown-15m-1763084700,224,20,14,55916
btc-updown-15m-1763093700,190,12,12,47543
btc-updown-15m-1763101800,242,20,20,60439
btc-updown-15m-1763110800,274,24,16,68208
btc-updown-15m-1763118900,184,12,10,45653
btc-updown-15m-1763127900,150,2,2,37583
btc-updown-15m-1763136000,168,8,8,42164
btc-updown-15m-1763145000,98,4,2,24543
btc-updown-15m-1763153100,240,30,18,59878
btc-updown-15m-1763162100,154,8,8,38335
btc-updown-15m-1763170200,100,6,2,25115
btc-updown-15m-1763179200,38,0,0,9475
btc-updown-15m-1763187300,52,4,4,13186
btc-updown-15m-1763196300,152,28,24,37644
btc-updown-15m-1763204400,88,6,6,22165
btc-updown-15m-1763213400,110,12,10,27298
btc-updown-15m-1763221500,56,6,4,14308
btc-updown-15m-1763230500,46,0,0,11533
btc-updown-15m-1763238600,104,12,10,26103
btc-updown-15m-1763247600,86,8,6,21291
btc-updown-15m-1763255700,126,14,8,31840
btc-updown-15m-1763264700,118,2,0,29626
btc-updown-15m-1763272800,80,6,4,19816
btc-updown-15m-1763281800,68,6,4,17122
btc-updown-15m-1763289900,98,4,2,24462
btc-updown-15m-1763298900,86,4,4,21077
btc-updown-15m-1763307000,118,4,4,29508
btc-updown-15m-1763316000,84,2,0,21104
btc-updown-15m-1763324100,122,2,2,30436
btc-updown-15m-1763333100,22,2,2,5499
btc-updown-15m-1763341200,178,8,6,44747
btc-updown-15m-1763350200,82,0,0,20441
btc-updown-15m-1763358300,112,4,2,27565
btc-updown-15m-1763367300,62,4,4,15767
btc-updown-15m-1763375400,120,0,0,29817
btc-updown-15m-1763384400,122,6,6,30161
btc-updown-15m-1763392500,234,16,16,58615
btc-updown-15m-1763401500,248,4,2,61680
btc-updown-15m-1763409600,278,24,20,68907
btc-updown-15m-1763418600,100,4,4,24682
btc-updown-15m-1763426700,22,0,0,5633
btc-updown-15m-1763435700,174,2,2,43314
btc-updown-15m-1763443800,156,12,8,38842
btc-updown-15m-1763454600,68,2,2,17237
btc-updown-15m-1763462700,80,4,4,20028
btc-updown-15m-1763471700,156,0,0,38952
btc-updown-15m-1763479800,206,8,6,51308
btc-updown-15m-1763488800,36,2,2,9092
btc-updown-15m-1763496900,138,8,4,34516
btc-updown-15m-1763505900,86,2,2,21304
btc-updown-15m-1763514000,138,8,4,34411
btc-updown-15m-1763523000,30,0,0,7629
btc-updown-15m-1763531100,224,10,4,55621
btc-updown-15m-1763540100,172,12,10,42863
btc-updown-15m-1763548200,132,8,8,32574
btc-updown-15m-1763557200,108,4,4,26736
btc-updown-15m-1763565300,114,0,0,28248
btc-updown-15m-1763574300,220,6,4,54935
btc-updown-15m-1763582400,96,2,0,23775
btc-updown-15m-1763591400,98,0,0,24490
btc-updown-15m-1763599500,54,0,0,13410
btc-updown-15m-1763608500,12,0,0,2988
btc-updown-15m-1763616600,82,8,6,20421
btc-updown-15m-1763625600,146,4,2,35963
btc-updown-15m-1763633700,54,2,0,13408
btc-updown-15m-1763642700,136,2,2,33745
btc-updown-15m-1763650800,164,10,10,40871
btc-updown-15m-1763659800,266,10,10,66232
btc-updown-15m-1763667900,276,8,4,68446
btc-updown-15m-1763676900,142,2,0,35424
btc-updown-15m-1763685000,178,0,0,44180
btc-updown-15m-1763694000,72,2,2,18067
btc-updown-15m-1763702100,226,8,6,56483
btc-updown-15m-1763711100,156,6,4,38852
btc-updown-15m-1763719200,376,10,10,92760
btc-updown-15m-1763728200,60,0,0,15060
btc-updown-15m-1763736300,346,4,4,86059
btc-updown-15m-1763745300,318,14,12,79203
btc-updown-15m-1763753400,232,12,8,57971
btc-updown-15m-1763762400,144,2,2,36098
btc-updown-15m-1763770500,64,0,0,16003
btc-updown-15m-1763779500,122,6,6,30667
btc-updown-15m-1763787600,192,8,8,47914
btc-updown-15m-1763796600,198,12,10,49042
btc-updown-15m-1763805600,134,4,2,33381
btc-updown-15m-1763813700,182,2,2,44966
btc-updown-15m-1763822700,214,6,6,53568
btc-updown-15m-1763830800,146,6,4,36136
btc-updown-15m-1763839800,204,8,8,50687
btc-updown-15m-1763847900,126,0,0,31174
btc-updown-15m-1763856900,174,4,4,42789
btc-updown-15m-1763865000,130,4,2,32229
btc-updown-15m-1763874000,160,4,4,40002
btc-updown-15m-1763882100,114,4,2,28658
btc-updown-15m-1763891100,94,8,6,23469
btc-updown-15m-1763899200,166,6,4,41226
btc-updown-15m-1763908200,198,8,8,49078
btc-updown-15m-1763916300,96,2,2,23737
btc-updown-15m-1763925300,110,2,2,27627
btc-updown-15m-1763933400,132,0,0,32664
btc-updown-15m-1763942400,58,0,0,14658
btc-updown-15m-1763950500,284,8,4,70743
btc-updown-15m-1763959500,182,2,2,44957
btc-updown-15m-1763967600,252,2,2,62440
btc-updown-15m-1763976600,208,4,2,51241
btc-updown-15m-1763984700,164,10,8,40761
btc-updown-15m-1763993700,210,6,4,51677
btc-updown-15m-1764001800,254,10,8,63035
btc-updown-15m-1764010800,192,10,10,47713
btc-updown-15m-1764018900,84,2,0,20991
btc-updown-15m-1764027900,52,2,2,12980
btc-updown-15m-1764036000,176,4,2,43955
btc-updown-15m-1764045000,50,2,2,12468
btc-updown-15m-1764053100,128,4,2,31139
btc-updown-15m-1764062100,174,8,6,42830
btc-updown-15m-1764070200,134,4,0,33023
btc-updown-15m-1764079200,218,6,4,53854
btc-updown-15m-1764087300,50,0,0,12072
btc-updown-15m-1764096300,110,4,4,26834
btc-updown-15m-1764104400,90,2,2,22178
btc-updown-15m-1764113400,158,0,0,39338
btc-updown-15m-1764121500,136,4,4,33430
btc-updown-15m-1764130500,58,0,0,14074
btc-updown-15m-1764138600,156,0,0,38701
btc-updown-15m-1764147600,150,4,2,36785
btc-updown-15m-1764155700,104,2,0,25997
btc-updown-15m-1764164700,188,0,0,46350
btc-updown-15m-1764172800,20,0,0,5213
btc-updown-15m-1764181800,0,0,0,215
btc-updown-15m-1764189900,0,0,0,19
btc-updown-15m-1764207900,292,8,8,36489
btc-updown-15m-1764216000,228,4,2,28368
btc-updown-15m-1764225000,248,8,6,30784
btc-updown-15m-1764233100,174,0,0,21549
btc-updown-15m-1764242100,180,2,2,22367
btc-updown-15m-1764250200,366,0,0,45512
btc-updown-15m-1764259200,288,2,2,35750
btc-updown-15m-1764267300,324,2,0,40202
btc-updown-15m-1764276300,218,8,2,27009
btc-updown-15m-1764284400,88,2,2,21651
btc-updown-15m-1764293400,264,8,6,32938
btc-updown-15m-1764301500,164,2,0,20196
btc-updown-15m-1764310500,188,4,4,23237
btc-updown-15m-1764318600,236,4,4,29363
btc-updown-15m-1764327600,102,0,0,12722
btc-updown-15m-1764335700,204,6,4,25385
btc-updown-15m-1764344700,280,12,12,34948
btc-updown-15m-1764352800,358,4,2,44610
btc-updown-15m-1764361800,140,0,0,17460
btc-updown-15m-1764369900,0,0,0,107
btc-updown-15m-1764378900,114,4,0,14131
btc-updown-15m-1764387000,172,2,2,21306
btc-updown-15m-1764396000,158,6,4,19616
btc-updown-15m-1764404100,220,2,2,27386
btc-updown-15m-1764413100,146,0,0,18118
btc-updown-15m-1764421200,176,2,2,21904
btc-updown-15m-1764430200,232,6,4,28697
btc-updown-15m-1764438300,228,4,0,28453
btc-updown-15m-1764447300,108,0,0,13514
btc-updown-15m-1764457200,0,0,0,51
btc-updown-15m-1764467100,174,6,4,21856
btc-updown-15m-1764503100,200,0,0,24717
btc-updown-15m-1764512100,142,0,0,17890
btc-updown-15m-1764520200,208,2,2,25746
btc-updown-15m-1764529200,186,4,2,23178
btc-updown-15m-1764537300,134,4,0,16727
btc-updown-15m-1764546300,112,0,0,27610
btc-updown-15m-1764547200,104,0,0,12961
btc-updown-15m-1764558000,298,4,4,36999
btc-updown-15m-1764567900,122,0,0,15252
btc-updown-15m-1764578700,288,10,8,35698
btc-updown-15m-1764589500,244,4,2,30319
btc-updown-15m-1764600300,522,8,8,64635
btc-updown-15m-1764610200,314,6,2,38880
btc-updown-15m-1764621000,298,6,2,37096
btc-updown-15m-1764632700,0,0,0,269
btc-updown-15m-1764643500,188,0,0,23454
btc-updown-15m-1764653400,250,2,0,31206
btc-updown-15m-1764664200,194,4,4,24044
btc-updown-15m-1764675000,254,2,2,31508
btc-updown-15m-1764684900,332,2,2,40938
btc-updown-15m-1764695700,88,0,0,10928
btc-updown-15m-1764706500,202,4,2,25254
btc-updown-15m-1764717300,104,2,0,25482
btc-updown-15m-1764727200,328,7,3,58707
btc-updown-15m-1764738000,190,10,8,46892
btc-updown-15m-1764748800,142,4,0,34358
btc-updown-15m-1764759600,164,6,0,39769
btc-updown-15m-1764769500,206,6,6,49849
btc-updown-15m-1764780300,102,2,2,24945
btc-updown-15m-1764791100,86,4,4,21273
btc-updown-15m-1764801000,0,0,0,395
btc-updown-15m-1764811800,118,2,2,29091
btc-updown-15m-1764822600,132,6,6,32067
btc-updown-15m-1764833400,82,4,2,19888
btc-updown-15m-1764843300,114,0,0,27798
btc-updown-15m-1764854100,128,0,0,31490
btc-updown-15m-1764864900,140,0,0,34216
btc-updown-15m-1764875700,276,2,2,67564
btc-updown-15m-1764887400,0,0,0,104
btc-updown-15m-1764898200,94,2,2,23321
btc-updown-15m-1764909900,98,0,0,23835
btc-updown-15m-1764919800,128,4,4,30882
btc-updown-15m-1764930600,156,10,8,37952
btc-updown-15m-1764941400,192,8,6,46414
btc-updown-15m-1764952200,162,6,4,39878
btc-updown-15m-1764962100,116,4,4,28275
btc-updown-15m-1764972900,34,2,2,8205
btc-updown-15m-1764983700,102,0,0,24719
btc-updown-15m-1764994500,128,2,2,30960
btc-updown-15m-1765004400,106,4,0,25141
btc-updown-15m-1765015200,108,6,4,26158
btc-updown-15m-1765026000,94,8,6,22595
btc-updown-15m-1765035900,100,4,4,24258
btc-updown-15m-1765046700,90,4,0,21865
btc-updown-15m-1765057500,108,2,2,25815
btc-updown-15m-1765068300,106,6,2,25492
btc-updown-15m-1765078200,58,0,0,14103
btc-updown-15m-1765089000,86,0,0,21003
btc-updown-15m-1765099800,90,4,0,21633
btc-updown-15m-1765110600,118,6,4,28713
btc-updown-15m-1765120500,194,0,0,47267
btc-updown-15m-1765131300,158,10,10,38333
btc-updown-15m-1765165500,0,0,0,0
btc-updown-15m-1765175400,84,6,6,20314
btc-updown-15m-1765186200,160,8,4,38841
btc-updown-15m-1765197000,136,4,4,32896
btc-updown-15m-1765207800,232,16,12,56211
btc-updown-15m-1765217700,126,2,0,30659
btc-updown-15m-1765228500,114,2,2,27574
btc-updown-15m-1765240200,66,2,0,16279
btc-updown-15m-1765251000,36,0,0,8719
btc-updown-15m-1765260900,146,6,4,35571
btc-updown-15m-1765271700,108,2,2,26298
btc-updown-15m-1765282500,46,2,2,11174
btc-updown-15m-1765292400,108,0,0,26435
btc-updown-15m-1765303200,184,8,4,44673
btc-updown-15m-1765314000,200,6,4,48535
btc-updown-15m-1765324800,114,8,2,27268
btc-updown-15m-1765334700,88,0,0,21572
btc-updown-15m-1765345500,108,4,0,26029
btc-updown-15m-1765356300,100,10,6,24136
btc-updown-15m-1765367100,178,2,0,43093
btc-updown-15m-1765377000,304,12,10,73886
btc-updown-15m-1765387800,178,6,4,43260
btc-updown-15m-1765398600,312,8,8,75619
btc-updown-15m-1765408500,72,4,0,17816
btc-updown-15m-1765419300,234,4,2,57334
btc-updown-15m-1765430100,48,0,0,11664
btc-updown-15m-1765440900,130,6,4,31642
btc-updown-15m-1765450800,96,10,10,22843
btc-updown-15m-1765461600,130,4,0,31086
btc-updown-15m-1765472400,148,0,0,35202
btc-updown-15m-1765483200,46,2,2,11178
btc-updown-15m-1765493100,0,0,0,131
btc-updown-15m-1765503900,132,2,0,32191
btc-updown-15m-1765514700,74,2,2,17901
btc-updown-15m-1765524600,102,6,4,23725
btc-updown-15m-1765535400,110,2,2,26104
btc-updown-15m-1765546200,110,0,0,26343
btc-updown-15m-1765557000,34,0,0,8334
btc-updown-15m-1765567800,156,0,0,37980
btc-updown-15m-1765579500,0,0,0,50
btc-updown-15m-1765590300,48,0,0,11738
btc-updown-15m-1765601100,60,0,0,15041
btc-updown-15m-1765611000,66,2,2,16255
btc-updown-15m-1765624500,30,0,0,7391
btc-updown-15m-1765635300,48,2,2,11857
btc-updown-15m-1765645200,40,2,0,9842
btc-updown-15m-1765656900,76,2,2,18555
btc-updown-15m-1765667700,0,0,0,343
btc-updown-15m-1765679400,78,8,4,18755
btc-updown-15m-1765689300,80,0,0,19305
btc-updown-15m-1765700100,92,2,0,21946
btc-updown-15m-1765711800,182,4,4,44106
btc-updown-15m-1765722600,76,2,2,18435
btc-updown-15m-1765732500,118,8,6,28767
btc-updown-15m-1765748700,96,4,2,23164
btc-updown-15m-1765762200,56,2,2,13770
btc-updown-15m-1765772100,104,4,2,25194
btc-updown-15m-1765782900,114,2,2,27273
btc-updown-15m-1765793700,136,0,0,32489
btc-updown-15m-1765804500,100,0,0,23843
btc-updown-15m-1765814400,262,14,12,63382
btc-updown-15m-1765825200,274,2,0,66782
btc-updown-15m-1765836000,52,0,0,12942
btc-updown-15m-1765846800,98,2,0,23762
btc-updown-15m-1765856700,152,2,2,36529
btc-updown-15m-1765867500,88,2,0,20722
btc-updown-15m-1765878300,150,6,2,36074
btc-updown-15m-1765888200,212,8,6,50921
btc-updown-15m-1765899000,218,8,4,52367
btc-updown-15m-1765909800,60,0,0,14733
btc-updown-15m-1765920600,106,6,4,26112
btc-updown-15m-1765930500,214,14,6,51194
btc-updown-15m-1765943100,124,12,4,29667
btc-updown-15m-1765953900,126,10,4,30635
btc-updown-15m-1765963800,158,6,4,38671
btc-updown-15m-1765974600,136,4,2,32617
btc-updown-15m-1765985400,128,2,2,30670
btc-updown-15m-1765996200,132,6,4,32130
btc-updown-15m-1766006100,46,0,0,11472
btc-updown-15m-1766016900,126,4,4,30468
btc-updown-15m-1766027700,50,0,0,11946
btc-updown-15m-1766038500,90,0,0,21803
btc-updown-15m-1766048400,148,0,0,35821
btc-updown-15m-1766059200,154,6,4,37214
btc-updown-15m-1766070000,378,12,12,91887
btc-updown-15m-1766079900,262,4,2,63997
btc-updown-15m-1766092500,226,2,2,54944
btc-updown-15m-1766103300,178,4,2,42709
btc-updown-15m-1766114100,260,12,8,62876
btc-updown-15m-1766124000,180,2,0,43123
btc-updown-15m-1766134800,152,2,2,37090
btc-updown-15m-1766145600,142,4,2,34549
btc-updown-15m-1766156400,342,2,0,82765
btc-updown-15m-1766166300,184,2,2,44961
btc-updown-15m-1766177100,202,8,8,49152
btc-updown-15m-1766187900,0,0,0,173
btc-updown-15m-1766197800,154,4,4,36678
btc-updown-15m-1766209500,24,0,0,5861
btc-updown-15m-1766220300,108,4,4,25716
btc-updown-15m-1766231100,144,8,6,34467
btc-updown-15m-1766241000,166,8,2,40064
btc-updown-15m-1766251800,86,2,2,20636
btc-updown-15m-1766262600,166,8,4,38897
btc-updown-15m-1766273400,0,0,0,5
btc-updown-15m-1766283300,86,4,2,20549
btc-updown-15m-1766294100,138,6,4,32819
btc-updown-15m-1766304900,122,2,2,29360
btc-updown-15m-1766314800,152,2,0,35894
btc-updown-15m-1766325600,90,0,0,21952
btc-updown-15m-1766336400,162,6,2,38654
btc-updown-15m-1766347200,88,0,0,20914
btc-updown-15m-1766357100,0,0,0,482
btc-updown-15m-1766367900,78,2,2,19130
btc-updown-15m-1766378700,220,2,2,52296
btc-updown-15m-1766389500,90,2,2,21394
btc-updown-15m-1766399400,176,6,4,41640
btc-updown-15m-1766410200,96,2,2,22675
btc-updown-15m-1766421000,44,0,0,10633
btc-updown-15m-1766430900,238,6,6,56960
btc-updown-15m-1766441700,130,2,2,31442
btc-updown-15m-1766452500,164,8,4,39252
btc-updown-15m-1766463300,184,10,4,43755
btc-updown-15m-1766473200,144,2,2,34706
btc-updown-15m-1766484000,152,4,2,36061
btc-updown-15m-1766494800,184,6,4,43550
btc-updown-15m-1766505600,118,6,6,28537
btc-updown-15m-1766515500,98,4,2,23426
btc-updown-15m-1766526300,186,10,2,43819
btc-updown-15m-1766537100,104,6,0,24714
btc-updown-15m-1766547000,130,2,0,31181
btc-updown-15m-1766557800,192,4,2,44969
btc-updown-15m-1766568600,144,2,2,34504
btc-updown-15m-1766579400,122,0,0,29114
btc-updown-15m-1766589300,226,12,10,54805
btc-updown-15m-1766600100,118,0,0,28910
btc-updown-15m-1766610900,116,12,8,27814
btc-updown-15m-1766621700,130,8,6,31012
btc-updown-15m-1766631600,154,2,2,35815
btc-updown-15m-1766642400,124,8,2,29286
btc-updown-15m-1766653200,92,0,0,22316
btc-updown-15m-1766663100,122,6,4,28611
btc-updown-15m-1766673900,56,0,0,13510
btc-updown-15m-1766684700,60,4,2,14605
btc-updown-15m-1766695500,84,4,4,20221
btc-updown-15m-1766705400,0,0,0,188
btc-updown-15m-1766716200,206,10,6,49928
btc-updown-15m-1766727000,114,2,0,27197
btc-updown-15m-1766737800,114,4,4,27521
btc-updown-15m-1766747700,120,6,2,27631
btc-updown-15m-1766758500,140,4,2,32857
btc-updown-15m-1766769300,194,4,4,46410
btc-updown-15m-1766779200,146,8,4,35102
btc-updown-15m-1766790000,0,0,0,384
btc-updown-15m-1766800800,108,2,2,25929
btc-updown-15m-1766811600,134,6,4,32162
btc-updown-15m-1766821500,120,4,4,28911
btc-updown-15m-1766832300,96,0,0,22990
btc-updown-15m-1766843100,102,0,0,24968
btc-updown-15m-1766853900,78,8,4,18513
btc-updown-15m-1766863800,158,6,2,37885
btc-updown-15m-1766874600,0,0,0,227
btc-updown-15m-1766886300,98,0,0,23432
btc-updown-15m-1766896200,76,10,4,18330
btc-updown-15m-1766907000,122,6,2,29425
btc-updown-15m-1766917800,132,8,4,31124
btc-updown-15m-1766928600,54,2,2,13012
btc-updown-15m-1766938500,130,10,6,30671
btc-updown-15m-1766949300,82,0,0,19508
btc-updown-15m-1766960100,65,1,1,15705
btc-updown-15m-1766970900,96,2,0,23295
btc-updown-15m-1766980800,168,4,2,40106
btc-updown-15m-1766991600,178,6,6,42214
btc-updown-15m-1767002400,240,6,4,57114
btc-updown-15m-1767012300,144,4,4,34939
btc-updown-15m-1767023100,180,4,2,44005
btc-updown-15m-1767033900,174,0,0,41609
btc-updown-15m-1767044700,0,0,0,101
btc-updown-15m-1767054600,58,0,0,13805
btc-updown-15m-1767065400,158,2,0,37548
btc-updown-15m-1767076200,128,8,4,29919
btc-updown-15m-1767087000,112,2,0,26394
btc-updown-15m-1767096900,186,8,4,43907
btc-updown-15m-1767107700,372,4,4,89205
btc-updown-15m-1767118500,0,0,0,91
btc-updown-15m-1767128400,0,0,0,231
btc-updown-15m-1767139200,80,4,4,18742
btc-updown-15m-1767150000,172,2,0,41816
btc-updown-15m-1767160800,140,0,0,33528
btc-updown-15m-1767170700,132,0,0,30438
btc-updown-15m-1767181500,156,2,2,37352
btc-updown-15m-1767192300,228,2,2,55618
btc-updown-15m-1767204000,126,2,2,29488
btc-updown-15m-1767213900,0,0,0,253
btc-updown-15m-1767224700,0,0,0,121
btc-updown-15m-1767225600,82,0,0,19145
btc-updown-15m-1767235500,86,0,0,20678
btc-updown-15m-1767246300,124,0,0,29630
btc-updown-15m-1767256200,140,2,2,33021
btc-updown-15m-1767267000,116,0,0,27410
btc-updown-15m-1767276900,140,4,2,33039
btc-updown-15m-1767286800,124,2,2,29229
btc-updown-15m-1767302100,0,0,0,88
btc-updown-15m-1767313800,142,2,0,32990
btc-updown-15m-1767324600,162,8,6,38428
btc-updown-15m-1767334500,112,0,0,26584
btc-updown-15m-1767345300,184,2,0,43924
btc-updown-15m-1767355200,102,0,0,24150
btc-updown-15m-1767365100,262,4,4,63732
btc-updown-15m-1767375900,226,0,0,54847
btc-updown-15m-1767386700,0,0,0,250
btc-updown-15m-1767401100,96,4,0,23086
btc-updown-15m-1767411000,192,6,6,45337
btc-updown-15m-1767420900,80,4,4,18941
btc-updown-15m-1767431700,192,6,4,44851
btc-updown-15m-1767441600,54,0,0,13098
btc-updown-15m-1767452400,96,0,0,23170
btc-updown-15m-1767462300,116,0,0,27361
btc-updown-15m-1767477600,0,0,0,438
btc-updown-15m-1767489300,176,2,2,42491
btc-updown-15m-1767499200,186,4,4,43748
btc-updown-15m-1767510000,100,0,0,23931
btc-updown-15m-1767519900,274,4,0,64291
btc-updown-15m-1767529800,74,2,0,17793
btc-updown-15m-1767540600,252,12,6,59558
btc-updown-15m-1767551400,250,8,6,59589
btc-updown-15m-1767570300,0,0,0,0
btc-updown-15m-1767580200,104,0,0,24849
btc-updown-15m-1767591000,136,2,0,31850
btc-updown-15m-1767600900,246,6,4,58162
btc-updown-15m-1767610800,178,4,4,42293
btc-updown-15m-1767621600,344,8,6,80745
btc-updown-15m-1767631500,308,10,6,73301
btc-updown-15m-1767643200,260,2,0,63190
btc-updown-15m-1767661200,282,6,6,67018
btc-updown-15m-1767671100,236,8,4,55160
btc-updown-15m-1767682800,80,0,0,18649
btc-updown-15m-1767692700,248,4,2,57616
btc-updown-15m-1767703500,210,6,4,49223
btc-updown-15m-1767713400,164,2,2,39260
btc-updown-15m-1767725100,230,4,4,55235
btc-updown-15m-1767735900,0,0,0,197
btc-updown-15m-1767745800,96,0,0,22961
btc-updown-15m-1767756600,72,0,0,17414
btc-updown-15m-1767766500,92,0,0,22028
btc-updown-15m-1767776400,106,2,0,25310
btc-updown-15m-1767787200,274,4,2,65968
btc-updown-15m-1767797100,378,4,4,90639
btc-updown-15m-1767807900,118,0,0,28802
btc-updown-15m-1767818700,234,2,0,56322
btc-updown-15m-1767835800,88,0,0,20642
btc-updown-15m-1767845700,132,2,2,31616
btc-updown-15m-1767855600,314,4,4,75409
btc-updown-15m-1767866400,320,0,0,76714
btc-updown-15m-1767876300,276,2,0,66310
btc-updown-15m-1767887100,348,2,2,84696
btc-updown-15m-1767897900,236,0,0,56738
btc-updown-15m-1767909600,242,2,2,57853
btc-updown-15m-1767921300,136,0,0,32397
btc-updown-15m-1767931200,138,0,0,32942
btc-updown-15m-1767942000,136,4,4,32249
btc-updown-15m-1767955500,198,2,2,47433
btc-updown-15m-1767965400,306,2,0,72738
btc-updown-15m-1767976200,450,2,2,109714
btc-updown-15m-1767987900,0,0,0,349
btc-updown-15m-1767998700,0,0,0,60
btc-updown-15m-1768009500,150,2,0,35975
btc-updown-15m-1768019400,138,2,2,32304
btc-updown-15m-1768030200,156,2,2,37014
btc-updown-15m-1768040100,144,0,0,34079
btc-updown-15m-1768050900,140,2,2,33297
btc-updown-15m-1768060800,120,2,0,28993
btc-updown-15m-1768072500,0,0,0,150
btc-updown-15m-1768082400,0,0,0,263
btc-updown-15m-1768092300,80,2,2,19564
btc-updown-15m-1768103100,132,2,0,31476
btc-updown-15m-1768113000,218,4,2,53352
btc-updown-15m-1768123800,102,2,2,24111
btc-updown-15m-1768133700,124,2,2,29433
btc-updown-15m-1768143600,174,0,0,41758
btc-updown-15m-1768154400,0,0,0,243
btc-updown-15m-1768169700,0,0,0,284
btc-updown-15m-1768181400,106,2,0,24981
btc-updown-15m-1768191300,214,4,4,51386
btc-updown-15m-1768204800,220,0,0,53037
btc-updown-15m-1768218300,0,0,0,121
btc-updown-15m-1768257900,0,0,0,111
btc-updown-15m-1768270500,232,2,0,55072
btc-updown-15m-1768280400,160,2,0,38605
btc-updown-15m-1768291200,224,2,2,53644
btc-updown-15m-1768301100,190,0,0,45457
btc-updown-15m-1768311000,398,8,4,93144
btc-updown-15m-1768321800,90,0,0,21864
btc-updown-15m-1768331700,0,0,0,258
btc-updown-15m-1768342500,248,6,4,60032
btc-updown-15m-1768356900,90,4,4,21611
btc-updown-15m-1768369500,254,6,2,61403
btc-updown-15m-1768383900,0,0,0,93
btc-updown-15m-1768393800,228,2,2,55085
btc-updown-15m-1768404600,396,0,0,95026
btc-updown-15m-1768414500,290,2,2,70201
btc-updown-15m-1768424400,258,2,0,62136
btc-updown-15m-1768435200,4,4,4,1006
btc-updown-15m-1768445100,256,0,0,61346
btc-updown-15m-1768455900,252,0,0,60348
btc-updown-15m-1768465800,88,8,6,21260
btc-updown-15m-1768475700,202,0,0,47581
btc-updown-15m-1768486500,0,0,0,94
btc-updown-15m-1768496400,256,2,0,60995
btc-updown-15m-1768507200,0,0,0,344
btc-updown-15m-1768517100,0,0,0,417
btc-updown-15m-1768527900,156,2,2,37441
btc-updown-15m-1768537800,120,0,0,28585
btc-updown-15m-1768547700,0,0,0,280
btc-updown-15m-1768558500,102,2,2,24332
btc-updown-15m-1768568400,302,6,0,71582
btc-updown-15m-1768579200,222,2,2,53245
btc-updown-15m-1768589100,250,4,0,60368
btc-updown-15m-1768599000,80,0,0,19593
btc-updown-15m-1768609800,242,4,2,58002
btc-updown-15m-1768619700,168,4,2,41138
btc-updown-15m-1768630500,110,0,0,26589
btc-updown-15m-1768640400,138,0,0,33699
btc-updown-15m-1768650300,170,0,0,40653
btc-updown-15m-1768661100,174,6,6,41721
btc-updown-15m-1768671000,178,2,0,42930
btc-updown-15m-1768681800,148,2,2,36041
btc-updown-15m-1768691700,152,2,2,37106
btc-updown-15m-1768701600,138,2,2,33460
btc-updown-15m-1768712400,166,2,2,40007
btc-updown-15m-1768722300,162,2,0,38956
btc-updown-15m-1768733100,180,2,0,42551
btc-updown-15m-1768743000,42,2,0,10305
btc-updown-15m-1768753800,140,4,2,33300
btc-updown-15m-1768763700,208,4,2,50311
btc-updown-15m-1768773600,0,0,0,485
btc-updown-15m-1768784400,290,10,4,70652
btc-updown-15m-1768794300,210,4,2,51367
btc-updown-15m-1768805100,184,4,0,44770
btc-updown-15m-1768815000,240,2,0,58460
btc-updown-15m-1768824900,192,0,0,46867
btc-updown-15m-1768835700,286,0,0,69607
btc-updown-15m-1768845600,172,0,0,42376
btc-updown-15m-1768856400,162,0,0,39640
btc-updown-15m-1768866300,290,2,0,70607
btc-updown-15m-1768876200,170,0,0,41768
btc-updown-15m-1768887000,328,4,0,79973
btc-updown-15m-1768896900,246,0,0,59982
btc-updown-15m-1768907700,312,0,0,75687
btc-updown-15m-1768917600,126,0,0,30660
btc-updown-15m-1768927500,490,4,0,118743
btc-updown-15m-1768938300,218,0,0,52146
btc-updown-15m-1768952700,334,4,2,81819
btc-updown-15m-1768963500,352,6,2,85992
btc-updown-15m-1768973400,92,2,0,22160
btc-updown-15m-1768984200,220,2,2,53093
btc-updown-15m-1768994100,162,2,0,39275
btc-updown-15m-1769006700,492,6,2,119495
btc-updown-15m-1769017500,540,2,2,131409
btc-updown-15m-1769027400,300,6,4,73451
btc-updown-15m-1769038200,98,0,0,23646
btc-updown-15m-1769048100,234,8,4,56367
btc-updown-15m-1769058000,198,4,2,48074
btc-updown-15m-1769068800,166,6,0,39863
btc-updown-15m-1769078700,208,4,2,50154
btc-updown-15m-1769089500,378,16,16,90578
btc-updown-15m-1769099400,352,12,12,84662
btc-updown-15m-1769109300,314,4,2,75163
btc-updown-15m-1769120100,176,0,0,42888
btc-updown-15m-1769130000,144,2,0,34896
btc-updown-15m-1769140800,214,6,2,51741
btc-updown-15m-1769150700,192,2,0,46669
btc-updown-15m-1769161500,276,4,2,67140
btc-updown-15m-1769171400,288,6,0,68650
btc-updown-15m-1769181300,298,8,8,71780
btc-updown-15m-1769192100,336,4,4,81263
btc-updown-15m-1769202000,244,2,0,59466
btc-updown-15m-1769212800,210,4,2,50137
btc-updown-15m-1769222700,236,4,4,57271
btc-updown-15m-1769232600,234,4,2,56889
btc-updown-15m-1769243400,216,2,2,53101
btc-updown-15m-1769253300,168,0,0,41140
btc-updown-15m-1769264100,202,0,0,48927
btc-updown-15m-1769274000,240,2,0,58235
btc-updown-15m-1769285700,182,2,0,44383
btc-updown-15m-1769296500,162,2,2,39268
btc-updown-15m-1769306400,126,0,0,30698
btc-updown-15m-1769317200,188,0,0,45671
btc-updown-15m-1769327100,214,0,0,51684
btc-updown-15m-1769337000,194,0,0,47084
btc-updown-15m-1769347800,110,0,0,26099
btc-updown-15m-1769357700,568,8,0,137412
btc-updown-15m-1769368500,132,0,0,31625
btc-updown-15m-1769378400,218,4,2,52763
btc-updown-15m-1769389200,110,0,0,26608
btc-updown-15m-1769399100,202,2,2,49242
btc-updown-15m-1769409000,250,0,0,60310
btc-updown-15m-1769419800,224,6,0,53816
btc-updown-15m-1769429700,286,2,0,69286
btc-updown-15m-1769440500,474,2,2,114855
btc-updown-15m-1769450400,376,0,0,91413
btc-updown-15m-1769460300,190,2,2,45843
btc-updown-15m-1769471100,118,2,2,28469
btc-updown-15m-1769481000,108,0,0,25961
btc-updown-15m-1769491800,184,2,2,44623
btc-updown-15m-1769501700,160,4,2,38297
btc-updown-15m-1769511600,138,2,2,33179
btc-updown-15m-1769522400,282,4,2,67630
btc-updown-15m-1769532300,76,2,0,17865
btc-updown-15m-1769543100,274,0,0,66378
btc-updown-15m-1769553000,200,10,4,47308
btc-updown-15m-1769562900,340,4,2,81959
btc-updown-15m-1769573700,252,2,0,60631
btc-updown-15m-1769583600,240,8,2,57570
btc-updown-15m-1769594400,338,2,0,82617
btc-updown-15m-1769604300,336,4,2,80698
btc-updown-15m-1769615100,432,0,0,106014
btc-updown-15m-1769625000,270,0,0,65267
btc-updown-15m-1769635800,264,4,0,63634
btc-updown-15m-1769646600,310,4,0,75313
btc-updown-15m-1769656500,254,2,0,61758
btc-updown-15m-1769667300,200,0,0,48224
btc-updown-15m-1769677200,278,0,0,66674
btc-updown-15m-1769687100,290,8,6,69392
btc-updown-15m-1769697900,416,14,8,100763
btc-updown-15m-1769707800,448,4,0,108378
btc-updown-15m-1769718600,394,2,2,95667
btc-updown-15m-1769728500,194,0,0,47027
btc-updown-15m-1769738400,430,0,0,105334
btc-updown-15m-1769749200,306,2,0,74538
btc-updown-15m-1769759100,112,0,0,26800
btc-updown-15m-1769769900,172,2,2,41184
btc-updown-15m-1769779800,44,6,4,9586
btc-updown-15m-1769789700,314,0,0,74614
btc-updown-15m-1769800500,372,0,0,90075
btc-updown-15m-1769810400,214,0,0,51850
btc-updown-15m-1769821200,104,0,0,24917
btc-updown-15m-1769831100,212,2,2,50676
btc-updown-15m-1769841900,238,0,0,57072
btc-updown-15m-1769851800,102,0,0,24741
btc-updown-15m-1769861700,180,2,2,42922
btc-updown-15m-1769872500,512,0,0,124934
btc-updown-15m-1769882400,634,0,0,155165
btc-updown-15m-1769893200,548,2,0,133850
btc-updown-15m-1769903100,446,4,2,107340
btc-updown-15m-1769904000,182,0,0,44188
btc-updown-15m-1769913900,262,2,2,62777
btc-updown-15m-1769923800,114,0,0,27573
btc-updown-15m-1769932800,216,2,2,52526
btc-updown-15m-1769942700,360,2,0,86578
btc-updown-15m-1769952600,152,0,0,36139
btc-updown-15m-1769962500,454,2,2,108607
btc-updown-15m-1769972400,180,0,0,43093
btc-updown-15m-1769981400,462,0,0,112087
btc-updown-15m-1769991300,396,2,0,97430
btc-updown-15m-1770001200,576,2,2,138315
btc-updown-15m-1770011100,530,8,8,128280
btc-updown-15m-1770020100,644,10,10,157770
btc-updown-15m-1770030000,360,6,2,86637
btc-updown-15m-1770039900,438,2,2,106873
btc-updown-15m-1770049800,400,2,0,97077
btc-updown-15m-1770059700,450,2,2,108502
btc-updown-15m-1770068700,358,0,0,86093
btc-updown-15m-1770078600,414,10,0,100805
btc-updown-15m-1770088500,382,2,2,92030
btc-updown-15m-1770098400,294,0,0,69494
btc-updown-15m-1770108300,140,2,2,33228
btc-updown-15m-1770117300,262,4,0,61799
btc-updown-15m-1770127200,406,2,2,98201
btc-updown-15m-1770137100,616,0,0,150574
btc-updown-15m-1770147000,776,2,2,190780
btc-updown-15m-1770156900,574,0,0,139383
btc-updown-15m-1770165900,450,2,0,106420
btc-updown-15m-1770175800,156,0,0,36646
btc-updown-15m-1770185700,250,2,2,59431
btc-updown-15m-1770195600,182,0,0,43119
btc-updown-15m-1770205500,334,0,0,80019
btc-updown-15m-1770214500,652,6,4,157155
btc-updown-15m-1770224400,414,0,0,101003
btc-updown-15m-1770234300,150,6,4,30554
btc-updown-15m-1770244200,240,0,0,57856
btc-updown-15m-1770253200,258,0,0,62669
btc-updown-15m-1770263100,460,0,0,111807
btc-updown-15m-1770273000,188,4,0,44340
btc-updown-15m-1770282900,408,8,6,96204
btc-updown-15m-1770292800,428,4,0,100902
btc-updown-15m-1770301800,82,6,4,16646
btc-updown-15m-1770311700,724,4,2,174219
btc-updown-15m-1770321600,482,6,2,113308
btc-updown-15m-1770331500,582,2,2,141435
btc-updown-15m-1770341400,666,4,0,164189
btc-updown-15m-1770350400,488,2,2,117932
btc-updown-15m-1770360300,518,4,2,124239
btc-updown-15m-1770370200,454,2,0,107816
btc-updown-15m-1770380100,478,4,2,114535
btc-updown-15m-1770390000,776,6,6,186728
btc-updown-15m-1770399000,568,6,6,134224
btc-updown-15m-1770408900,648,2,0,155125
btc-updown-15m-1770418800,450,4,2,107906
btc-updown-15m-1770428700,208,0,0,49844
btc-updown-15m-1770438600,354,0,0,85315
btc-updown-15m-1770447600,628,6,6,151089
btc-updown-15m-1770457500,410,0,0,98774
btc-updown-15m-1770467400,580,4,2,140141
btc-updown-15m-1770477300,516,4,0,124801
btc-updown-15m-1770486300,240,0,0,58039
btc-updown-15m-1770496200,232,0,0,55968
btc-updown-15m-1770506100,330,0,0,80338
btc-updown-15m-1770516000,402,4,0,98077
btc-updown-15m-1770525900,248,0,0,60049
btc-updown-15m-1770534900,384,4,4,92249
btc-updown-15m-1770544800,188,2,2,45617
btc-updown-15m-1770554700,150,0,0,36657
btc-updown-15m-1770564600,324,2,2,78451
btc-updown-15m-1770574500,490,4,4,116624
btc-updown-15m-1770583500,146,0,0,35345
btc-updown-15m-1770593400,476,4,0,114992
btc-updown-15m-1770603300,520,4,4,126189
btc-updown-15m-1770613200,316,0,0,75919
btc-updown-15m-1770623100,424,2,0,100832
btc-updown-15m-1770632100,146,2,2,34989
btc-updown-15m-1770642000,290,0,0,67744
btc-updown-15m-1770651900,464,4,2,111203
btc-updown-15m-1770661800,496,2,0,120003
btc-updown-15m-1770671700,434,4,4,104526
btc-updown-15m-1770680700,96,0,0,22736
btc-updown-15m-1770690600,422,4,0,101694
btc-updown-15m-1770700500,112,2,0,26924
btc-updown-15m-1770710400,418,2,0,98943
btc-updown-15m-1770719400,154,0,0,36267
btc-updown-15m-1770729300,300,0,0,72451
btc-updown-15m-1770739200,448,2,2,108061
btc-updown-15m-1770749100,404,2,0,96988
btc-updown-15m-1770759000,300,2,2,72652
btc-updown-15m-1770768000,428,4,0,100268
btc-updown-15m-1770777900,230,0,0,55035
btc-updown-15m-1770787800,448,0,0,107239
btc-updown-15m-1770797700,390,4,2,93767
btc-updown-15m-1770807600,384,2,2,93492
btc-updown-15m-1770816600,156,0,0,34216
btc-updown-15m-1770826500,496,4,4,119305
btc-updown-15m-1770836400,474,6,2,110834
btc-updown-15m-1770846300,396,0,0,95718
btc-updown-15m-1770856200,304,0,0,72450
btc-updown-15m-1770865200,346,2,0,82758
btc-updown-15m-1770875100,366,0,0,87671
btc-updown-15m-1770885000,342,6,2,82451
btc-updown-15m-1770894900,294,4,2,70742
btc-updown-15m-1770903900,374,6,2,88677
btc-updown-15m-1770913800,396,4,2,95053
btc-updown-15m-1770923700,208,0,0,49918
btc-updown-15m-1770933600,374,6,0,88181
btc-updown-15m-1770943500,480,2,2,114927
btc-updown-15m-1770952500,284,4,0,67061
btc-updown-15m-1770962400,236,4,2,56032
btc-updown-15m-1770972300,312,0,0,75232
btc-updown-15m-1770982200,392,4,2,93528
btc-updown-15m-1770992100,366,0,0,87992
btc-updown-15m-1771001100,480,0,0,116362
btc-updown-15m-1771011000,458,4,4,110645
btc-updown-15m-1771020900,228,0,0,54767
btc-updown-15m-1771030800,210,2,2,49821
btc-updown-15m-1771040700,216,0,0,51366
btc-updown-15m-1771049700,174,4,4,41085
btc-updown-15m-1771059600,344,0,0,82082
btc-updown-15m-1771069500,348,4,2,80319
btc-updown-15m-1771079400,178,2,0,42873
btc-updown-15m-1771089300,392,4,2,95219
btc-updown-15m-1771098300,328,2,0,77977
btc-updown-15m-1771108200,196,0,0,46441
btc-updown-15m-1771118100,90,2,2,21370
btc-updown-15m-1771128000,212,2,0,50126
btc-updown-15m-1771137000,216,6,2,51900
btc-updown-15m-1771146900,280,8,6,67921
btc-updown-15m-1771156800,246,0,0,59823
btc-updown-15m-1771166700,232,4,2,56307
btc-updown-15m-1771176600,328,4,2,78932
btc-updown-15m-1771185600,354,0,0,85991
btc-updown-15m-1771195500,218,0,0,50949
btc-updown-15m-1771205400,202,2,2,48548
btc-updown-15m-1771215300,154,0,0,37151
btc-updown-15m-1771225200,326,0,0,78922
btc-updown-15m-1771234200,338,6,0,82122
btc-updown-15m-1771244100,354,0,0,85114
btc-updown-15m-1771254000,474,2,0,116030
btc-updown-15m-1771263900,268,0,0,65048
btc-updown-15m-1771273800,222,0,0,52109
btc-updown-15m-1771282800,310,2,0,74612
btc-updown-15m-1771292700,222,0,0,52873
btc-updown-15m-1771302600,120,0,0,28863
btc-updown-15m-1771312500,328,2,0,78141
btc-updown-15m-1771322400,300,4,0,72001
btc-updown-15m-1771331400,262,0,0,62601
btc-updown-15m-1771341300,434,2,2,103751
btc-updown-15m-1771351200,480,2,0,117523
btc-updown-15m-1771361100,364,4,2,89055
btc-updown-15m-1771370100,302,2,0,74749
btc-updown-15m-1771380000,240,0,0,57808
btc-updown-15m-1771389900,150,0,0,36120
btc-updown-15m-1771399800,82,2,2,19024
btc-updown-15m-1771409700,66,0,0,15442
btc-updown-15m-1771418700,210,8,8,49202
btc-updown-15m-1771428600,132,0,0,31690
btc-updown-15m-1771438500,180,4,4,43613
btc-updown-15m-1771448400,198,4,4,47565
btc-updown-15m-1771458300,220,0,0,51874
btc-updown-15m-1771467300,194,6,6,46466
btc-updown-15m-1771477200,282,6,2,68368
btc-updown-15m-1771487100,226,10,6,51768
btc-updown-15m-1771497000,196,6,4,46453
btc-updown-15m-1771506900,184,2,2,44182
btc-updown-15m-1771515900,182,0,0,44030
btc-updown-15m-1771525800,266,4,4,63383
btc-updown-15m-1771535700,184,8,6,41920
btc-updown-15m-1771545600,248,8,4,59135
btc-updown-15m-1771554600,102,4,2,24295
btc-updown-15m-1771564500,140,2,2,32610
btc-updown-15m-1771574400,204,0,0,48517
btc-updown-15m-1771584300,82,0,0,19620
btc-updown-15m-1771594200,60,0,0,14236
btc-updown-15m-1771603200,280,6,4,67257
btc-updown-15m-1771613100,252,6,0,59551
btc-updown-15m-1771623000,128,8,4,30193
btc-updown-15m-1771632900,100,0,0,23449
btc-updown-15m-1771642800,26,2,2,6421
btc-updown-15m-1771651800,140,14,10,33045
btc-updown-15m-1771661700,78,4,2,18563
btc-updown-15m-1771671600,132,6,4,30658
btc-updown-15m-1771681500,68,2,2,15950
btc-updown-15m-1771691400,142,6,4,33163
btc-updown-15m-1771700400,100,2,0,22932
btc-updown-15m-1771710300,108,0,0,26133
btc-updown-15m-1771720200,118,2,2,28019
btc-updown-15m-1771730100,32,0,0,7695
btc-updown-15m-1771740000,56,6,2,13013
btc-updown-15m-1771749000,96,6,0,22975
btc-updown-15m-1771758900,112,4,4,26677
btc-updown-15m-1771768800,128,10,8,29264
btc-updown-15m-1771778700,94,2,2,21739
btc-updown-15m-1771787700,110,4,2,25906
btc-updown-15m-1771797600,50,0,0,11303
btc-updown-15m-1771807500,104,2,2,24834
btc-updown-15m-1771817400,92,0,0,21393
btc-updown-15m-1771827300,198,8,4,46062
btc-updown-15m-1771836300,172,8,6,40020
btc-updown-15m-1771846200,86,2,2,20147
btc-updown-15m-1771856100,84,0,0,20202
btc-updown-15m-1771866000,278,16,6,66045
btc-updown-15m-1771875900,284,10,6,67551
btc-updown-15m-1771884900,144,0,0,33805
btc-updown-15m-1771894800,54,0,0,12866
btc-updown-15m-1771904700,222,4,4,52552
btc-updown-15m-1771914600,176,6,6,42226
btc-updown-15m-1771924500,104,2,2,24968
btc-updown-15m-1771933500,136,4,0,32503
btc-updown-15m-1771943400,328,8,8,77957
btc-updown-15m-1771953300,158,6,6,37824
btc-updown-15m-1771963200,192,4,2,45636
btc-updown-15m-1771973100,152,0,0,34926
btc-updown-15m-1771982100,154,0,0,37073
btc-updown-15m-1771992000,272,16,8,65725
btc-updown-15m-1772001900,66,0,0,15706
btc-updown-15m-1772011800,98,2,2,22773
btc-updown-15m-1772020800,206,8,2,48923
btc-updown-15m-1772030700,66,0,0,16206
btc-updown-15m-1772040600,230,10,6,50701
btc-updown-15m-1772050500,180,2,2,43479
btc-updown-15m-1772060400,308,6,6,74796
btc-updown-15m-1772069400,272,0,0,65476
btc-updown-15m-1772079300,304,0,0,72213
btc-updown-15m-1772089200,186,2,2,44552
btc-updown-15m-1772099100,124,6,4,30144
btc-updown-15m-1772109000,172,0,0,41429
btc-updown-15m-1772118000,352,8,0,84794
btc-updown-15m-1772127900,434,4,0,104728
btc-updown-15m-1772137800,182,2,0,43757
btc-updown-15m-1772147700,182,2,0,43894
btc-updown-15m-1772157600,224,4,2,53734
btc-updown-15m-1772166600,170,2,0,41120
btc-updown-15m-1772176500,212,0,0,50989
btc-updown-15m-1772186400,296,0,0,71139
btc-updown-15m-1772196300,272,0,0,66619
btc-updown-15m-1772206200,368,0,0,89716
btc-updown-15m-1772215200,358,4,0,87137
btc-updown-15m-1772225100,426,4,0,102269
btc-updown-15m-1772235000,272,6,0,65005
btc-updown-15m-1772244900,140,6,0,34149
btc-updown-15m-1772253900,220,4,2,53648
btc-updown-15m-1772263800,104,2,2,25457
btc-updown-15m-1772273700,102,4,4,24573
btc-updown-15m-1772283600,262,0,0,63947
btc-updown-15m-1772293500,402,2,2,98112
btc-updown-15m-1772302500,370,6,2,89745
btc-updown-15m-1772312400,94,0,0,23071
btc-updown-15m-1772322300,204,2,2,50579
btc-updown-15m-1772323200,294,6,6,71417
btc-updown-15m-1772334000,300,2,2,73715
btc-updown-15m-1772344800,210,4,4,50807
btc-updown-15m-1772355600,416,8,8,101765
btc-updown-15m-1772366400,218,2,2,53493
btc-updown-15m-1772377200,256,2,2,61748
btc-updown-15m-1772388000,66,0,0,16065
btc-updown-15m-1772398800,270,2,2,66113
btc-updown-15m-1772409600,278,6,4,67526
btc-updown-15m-1772420400,384,2,2,93777
btc-updown-15m-1772430300,146,2,0,35578
btc-updown-15m-1772441100,156,2,2,37668
btc-updown-15m-1772451900,400,4,2,97422
btc-updown-15m-1772462700,396,4,4,97458
btc-updown-15m-1772473500,320,0,0,78644
btc-updown-15m-1772484300,326,4,0,79499
btc-updown-15m-1772495100,284,6,4,68558
btc-updown-15m-1772505900,398,2,2,97202
btc-updown-15m-1772516700,272,0,0,66527
btc-updown-15m-1772527500,250,2,0,61350
btc-updown-15m-1772538300,448,4,4,110525
btc-updown-15m-1772549100,530,10,4,124553
btc-updown-15m-1772559900,482,6,6,118671
btc-updown-15m-1772570700,222,10,8,54167
btc-updown-15m-1772581500,168,2,2,40931
btc-updown-15m-1772592300,178,2,2,43869
btc-updown-15m-1772603100,394,4,0,95675
btc-updown-15m-1772613900,92,2,2,22790
btc-updown-15m-1772624700,456,0,0,111044
btc-updown-15m-1772634600,644,8,4,156594
btc-updown-15m-1772645400,496,4,4,122428
btc-updown-15m-1772656200,394,2,2,96269
btc-updown-15m-1772667000,328,2,0,80194
btc-updown-15m-1772677800,84,0,0,20596
btc-updown-15m-1772688600,352,2,0,85695
btc-updown-15m-1772699400,158,0,0,38605
btc-updown-15m-1772710200,222,2,2,54537
btc-updown-15m-1772721000,624,6,4,150818
btc-updown-15m-1772731800,624,6,6,153046
btc-updown-15m-1772742600,368,2,0,89843
btc-updown-15m-1772753400,68,0,0,16737
btc-updown-15m-1772764200,254,0,0,62220
btc-updown-15m-1772775000,424,8,4,103201
btc-updown-15m-1772785800,368,2,0,89369
btc-updown-15m-1772796600,318,4,4,76497
btc-updown-15m-1772807400,706,6,6,174116
btc-updown-15m-1772818200,318,2,0,77959
btc-updown-15m-1772829000,492,4,2,120627
btc-updown-15m-1772838900,244,4,0,59752
btc-updown-15m-1772849700,198,0,0,48352
btc-updown-15m-1772860500,250,2,2,61262
btc-updown-15m-1772871300,210,2,2,51210
btc-updown-15m-1772882100,312,0,0,76548
btc-updown-15m-1772892900,232,10,8,57148
btc-updown-15m-1772903700,220,6,2,53275
btc-updown-15m-1772914500,304,2,0,73501
btc-updown-15m-1772925300,194,0,0,47473
btc-updown-15m-1772936100,178,0,0,43770
btc-updown-15m-1772946900,182,0,0,44442
btc-updown-15m-1772957700,198,0,0,48734
btc-updown-15m-1772968500,180,2,2,44113
btc-updown-15m-1772979300,288,0,0,71094
btc-updown-15m-1772990100,298,4,4,72219
btc-updown-15m-1773000900,258,2,2,63182
btc-updown-15m-1773011700,304,0,0,74578
btc-updown-15m-1773022500,488,4,2,120801
btc-updown-15m-1773033300,348,0,0,85178
btc-updown-15m-1773044100,374,2,0,91893
btc-updown-15m-1773054000,296,0,0,72196
btc-updown-15m-1773064800,630,8,8,154081
btc-updown-15m-1773075600,476,4,4,117801
btc-updown-15m-1773086400,434,2,0,106288
btc-updown-15m-1773097200,318,4,4,77835
btc-updown-15m-1773108000,346,4,2,85555
btc-updown-15m-1773118800,348,4,2,86345
btc-updown-15m-1773129600,364,0,0,89073
btc-updown-15m-1773140400,374,2,0,92231
btc-updown-15m-1773151200,550,8,2,132585
btc-updown-15m-1773162000,442,4,4,108907
btc-updown-15m-1773172800,376,4,4,91076
btc-updown-15m-1773183600,286,2,2,69867
btc-updown-15m-1773194400,322,0,0,78225
btc-updown-15m-1773205200,294,4,2,72175
btc-updown-15m-1773216000,404,8,2,99160
btc-updown-15m-1773226800,432,2,2,105921
btc-updown-15m-1773237600,588,2,2,142819
btc-updown-15m-1773248400,218,0,0,53981
btc-updown-15m-1773258300,404,4,4,98674
btc-updown-15m-1773269100,402,8,4,98783
btc-updown-15m-1773279900,214,0,0,52266
btc-updown-15m-1773290700,272,2,2,66450
btc-updown-15m-1773301500,142,0,0,35037
btc-updown-15m-1773312300,396,4,0,95666
btc-updown-15m-1773323100,454,4,2,109585
btc-updown-15m-1773333900,438,0,0,108145
btc-updown-15m-1773344700,294,2,0,71954
btc-updown-15m-1773355500,272,4,0,66200
btc-updown-15m-1773366300,302,4,2,73139
btc-updown-15m-1773377100,206,0,0,50173
btc-updown-15m-1773387900,394,6,4,96582
btc-updown-15m-1773398700,306,4,2,74937
btc-updown-15m-1773409500,518,6,4,126954
btc-updown-15m-1773420300,324,2,2,79443
btc-updown-15m-1773431100,322,0,0,78517
btc-updown-15m-1773441900,264,0,0,64053
btc-updown-15m-1773452700,228,2,2,55265
btc-updown-15m-1773462600,224,6,2,54026
btc-updown-15m-1773473400,192,4,2,46316
btc-updown-15m-1773484200,358,0,0,86498
btc-updown-15m-1773495000,238,2,2,58020
btc-updown-15m-1773505800,298,4,0,71842
btc-updown-15m-1773516600,206,2,2,49754
btc-updown-15m-1773527400,258,4,0,62004
btc-updown-15m-1773538200,270,4,0,65354
btc-updown-15m-1773549000,356,4,0,86028
btc-updown-15m-1773559800,186,0,0,44833
btc-updown-15m-1773570600,226,2,0,54995
btc-updown-15m-1773581400,218,4,2,52221
btc-updown-15m-1773592200,242,4,0,58421
btc-updown-15m-1773603000,258,4,4,61765
btc-updown-15m-1773613800,142,0,0,33920
btc-updown-15m-1773624600,314,6,0,75662
btc-updown-15m-1773635400,370,2,2,90353
btc-updown-15m-1773646200,84,2,0,20091
btc-updown-15m-1773657000,82,0,0,20084
btc-updown-15m-1773666900,216,2,2,51240
btc-updown-15m-1773677700,298,8,4,71758
btc-updown-15m-1773688500,326,2,2,77935
btc-updown-15m-1773699300,242,0,0,58731
btc-updown-15m-1773710100,334,2,2,79840
btc-updown-15m-1773720900,102,0,0,24030
btc-updown-15m-1773731700,334,4,2,81644
btc-updown-15m-1773742500,208,2,0,49803
btc-updown-15m-1773753300,242,12,8,57824
btc-updown-15m-1773764100,140,2,0,33912
btc-updown-15m-1773774900,230,4,4,53432
btc-updown-15m-1773785700,92,2,2,22003
btc-updown-15m-1773796500,276,4,4,66435
btc-updown-15m-1773807300,202,2,2,48353
btc-updown-15m-1773818100,118,2,2,27763
btc-updown-15m-1773828900,170,4,2,40638
btc-updown-15m-1773839700,358,2,2,87265
btc-updown-15m-1773850500,504,4,2,122693
btc-updown-15m-1773861300,514,2,2,125607
btc-updown-15m-1773871200,98,0,0,24010
btc-updown-15m-1773882000,356,2,0,86633
btc-updown-15m-1773892800,118,0,0,28715
btc-updown-15m-1773903600,148,0,0,36269
btc-updown-15m-1773914400,272,0,0,65996
btc-updown-15m-1773925200,376,0,0,90792
btc-updown-15m-1773936000,444,0,0,108016
btc-updown-15m-1773946800,192,0,0,46629
btc-updown-15m-1773957600,278,6,2,66968
btc-updown-15m-1773968400,2,0,0,688
btc-updown-15m-1773979200,118,2,2,28290
btc-updown-15m-1773990000,74,0,0,17450
btc-updown-15m-1774000800,226,4,2,55078
btc-updown-15m-1774011600,336,0,0,81821
btc-updown-15m-1774022400,334,4,2,81633
btc-updown-15m-1774033200,472,4,2,115954
btc-updown-15m-1774044000,92,0,0,22453
btc-updown-15m-1774054800,174,2,2,42091
btc-updown-15m-1774065600,124,0,0,30076
btc-updown-15m-1774075500,186,2,2,45175
btc-updown-15m-1774086300,188,6,2,45383
btc-updown-15m-1774097100,128,2,0,31323
btc-updown-15m-1774107900,178,4,0,42687
btc-updown-15m-1774118700,80,0,0,19761
btc-updown-15m-1774129500,212,8,2,50803
btc-updown-15m-1774140300,228,6,4,55393
btc-updown-15m-1774151100,232,2,0,56724
btc-updown-15m-1774161900,194,2,2,47132
btc-updown-15m-1774172700,242,2,2,59015
btc-updown-15m-1774183500,250,4,0,60748
btc-updown-15m-1774194300,236,2,0,57794
btc-updown-15m-1774205100,168,0,0,40870
btc-updown-15m-1774215900,212,0,0,51749
btc-updown-15m-1774226700,418,10,6,102261
btc-updown-15m-1774237500,192,2,0,46570
btc-updown-15m-1774248300,462,2,2,113259
btc-updown-15m-1774259100,338,2,2,82419
btc-updown-15m-1774269900,654,4,2,160906
btc-updown-15m-1774279800,648,6,4,158193
btc-updown-15m-1774290600,234,2,2,56999
btc-updown-15m-1774301400,138,0,0,33911
btc-updown-15m-1774312200,364,2,2,89465
btc-updown-15m-1774323000,216,8,0,52353
btc-updown-15m-1774333800,140,4,2,33910
btc-updown-15m-1774344600,230,2,2,56260
btc-updown-15m-1774355400,100,0,0,24843
btc-updown-15m-1774366200,412,4,0,100358
btc-updown-15m-1774377000,70,2,0,17174
btc-updown-15m-1774387800,120,2,0,29553
btc-updown-15m-1774398600,148,0,0,36711
btc-updown-15m-1774409400,70,0,0,17638
btc-updown-15m-1774420200,242,2,2,59324
btc-updown-15m-1774431000,252,4,2,61582
btc-updown-15m-1774441800,334,2,0,81677
btc-updown-15m-1774452600,380,8,8,93760
btc-updown-15m-1774463400,220,0,0,54061
btc-updown-15m-1774474200,170,2,0,41722
btc-updown-15m-1774485000,176,4,2,42835
btc-updown-15m-1774494900,104,0,0,25284
btc-updown-15m-1774505700,232,0,0,56809
btc-updown-15m-1774516500,234,2,0,57554
btc-updown-15m-1774527300,200,8,4,48670
btc-updown-15m-1774538100,294,2,0,71859
btc-updown-15m-1774548900,198,6,6,48742
btc-updown-15m-1774559700,124,0,0,30307
btc-updown-15m-1774570500,172,2,0,42294
btc-updown-15m-1774581300,226,2,2,55410
btc-updown-15m-1774592100,276,6,2,67809
btc-updown-15m-1774602900,150,2,0,36904
btc-updown-15m-1774613700,326,4,0,80311
btc-updown-15m-1774624500,470,2,2,115629
btc-updown-15m-1774635300,358,0,0,88340
btc-updown-15m-1774646100,134,2,0,32755
btc-updown-15m-1774656900,156,0,0,38574
btc-updown-15m-1774667700,142,2,0,34737
btc-updown-15m-1774678500,86,2,2,21121
btc-updown-15m-1774689300,124,2,0,30264
btc-updown-15m-1774699200,144,6,4,35094
btc-updown-15m-1774710000,166,0,0,40672
btc-updown-15m-1774720800,136,0,0,33141
btc-updown-15m-1774731600,148,0,0,35920
btc-updown-15m-1774742400,136,4,2,32973
btc-updown-15m-1774753200,222,4,0,53936
btc-updown-15m-1774764000,110,0,0,27242
btc-updown-15m-1774774800,184,2,0,44473
btc-updown-15m-1774785600,204,2,0,49770
btc-updown-15m-1774796400,162,2,0,39351
btc-updown-15m-1774807200,130,6,2,31878
btc-updown-15m-1774818000,128,2,0,31359
btc-updown-15m-1774828800,256,4,4,63213
btc-updown-15m-1774839600,230,4,4,56681
btc-updown-15m-1774850400,218,2,2,53513
btc-updown-15m-1774861200,220,0,0,53933
btc-updown-15m-1774872000,124,2,0,30689
btc-updown-15m-1774882800,310,2,2,76340
btc-updown-15m-1774893600,302,0,0,74352
btc-updown-15m-1774903500,192,2,0,46934
btc-updown-15m-1774914300,226,0,0,55461
btc-updown-15m-1774925100,294,2,2,72014
btc-updown-15m-1774935900,230,4,2,56095
btc-updown-15m-1774946700,296,0,0,72757
btc-updown-15m-1774957500,172,0,0,42756
btc-updown-15m-1774968300,76,0,0,18619
btc-updown-15m-1774979100,404,4,2,99768
btc-updown-15m-1774989900,92,0,0,22506
btc-updown-15m-1775000700,222,0,0,54601
btc-updown-15m-1775001600,178,0,0,43976
btc-updown-15m-1775012400,48,0,0,11601
btc-updown-15m-1775022300,266,4,0,65661
btc-updown-15m-1775033100,232,10,4,56244
btc-updown-15m-1775043000,196,2,2,48156
btc-updown-15m-1775053800,300,4,0,74034
btc-updown-15m-1775063700,206,2,0,50697
btc-updown-15m-1775074500,196,4,2,48061
btc-updown-15m-1775084400,146,0,0,36122
btc-updown-15m-1775095200,232,2,2,57143
btc-updown-15m-1775106000,252,0,0,62025
btc-updown-15m-1775115900,228,4,2,56248
btc-updown-15m-1775126700,362,4,4,89455
btc-updown-15m-1775136600,196,2,2,48274
btc-updown-15m-1775147400,184,2,2,45453
btc-updown-15m-1775157300,288,2,0,70543
btc-updown-15m-1775168100,188,2,2,46135
btc-updown-15m-1775178900,246,0,0,60845
btc-updown-15m-1775188800,152,2,0,37577
btc-updown-15m-1775199600,182,0,0,44509
btc-updown-15m-1775209500,98,2,2,23913
btc-updown-15m-1775220300,230,2,0,56719
btc-updown-15m-1775230200,384,4,0,94897
btc-updown-15m-1775241000,116,2,2,28164
btc-updown-15m-1775250900,116,2,0,28255
btc-updown-15m-1775261700,94,2,0,22907
btc-updown-15m-1775272500,48,0,0,11952
btc-updown-15m-1775282400,82,0,0,20121
btc-updown-15m-1775293200,72,2,2,17471
btc-updown-15m-1775303100,68,4,0,16492
btc-updown-15m-1775313900,56,2,0,13923
btc-updown-15m-1775323800,76,0,0,18676
btc-updown-15m-1775334600,96,0,0,23520
btc-updown-15m-1775345400,76,2,0,18764
btc-updown-15m-1775355300,58,0,0,14612
btc-updown-15m-1775366100,126,6,4,31017
btc-updown-15m-1775376000,58,6,2,14712
btc-updown-15m-1775386800,94,0,0,22994
btc-updown-15m-1775396700,110,0,0,26986
btc-updown-15m-1775407500,58,0,0,14386
btc-updown-15m-1775417400,88,0,0,21313
btc-updown-15m-1775428200,82,2,0,20131
btc-updown-15m-1775439000,138,6,0,34009
btc-updown-15m-1775448900,116,0,0,28745
btc-updown-15m-1775459700,74,0,0,18525
btc-updown-15m-1775469600,98,4,0,24005
btc-updown-15m-1775480400,160,0,0,39229
btc-updown-15m-1775490300,294,4,0,72237
btc-updown-15m-1775501100,140,2,0,34761
btc-updown-15m-1775511900,122,2,0,29997
btc-updown-15m-1775521800,178,2,0,43667
btc-updown-15m-1775532600,172,2,2,42427
btc-updown-15m-1775542500,232,2,0,56781
btc-updown-15m-1775553300,210,6,4,51424
btc-updown-15m-1775563200,242,0,0,59197
btc-updown-15m-1775574000,404,8,2,99452
btc-updown-15m-1775583900,282,2,0,69558
btc-updown-15m-1775594700,208,2,0,51208
btc-updown-15m-1775605500,198,0,0,48560
btc-updown-15m-1775615400,136,2,2,33575
btc-updown-15m-1775626200,258,12,4,63774
btc-updown-15m-1775636100,164,6,4,40556
btc-updown-15m-1775646900,198,0,0,48671
btc-updown-15m-1775656800,422,2,0,103940
btc-updown-15m-1775667600,226,2,2,55381
btc-updown-15m-1775678400,150,0,0,37035
btc-updown-15m-1775688300,160,4,0,39443
btc-updown-15m-1775699100,118,0,0,29111
btc-updown-15m-1775709000,64,2,2,15667
btc-updown-15m-1775719800,170,2,0,41798
btc-updown-15m-1775729700,148,6,2,36713
btc-updown-15m-1775740500,278,2,2,68425
btc-updown-15m-1775750400,422,2,0,103774
btc-updown-15m-1775761200,246,0,0,60588
btc-updown-15m-1775772000,192,2,2,47252
btc-updown-15m-1775781900,236,4,2,57915
btc-updown-15m-1775792700,168,0,0,41647
btc-updown-15m-1775802600,240,12,6,58764
btc-updown-15m-1775813400,172,0,0,42594
btc-updown-15m-1775823300,276,6,2,68008
btc-updown-15m-1775834100,336,0,0,82462
btc-updown-15m-1775844900,150,0,0,36707
btc-updown-15m-1775854800,118,0,0,28811
btc-updown-15m-1775865600,94,0,0,22979
btc-updown-15m-1775875500,110,10,8,26829
btc-updown-15m-1775886300,84,0,0,20807
btc-updown-15m-1775896200,108,0,0,26296
btc-updown-15m-1775907000,108,4,4,26295
btc-updown-15m-1775916900,122,0,0,30006
btc-updown-15m-1775927700,160,2,0,39254
btc-updown-15m-1775938500,148,2,2,36656
btc-updown-15m-1775948400,52,0,0,13000
btc-updown-15m-1775959200,240,6,6,58372
btc-updown-15m-1775969100,126,6,4,30793
btc-updown-15m-1775979900,88,4,2,21591
btc-updown-15m-1775989800,116,2,2,28453
btc-updown-15m-1776000600,158,0,0,38789
btc-updown-15m-1776011400,124,0,0,30008
btc-updown-15m-1776021300,98,2,0,24042
btc-updown-15m-1776032100,180,2,0,43826
btc-updown-15m-1776042000,190,2,0,46812
btc-updown-15m-1776052800,190,6,4,46135
btc-updown-15m-1776062700,184,0,0,45523
btc-updown-15m-1776073500,118,4,0,28833
btc-updown-15m-1776083400,174,2,0,42794
btc-updown-15m-1776094200,188,0,0,46487
btc-updown-15m-1776105000,154,0,0,38283
btc-updown-15m-1776114900,166,0,0,40957
btc-updown-15m-1776125700,244,2,0,60321
btc-updown-15m-1776135600,200,0,0,49408
btc-updown-15m-1776146400,80,2,0,19979
btc-updown-15m-1776156300,186,2,2,45810
btc-updown-15m-1776167100,204,0,0,50279
btc-updown-15m-1776177900,258,4,4,63702
btc-updown-15m-1776187800,176,0,0,43543
btc-updown-15m-1776198600,192,0,0,47467
btc-updown-15m-1776208500,188,2,2,46526
btc-updown-15m-1776219300,208,2,0,51440
btc-updown-15m-1776229200,202,0,0,49499
btc-updown-15m-1776240000,204,2,2,50439
btc-updown-15m-1776249900,216,2,0,53117
btc-updown-15m-1776260700,436,0,0,108547
btc-updown-15m-1776271500,352,2,0,87145
btc-updown-15m-1776281400,90,2,0,21990
btc-updown-15m-1776292200,192,4,2,46864
btc-updown-15m-1776302100,194,2,0,48132
btc-updown-15m-1776312900,188,0,0,46561
btc-updown-15m-1776322800,166,4,0,41320
btc-updown-15m-1776333600,204,2,2,49887
btc-updown-15m-1776344400,154,0,0,37770
btc-updown-15m-1776354300,142,0,0,34423
btc-updown-15m-1776365100,124,4,2,30746
btc-updown-15m-1776375000,214,4,0,52760
btc-updown-15m-1776385800,190,2,0,46703
btc-updown-15m-1776395700,150,0,0,36937
btc-updown-15m-1776406500,136,0,0,33219
btc-updown-15m-1776416400,190,4,2,46713
btc-updown-15m-1776427200,190,2,0,47054
btc-updown-15m-1776438000,348,8,6,86569
btc-updown-15m-1776447900,244,0,0,60236
btc-updown-15m-1776458700,192,2,0,47583
btc-updown-15m-1776468600,192,0,0,47048
btc-updown-15m-1776479400,168,4,2,41513
btc-updown-15m-1776489300,168,0,0,41255
btc-updown-15m-1776500100,170,0,0,41705
btc-updown-15m-1776510900,108,2,2,26499
btc-updown-15m-1776520800,212,4,4,52627
btc-updown-15m-1776531600,148,0,0,36412
btc-updown-15m-1776541500,138,4,2,33959
btc-updown-15m-1776552300,118,2,0,29037
btc-updown-15m-1776562200,128,2,0,31744
btc-updown-15m-1776573000,114,0,0,28131
btc-updown-15m-1776582900,130,8,4,32046
btc-updown-15m-1776593700,218,6,2,53892
btc-updown-15m-1776604500,74,0,0,17927
btc-updown-15m-1776614400,180,2,2,44188
btc-updown-15m-1776625200,96,0,0,24054
btc-updown-15m-1776635100,138,2,2,34338
btc-updown-15m-1776645900,108,0,0,26955
btc-updown-15m-1776655800,176,2,0,43519
btc-updown-15m-1776666600,58,0,0,14636
btc-updown-15m-1776677400,212,0,0,52399
btc-updown-15m-1776687300,198,0,0,48666
btc-updown-15m-1776698100,0,0,0,16
btc-updown-15m-1776708000,182,0,0,44806
btc-updown-15m-1776718800,160,0,0,39433
btc-updown-15m-1776728700,88,0,0,21808
btc-updown-15m-1776739500,144,6,4,35811
btc-updown-15m-1776749400,152,0,0,37723
btc-updown-15m-1776760200,192,0,0,46888
btc-updown-15m-1776771000,160,4,2,39077
btc-updown-15m-1776780900,124,4,2,31106
btc-updown-15m-1776791700,328,18,12,81451
btc-updown-15m-1776801600,244,6,2,59808
btc-updown-15m-1776812400,82,0,0,20418
btc-updown-15m-1776822300,236,2,2,58314
btc-updown-15m-1776833100,196,0,0,48344
btc-updown-15m-1776843900,218,4,2,54039
btc-updown-15m-1776853800,146,2,2,35845
btc-updown-15m-1776864600,428,12,4,105704
btc-updown-15m-1776874500,190,2,0,46907
btc-updown-15m-1776885300,202,2,2,49624
btc-updown-15m-1776895200,278,4,4,68885
btc-updown-15m-1776906000,256,2,2,63119
btc-updown-15m-1776915900,212,2,0,52757
btc-updown-15m-1776926700,198,2,0,48632
btc-updown-15m-1776937500,116,2,0,28892
btc-updown-15m-1776947400,162,18,18,40173
btc-updown-15m-1776958200,198,2,2,48587
btc-updown-15m-1776968100,214,8,4,52350
btc-updown-15m-1776978900,152,2,0,37416
btc-updown-15m-1776988800,192,0,0,46955
btc-updown-15m-1776999600,204,2,0,50330
btc-updown-15m-1777010400,198,0,0,49168
btc-updown-15m-1777020300,84,0,0,20654
btc-updown-15m-1777031100,214,0,0,53171
btc-updown-15m-1777041000,170,4,4,42072
btc-updown-15m-1777051800,178,2,2,43858
btc-updown-15m-1777061700,104,6,0,25700
btc-updown-15m-1777072500,110,2,2,27082
btc-updown-15m-1777082400,102,2,2,25441
btc-updown-15m-1777093200,44,4,2,11267
btc-updown-15m-1777104000,86,6,0,19991
btc-updown-15m-1777113900,90,4,2,21839
btc-updown-15m-1777124700,84,0,0,20545
btc-updown-15m-1777134600,218,6,0,54032
btc-updown-15m-1777145400,94,0,0,23095
btc-updown-15m-1777155300,74,0,0,17915
btc-updown-15m-1777166100,130,8,4,31130
btc-updown-15m-1777176900,82,2,0,20488
btc-updown-15m-1777186800,98,0,0,24142
btc-updown-15m-1777197600,132,4,0,32475
btc-updown-15m-1777207500,76,0,0,18630
btc-updown-15m-1777218300,86,2,0,21525
btc-updown-15m-1777228200,130,2,0,31981
btc-updown-15m-1777239000,78,0,0,19319
btc-updown-15m-1777248900,176,2,0,43372
btc-updown-15m-1777259700,248,0,0,61375
btc-updown-15m-1777270500,124,0,0,30586
btc-updown-15m-1777280400,194,0,0,47656
btc-updown-15m-1777291200,96,2,0,23402
btc-updown-15m-1777301100,206,2,0,50884
btc-updown-15m-1777311900,156,2,0,38199
btc-updown-15m-1777321800,166,0,0,39222
btc-updown-15m-1777332600,56,0,0,13760
btc-updown-15m-1777343400,156,2,0,37612
btc-updown-15m-1777353300,150,0,0,36529
btc-updown-15m-1777364100,158,2,2,38630
btc-updown-15m-1777374000,0,0,0,233
btc-updown-15m-1777384800,256,2,0,63391
btc-updown-15m-1777394700,166,2,2,41025
btc-updown-15m-1777405500,194,4,0,47854
btc-updown-15m-1777415400,152,4,0,37297
btc-updown-15m-1777426200,84,0,0,20615
btc-updown-15m-1777437000,80,2,2,19970
btc-updown-15m-1777446900,114,2,2,28180
btc-updown-15m-1777457700,216,2,0,53198
btc-updown-15m-1777467600,178,0,0,43944
btc-updown-15m-1777478400,180,0,0,44284
btc-updown-15m-1777488300,122,0,0,29835
btc-updown-15m-1777499100,140,2,2,34722
btc-updown-15m-1777509900,74,0,0,18351
btc-updown-15m-1777519800,154,2,2,37954
btc-updown-15m-1777530600,66,0,0,16411
btc-updown-15m-1777540500,142,0,0,34387
btc-updown-15m-1777551300,88,0,0,21832
btc-updown-15m-1777561200,310,0,0,76362
btc-updown-15m-1777572000,194,0,0,47877
btc-updown-15m-1777581900,88,2,0,21746
btc-updown-15m-1777592700,66,2,2,16258
btc-updown-15m-1777593600,72,4,2,18010
btc-updown-15m-1777598100,98,0,0,24095
btc-updown-15m-1777602600,104,4,0,25199
btc-updown-15m-1777607100,168,0,0,41419
btc-updown-15m-1777611600,92,0,0,22867
btc-updown-15m-1777616100,134,0,0,32869
btc-updown-15m-1777620600,90,2,2,22501
btc-updown-15m-1777625100,78,0,0,19346
btc-updown-15m-1777629600,56,0,0,13616
btc-updown-15m-1777634100,76,0,0,18828
btc-updown-15m-1777638600,94,2,0,23239
btc-updown-15m-1777643100,156,0,0,38404
btc-updown-15m-1777647600,232,2,0,57420
btc-updown-15m-1777652100,326,8,6,80284
btc-updown-15m-1777656600,158,0,0,38826
btc-updown-15m-1777661100,144,4,4,35262
btc-updown-15m-1777665600,76,0,0,18791
btc-updown-15m-1777670100,122,0,0,29988
btc-updown-15m-1777674600,64,0,0,15633
btc-updown-15m-1777679100,64,0,0,15832
btc-updown-15m-1777683600,108,2,0,25869
btc-updown-15m-1777688100,88,2,0,21307
btc-updown-15m-1777692600,92,2,2,22493
btc-updown-15m-1777697100,102,0,0,25403
btc-updown-15m-1777701600,62,0,0,14924
btc-updown-15m-1777706100,68,2,0,16483
btc-updown-15m-1777710600,62,4,2,15377
btc-updown-15m-1777715100,66,2,0,16015
btc-updown-15m-1777719600,42,0,0,10291
btc-updown-15m-1777724100,56,0,0,13590
btc-updown-15m-1777728600,76,0,0,18500
btc-updown-15m-1777733100,136,0,0,33229
btc-updown-15m-1777737600,132,0,0,31912
btc-updown-15m-1777742100,108,4,2,26200
btc-updown-15m-1777746600,54,0,0,13401
btc-updown-15m-1777751100,70,4,0,17425
btc-updown-15m-1777755600,54,0,0,13507
btc-updown-15m-1777760100,74,0,0,18023
btc-updown-15m-1777764600,76,0,0,18573
btc-updown-15m-1777769100,44,0,0,11178
btc-updown-15m-1777773600,128,4,2,31591
btc-updown-15m-1777778100,106,4,4,25809
btc-updown-15m-1777782600,90,0,0,21905
btc-updown-15m-1777787100,86,2,0,21003
btc-updown-15m-1777791600,50,0,0,12218
btc-updown-15m-1777796100,76,0,0,18429
btc-updown-15m-1777800600,84,2,0,20209
btc-updown-15m-1777805100,46,2,0,11575
btc-updown-15m-1777809600,88,2,2,21412
btc-updown-15m-1777814100,52,0,0,12705
btc-updown-15m-1777818600,102,2,2,24813
btc-updown-15m-1777823100,122,2,0,29897
btc-updown-15m-1777827600,112,4,2,26913
btc-updown-15m-1777832100,64,0,0,15893
btc-updown-15m-1777836600,38,0,0,9393
btc-updown-15m-1777841100,52,0,0,13012
btc-updown-15m-1777845600,110,0,0,27133
btc-updown-15m-1777850100,78,0,0,18798
btc-updown-15m-1777854600,146,2,0,35943
btc-updown-15m-1777859100,74,0,0,18262
btc-updown-15m-1777863600,256,2,2,63523
btc-updown-15m-1777868100,212,2,2,52280
btc-updown-15m-1777872600,124,0,0,30823
btc-updown-15m-1777877100,60,2,0,14802
btc-updown-15m-1777881600,198,2,0,48597
btc-updown-15m-1777886100,112,4,2,27451
btc-updown-15m-1777890600,42,0,0,10286
btc-updown-15m-1777895100,122,2,2,30101
btc-updown-15m-1777899600,218,6,2,53818
btc-updown-15m-1777904100,162,0,0,40147
btc-updown-15m-1777908600,364,4,2,89543
btc-updown-15m-1777913100,196,6,4,47938
btc-updown-15m-1777917600,192,0,0,47458
btc-updown-15m-1777922100,92,0,0,22734
btc-updown-15m-1777926600,84,2,2,20927
btc-updown-15m-1777931100,134,2,0,33258
btc-updown-15m-1777935600,54,0,0,13699
btc-updown-15m-1777940100,106,2,0,26107
btc-updown-15m-1777944600,190,0,0,46185
btc-updown-15m-1777949100,50,0,0,12351
btc-updown-15m-1777953600,154,0,0,37822
btc-updown-15m-1777958100,92,0,0,22906
btc-updown-15m-1777962600,144,0,0,35457
btc-updown-15m-1777967100,72,2,0,17874
btc-updown-15m-1777971600,48,0,0,11867
btc-updown-15m-1777976100,94,0,0,23135
btc-updown-15m-1777980600,124,0,0,30809
btc-updown-15m-1777985100,152,4,2,37275
btc-updown-15m-1777989600,276,4,0,67863
btc-updown-15m-1777994100,282,2,0,68842
btc-updown-15m-1777998600,76,0,0,19111
btc-updown-15m-1778003100,184,0,0,45310
btc-updown-15m-1778007600,136,2,0,33757
btc-updown-15m-1778012100,190,2,0,46799
btc-updown-15m-1778016600,208,2,0,51291
btc-updown-15m-1778021100,206,8,8,50285
btc-updown-15m-1778025600,80,2,2,19677
btc-updown-15m-1778030100,118,0,0,29321
btc-updown-15m-1778034600,206,4,2,50506
btc-updown-15m-1778039100,180,4,0,44192
btc-updown-15m-1778043600,174,2,2,43174
btc-updown-15m-1778048100,142,0,0,34606
btc-updown-15m-1778052600,64,0,0,15717
btc-updown-15m-1778057100,208,4,4,50248
btc-updown-15m-1778061600,214,4,2,52189
btc-updown-15m-1778066100,118,2,0,29080
btc-updown-15m-1778070600,206,0,0,50517
btc-updown-15m-1778075100,180,0,0,44368
btc-updown-15m-1778079600,224,0,0,54776
btc-updown-15m-1778084100,164,2,2,40539
btc-updown-15m-1778088600,212,2,0,51219
btc-updown-15m-1778093100,198,0,0,48208
btc-updown-15m-1778097600,78,0,0,19209
btc-updown-15m-1778102100,0,0,0,292
btc-updown-15m-1778106600,130,2,0,32353
btc-updown-15m-1778111100,132,0,0,32355
btc-updown-15m-1778115600,274,6,6,67321
btc-updown-15m-1778120100,196,2,0,48257
btc-updown-15m-1778124600,138,0,0,34112
btc-updown-15m-1778129100,114,2,0,28343
btc-updown-15m-1778133600,100,0,0,24529
btc-updown-15m-1778138100,156,2,2,38452
btc-updown-15m-1778142600,140,2,2,34816
btc-updown-15m-1778147100,164,0,0,40654
btc-updown-15m-1778151600,144,0,0,35589
btc-updown-15m-1778157000,200,4,0,49281
btc-updown-15m-1778161500,330,4,2,81108
btc-updown-15m-1778166000,342,2,2,84302
btc-updown-15m-1778170500,344,6,2,84280
btc-updown-15m-1778175000,184,0,0,45346
btc-updown-15m-1778179500,286,2,2,70366
btc-updown-15m-1778184000,122,0,0,29961
btc-updown-15m-1778188500,104,0,0,25646
btc-updown-15m-1778193000,150,2,0,36867
btc-updown-15m-1778197500,138,0,0,33617
btc-updown-15m-1778202000,160,2,0,39289
btc-updown-15m-1778206500,132,0,0,32546
btc-updown-15m-1778211000,154,2,2,38179
btc-updown-15m-1778215500,94,0,0,23639
btc-updown-15m-1778220000,106,0,0,26108
btc-updown-15m-1778224500,188,2,2,45878
btc-updown-15m-1778229000,132,2,0,32348
btc-updown-15m-1778233500,180,2,0,43951
btc-updown-15m-1778238000,242,6,2,58990
btc-updown-15m-1778242500,194,2,0,47473
btc-updown-15m-1778247000,280,2,0,68604
btc-updown-15m-1778251500,246,0,0,60753
btc-updown-15m-1778256000,138,2,0,33953
btc-updown-15m-1778260500,146,0,0,36088
btc-updown-15m-1778265000,208,4,0,50816
btc-updown-15m-1778269500,156,2,2,38340
btc-updown-15m-1778274000,120,2,0,29640
btc-updown-15m-1778278500,126,0,0,31052
btc-updown-15m-1778283000,112,0,0,27504
btc-updown-15m-1778287500,138,2,0,33674
btc-updown-15m-1778292000,78,2,0,19333
btc-updown-15m-1778296500,104,0,0,25296
btc-updown-15m-1778301000,108,2,0,26310
btc-updown-15m-1778305500,56,0,0,13889
btc-updown-15m-1778310000,58,0,0,14281
btc-updown-15m-1778314500,74,0,0,18215
btc-updown-15m-1778319000,102,0,0,24694
btc-updown-15m-1778323500,44,0,0,11096
btc-updown-15m-1778328000,94,2,2,22786
btc-updown-15m-1778332500,54,0,0,13518
btc-updown-15m-1778337000,118,0,0,28932
btc-updown-15m-1778341500,98,0,0,24292
btc-updown-15m-1778346000,108,2,0,26488
btc-updown-15m-1778350500,98,2,0,23893
btc-updown-15m-1778355000,96,0,0,23435
btc-updown-15m-1778359500,110,4,0,26549
btc-updown-15m-1778364000,108,0,0,26323
btc-updown-15m-1778368500,114,0,0,28289
btc-updown-15m-1778373000,116,6,0,28133
btc-updown-15m-1778377500,138,0,0,34038
btc-updown-15m-1778382000,110,0,0,26822
btc-updown-15m-1778386500,106,0,0,26283
btc-updown-15m-1778391000,104,0,0,24908
btc-updown-15m-1778395500,100,0,0,24708
btc-updown-15m-1778400000,122,2,0,30036
btc-updown-15m-1778404500,94,0,0,22968
btc-updown-15m-1778409000,100,2,0,24572
btc-updown-15m-1778413500,118,4,2,27964
btc-updown-15m-1778418000,120,2,2,29250
btc-updown-15m-1778422500,102,2,0,24996
btc-updown-15m-1778427000,106,2,2,26027
btc-updown-15m-1778431500,114,4,4,27706
btc-updown-15m-1778436000,142,0,0,34317
btc-updown-15m-1778440500,96,0,0,23505
btc-updown-15m-1778445000,148,2,0,36077
btc-updown-15m-1778449500,186,2,0,45237
btc-updown-15m-1778454000,136,0,0,33396
btc-updown-15m-1778458500,228,10,6,55479
btc-updown-15m-1778463000,202,2,0,50077
btc-updown-15m-1778467500,188,2,0,46119
btc-updown-15m-1778472000,168,2,2,41319
btc-updown-15m-1778476500,114,0,0,28075
btc-updown-15m-1778481000,154,4,0,37699
btc-updown-15m-1778485500,172,2,0,41741
btc-updown-15m-1778490000,98,0,0,24481
btc-updown-15m-1778494500,100,0,0,24509
btc-updown-15m-1778499000,120,2,2,29349
btc-updown-15m-1778503500,130,2,0,31851
btc-updown-15m-1778508000,144,0,0,34991
btc-updown-15m-1778512500,260,0,0,63691
btc-updown-15m-1778517000,256,2,0,62099
btc-updown-15m-1778521500,216,0,0,52652
btc-updown-15m-1778526000,214,2,0,52396
btc-updown-15m-1778530500,230,2,2,56037
btc-updown-15m-1778535000,162,4,2,39344
btc-updown-15m-1778539500,144,0,0,35549
btc-updown-15m-1778544000,180,4,2,44361
btc-updown-15m-1778548500,252,4,0,61445
btc-updown-15m-1778553000,128,0,0,31357
btc-updown-15m-1778557500,122,2,0,30662
btc-updown-15m-1778562000,168,2,0,41443
btc-updown-15m-1778566500,172,2,0,41870
btc-updown-15m-1778571000,216,0,0,52919
btc-updown-15m-1778575500,134,0,0,33158
btc-updown-15m-1778580000,176,8,2,42721
btc-updown-15m-1778584500,228,0,0,55248
btc-updown-15m-1778589000,200,2,2,48891
btc-updown-15m-1778593500,98,2,2,23973
btc-updown-15m-1778598000,230,2,2,55845
btc-updown-15m-1778602500,162,0,0,39266
btc-updown-15m-1778607000,160,2,0,38810
btc-updown-15m-1778611500,162,4,2,39655
btc-updown-15m-1778616000,140,0,0,33721
btc-updown-15m-1778620500,106,0,0,25997
btc-updown-15m-1778625000,144,0,0,35400
btc-updown-15m-1778629500,128,0,0,31421
btc-updown-15m-1778634000,122,2,0,29982
btc-updown-15m-1778638500,118,4,0,28412
btc-updown-15m-1778643000,148,2,2,36328
btc-updown-15m-1778647500,130,2,2,32083
btc-updown-15m-1778652000,96,0,0,23493
btc-updown-15m-1778656500,82,2,0,20049
btc-updown-15m-1778661000,162,2,0,38673
btc-updown-15m-1778665500,144,4,0,35572
btc-updown-15m-1778670000,106,0,0,25523
btc-updown-15m-1778674500,112,4,4,27530
btc-updown-15m-1778679000,150,4,0,36791
btc-updown-15m-1778683500,256,6,2,62318
btc-updown-15m-1778688000,200,2,2,47633
btc-updown-15m-1778692500,158,2,0,38960
btc-updown-15m-1778697000,192,2,2,46972
btc-updown-15m-1778701500,186,6,0,45716
btc-updown-15m-1778706000,92,0,0,22772
btc-updown-15m-1778710500,108,0,0,26849
btc-updown-15m-1778715000,126,6,2,30833
