slug,epoch,month,result_id,t_sec,up_bid,up_bid_sz,up_ask,up_ask_sz,up_top3_bid,up_top3_ask,down_bid,down_bid_sz,down_ask,down_ask_sz,down_top3_bid,down_top3_ask,age_ms,replay_start_off_s
btc-updown-15m-1764972000,1764972000,2025-12,1,780,0.01,7355.3,0.02,1100.12,7355.3,3134.22,0.98,1100.12,0.99,7355.3,3134.22,7355.3,352,749.5
btc-updown-15m-1764972000,1764972000,2025-12,1,840,,,0.01,5785.92,0,7697.28,0.99,5785.92,,,7697.28,0,1257,749.5
btc-updown-15m-1764972000,1764972000,2025-12,1,870,,,0.01,6951.22,0,8820.58,0.99,6951.22,,,8820.58,0,1801,749.5
btc-updown-15m-1764972000,1764972000,2025-12,1,885,,,0.01,6895.92,0,8755.28,0.99,6895.92,,,8755.28,0,196,749.5
btc-updown-15m-1764972000,1764972000,2025-12,1,897,,,0.01,7671.38,0,9479.74,0.99,7671.38,,,9479.74,0,302,749.5
btc-updown-15m-1764972000,1764972000,2025-12,1,899,,,0.01,8518.38,0,10326.74,0.99,8518.38,,,10326.74,0,207,749.5
btc-updown-15m-1764973800,1764973800,2025-12,0,780,0.88,122.49,0.9,1184.32,469.49,3342.65,0.1,1184.32,0.12,122.49,3342.65,469.49,248,769.8
btc-updown-15m-1764973800,1764973800,2025-12,0,840,0.98,388.45,0.99,4119.02,2423.45,4119.02,0.01,4119.02,0.02,388.45,4119.02,2423.45,35,769.8
btc-updown-15m-1764973800,1764973800,2025-12,0,870,0.91,30.49,0.92,120,1334.98,390,0.08,120,0.09,30.49,390,1334.98,6,769.8
btc-updown-15m-1764973800,1764973800,2025-12,0,885,0.93,80,0.94,176.81,170,374.51,0.06,176.81,0.07,80,374.51,170,14,769.8
btc-updown-15m-1764973800,1764973800,2025-12,0,897,0.99,752.42,,,1168.24,0,,,0.01,752.42,0,1168.24,138,769.8
btc-updown-15m-1764973800,1764973800,2025-12,0,899,0.99,1367.09,,,1782.91,0,,,0.01,1367.09,0,1782.91,7,769.8
btc-updown-15m-1764974700,1764974700,2025-12,1,780,0.66,19.68,0.67,547,699.2,2524,0.33,547,0.34,19.68,2524,699.2,168882,602
btc-updown-15m-1764974700,1764974700,2025-12,1,840,0.66,19.68,0.67,547,699.2,2524,0.33,547,0.34,19.68,2524,699.2,228882,602
btc-updown-15m-1764974700,1764974700,2025-12,1,870,0.66,19.68,0.67,547,699.2,2524,0.33,547,0.34,19.68,2524,699.2,258882,602
btc-updown-15m-1764974700,1764974700,2025-12,1,885,0.66,19.68,0.67,547,699.2,2524,0.33,547,0.34,19.68,2524,699.2,273882,602
btc-updown-15m-1764974700,1764974700,2025-12,1,897,0.66,19.68,0.67,547,699.2,2524,0.33,547,0.34,19.68,2524,699.2,285882,602
btc-updown-15m-1764974700,1764974700,2025-12,1,899,0.66,19.68,0.67,547,699.2,2524,0.33,547,0.34,19.68,2524,699.2,287882,602
btc-updown-15m-1764975600,1764975600,2025-12,1,780,0.49,734.66,0.51,734.28,2641.66,2641.28,0.49,734.28,0.51,734.66,2641.28,2641.66,6457991,-8103.9
btc-updown-15m-1764975600,1764975600,2025-12,1,840,0.49,734.66,0.51,734.28,2641.66,2641.28,0.49,734.28,0.51,734.66,2641.28,2641.66,6517991,-8103.9
btc-updown-15m-1764975600,1764975600,2025-12,1,870,0.49,734.66,0.51,734.28,2641.66,2641.28,0.49,734.28,0.51,734.66,2641.28,2641.66,6547991,-8103.9
btc-updown-15m-1764975600,1764975600,2025-12,1,885,0.49,734.66,0.51,734.28,2641.66,2641.28,0.49,734.28,0.51,734.66,2641.28,2641.66,6562991,-8103.9
btc-updown-15m-1764975600,1764975600,2025-12,1,897,0.49,734.66,0.51,734.28,2641.66,2641.28,0.49,734.28,0.51,734.66,2641.28,2641.66,6574991,-8103.9
btc-updown-15m-1764975600,1764975600,2025-12,1,899,0.49,734.66,0.51,734.28,2641.66,2641.28,0.49,734.28,0.51,734.66,2641.28,2641.66,6576991,-8103.9
btc-updown-15m-1764976500,1764976500,2025-12,0,780,0.49,1112.17,0.51,1110.11,3214.38,3212.32,0.49,1110.11,0.51,1112.17,3212.32,3214.38,2168566,-3569.2
btc-updown-15m-1764976500,1764976500,2025-12,0,840,0.49,1112.17,0.51,1110.11,3214.38,3212.32,0.49,1110.11,0.51,1112.17,3212.32,3214.38,2228566,-3569.2
btc-updown-15m-1764976500,1764976500,2025-12,0,870,0.49,1112.17,0.51,1110.11,3214.38,3212.32,0.49,1110.11,0.51,1112.17,3212.32,3214.38,2258566,-3569.2
btc-updown-15m-1764976500,1764976500,2025-12,0,885,0.49,1112.17,0.51,1110.11,3214.38,3212.32,0.49,1110.11,0.51,1112.17,3212.32,3214.38,2273566,-3569.2
btc-updown-15m-1764976500,1764976500,2025-12,0,897,0.49,1112.17,0.51,1110.11,3214.38,3212.32,0.49,1110.11,0.51,1112.17,3212.32,3214.38,2285566,-3569.2
btc-updown-15m-1764976500,1764976500,2025-12,0,899,0.49,1112.17,0.51,1110.11,3214.38,3212.32,0.49,1110.11,0.51,1112.17,3212.32,3214.38,2287566,-3569.2
btc-updown-15m-1764977400,1764977400,2025-12,1,780,0.49,1050.62,0.51,1054.6,3152.83,3156.81,0.49,1054.6,0.51,1050.62,3156.81,3152.83,2528385,-3768.3
btc-updown-15m-1764977400,1764977400,2025-12,1,840,0.49,1050.62,0.51,1054.6,3152.83,3156.81,0.49,1054.6,0.51,1050.62,3156.81,3152.83,2588385,-3768.3
btc-updown-15m-1764977400,1764977400,2025-12,1,870,0.49,1050.62,0.51,1054.6,3152.83,3156.81,0.49,1054.6,0.51,1050.62,3156.81,3152.83,2618385,-3768.3
btc-updown-15m-1764977400,1764977400,2025-12,1,885,0.49,1050.62,0.51,1054.6,3152.83,3156.81,0.49,1054.6,0.51,1050.62,3156.81,3152.83,2633385,-3768.3
btc-updown-15m-1764977400,1764977400,2025-12,1,897,0.49,1050.62,0.51,1054.6,3152.83,3156.81,0.49,1054.6,0.51,1050.62,3156.81,3152.83,2645385,-3768.3
btc-updown-15m-1764977400,1764977400,2025-12,1,899,0.49,1050.62,0.51,1054.6,3152.83,3156.81,0.49,1054.6,0.51,1050.62,3156.81,3152.83,2647385,-3768.3
btc-updown-15m-1764978300,1764978300,2025-12,0,780,0.5,3.19,0.51,778.49,1349.33,2865.7,0.49,778.49,0.5,3.19,2865.7,1349.33,4332158,-5382.3
btc-updown-15m-1764978300,1764978300,2025-12,0,840,0.5,3.19,0.51,778.49,1349.33,2865.7,0.49,778.49,0.5,3.19,2865.7,1349.33,4392158,-5382.3
btc-updown-15m-1764978300,1764978300,2025-12,0,870,0.5,3.19,0.51,778.49,1349.33,2865.7,0.49,778.49,0.5,3.19,2865.7,1349.33,4422158,-5382.3
btc-updown-15m-1764978300,1764978300,2025-12,0,885,0.5,3.19,0.51,778.49,1349.33,2865.7,0.49,778.49,0.5,3.19,2865.7,1349.33,4437158,-5382.3
btc-updown-15m-1764978300,1764978300,2025-12,0,897,0.5,3.19,0.51,778.49,1349.33,2865.7,0.49,778.49,0.5,3.19,2865.7,1349.33,4449158,-5382.3
btc-updown-15m-1764978300,1764978300,2025-12,0,899,0.5,3.19,0.51,778.49,1349.33,2865.7,0.49,778.49,0.5,3.19,2865.7,1349.33,4451158,-5382.3
btc-updown-15m-1764979200,1764979200,2025-12,1,780,,,0.01,7606.07,0,8672.27,0.99,7606.07,,,8672.27,0,55,734
btc-updown-15m-1764979200,1764979200,2025-12,1,840,,,0.01,8412.68,0,9461.88,0.99,8412.68,,,9461.88,0,620,734
btc-updown-15m-1764979200,1764979200,2025-12,1,870,,,0.01,9327.88,0,10279.08,0.99,9327.88,,,10279.08,0,750,734
btc-updown-15m-1764979200,1764979200,2025-12,1,885,,,0.01,9349.78,0,10313.98,0.99,9349.78,,,10313.98,0,3781,734
btc-updown-15m-1764979200,1764979200,2025-12,1,897,,,0.01,10010.47,0,10965.67,0.99,10010.47,,,10965.67,0,282,734
btc-updown-15m-1764979200,1764979200,2025-12,1,899,,,0.01,10825.25,0,11780.45,0.99,10825.25,,,11780.45,0,186,734
btc-updown-15m-1764980100,1764980100,2025-12,0,780,0.8,80.32,0.82,20.9,1547.32,83.1,0.18,20.9,0.2,80.32,83.1,1547.32,3,775.7
btc-updown-15m-1764980100,1764980100,2025-12,0,840,0.93,70,0.95,47.86,187,329.86,0.05,47.86,0.07,70,329.86,187,17,775.7
btc-updown-15m-1764980100,1764980100,2025-12,0,870,0.99,2364.01,,,4195.07,0,,,0.01,2364.01,0,4195.07,135,775.7
btc-updown-15m-1764980100,1764980100,2025-12,0,885,0.99,1907.67,,,3733.73,0,,,0.01,1907.67,0,3733.73,2754,775.7
btc-updown-15m-1764980100,1764980100,2025-12,0,897,0.99,4668.67,,,5312.73,0,,,0.01,4668.67,0,5312.73,952,775.7
btc-updown-15m-1764980100,1764980100,2025-12,0,899,0.99,5524.73,,,6168.79,0,,,0.01,5524.73,0,6168.79,493,775.7
btc-updown-15m-1764981000,1764981000,2025-12,0,780,0.99,3521.32,,,3903.97,0,,,0.01,3521.32,0,3903.97,1806,652.7
btc-updown-15m-1764981000,1764981000,2025-12,0,840,0.99,6553.63,,,6897.26,0,,,0.01,6553.63,0,6897.26,53,652.7
btc-updown-15m-1764981000,1764981000,2025-12,0,870,0.99,7748.63,,,8049.26,0,,,0.01,7748.63,0,8049.26,2111,652.7
btc-updown-15m-1764981000,1764981000,2025-12,0,885,0.99,6856.73,,,7157.36,0,,,0.01,6856.73,0,7157.36,1114,652.7
btc-updown-15m-1764981000,1764981000,2025-12,0,897,0.99,8442.35,,,8696.98,0,,,0.01,8442.35,0,8696.98,315,652.7
btc-updown-15m-1764981000,1764981000,2025-12,0,899,0.99,9274.35,,,9528.98,0,,,0.01,9274.35,0,9528.98,69,652.7
btc-updown-15m-1764981900,1764981900,2025-12,1,780,0.3,60.71,0.31,5,205.71,259.56,0.69,5,0.7,60.71,259.56,205.71,111,772.3
btc-updown-15m-1764981900,1764981900,2025-12,1,840,0.49,38.2,0.5,125,160.33,1151.36,0.5,125,0.51,38.2,1151.36,160.33,43,772.3
btc-updown-15m-1764981900,1764981900,2025-12,1,870,0.16,85.68,0.17,265.06,201.29,437.84,0.83,265.06,0.84,85.68,437.84,201.29,74,772.3
btc-updown-15m-1764981900,1764981900,2025-12,1,885,0.04,542.44,0.05,78.8,737.6,109.8,0.95,78.8,0.96,542.44,109.8,737.6,2,772.3
btc-updown-15m-1764981900,1764981900,2025-12,1,897,,,0.01,130.6,0,719.04,0.99,130.6,,,719.04,0,105,772.3
btc-updown-15m-1764981900,1764981900,2025-12,1,899,,,0.01,835.6,0,1605.74,0.99,835.6,,,1605.74,0,219,772.3
btc-updown-15m-1764982800,1764982800,2025-12,1,780,0.22,97,0.23,21,361,1591.8,0.77,21,0.78,97,1591.8,361,214,775.2
btc-updown-15m-1764982800,1764982800,2025-12,1,840,0.03,381.15,0.04,250,5531.7,671.14,0.96,250,0.97,381.15,671.14,5531.7,15,775.2
btc-updown-15m-1764982800,1764982800,2025-12,1,870,,,0.01,1964.94,0,3097.73,0.99,1964.94,,,3097.73,0,326,775.2
btc-updown-15m-1764982800,1764982800,2025-12,1,885,,,0.01,1058.71,0,3364.7,0.99,1058.71,,,3364.7,0,603,775.2
btc-updown-15m-1764982800,1764982800,2025-12,1,897,,,0.01,2073.71,0,3197.7,0.99,2073.71,,,3197.7,0,582,775.2
btc-updown-15m-1764982800,1764982800,2025-12,1,899,,,0.01,5218.71,0,6342.7,0.99,5218.71,,,6342.7,0,200,775.2
btc-updown-15m-1764984600,1764984600,2025-12,1,780,,,0.01,10557.34,0,13693.55,0.99,10557.34,,,13693.55,0,331,671.1
btc-updown-15m-1764984600,1764984600,2025-12,1,840,,,0.01,12066.37,0,15074.58,0.99,12066.37,,,15074.58,0,166,671.1
btc-updown-15m-1764984600,1764984600,2025-12,1,870,,,0.01,11964.71,0,15096.92,0.99,11964.71,,,15096.92,0,789,671.1
btc-updown-15m-1764984600,1764984600,2025-12,1,885,,,0.01,11855.54,0,15091.84,0.99,11855.54,,,15091.84,0,49,671.1
btc-updown-15m-1764984600,1764984600,2025-12,1,897,,,0.01,13317.24,0,16517.54,0.99,13317.24,,,16517.54,0,234,671.1
btc-updown-15m-1764984600,1764984600,2025-12,1,899,,,0.01,14364.26,0,17569.56,0.99,14364.26,,,17569.56,0,17,671.1
btc-updown-15m-1764985500,1764985500,2025-12,0,780,0.61,90,0.62,1,423,396.8,0.38,1,0.39,90,396.8,423,3,776.2
btc-updown-15m-1764985500,1764985500,2025-12,0,840,0.97,70,0.99,3362.2,799.99,3362.2,0.01,3362.2,0.03,70,3362.2,799.99,150,776.2
btc-updown-15m-1764985500,1764985500,2025-12,0,870,0.99,171.29,,,1021.29,0,,,0.01,171.29,0,1021.29,10,776.2
btc-updown-15m-1764985500,1764985500,2025-12,0,885,0.99,5752.85,,,6605.05,0,,,0.01,5752.85,0,6605.05,442,776.2
btc-updown-15m-1764985500,1764985500,2025-12,0,897,0.99,4495.56,,,5335.76,0,,,0.01,4495.56,0,5335.76,126,776.2
btc-updown-15m-1764985500,1764985500,2025-12,0,899,0.99,5361.62,,,6206.82,0,,,0.01,5361.62,0,6206.82,67,776.2
btc-updown-15m-1764986400,1764986400,2025-12,1,780,0.08,214.92,0.1,60,299.92,193,0.9,60,0.92,214.92,193,299.92,42,773.4
btc-updown-15m-1764986400,1764986400,2025-12,1,840,0.05,5,0.07,10,728,231.4,0.93,10,0.95,5,231.4,728,38,773.4
btc-updown-15m-1764986400,1764986400,2025-12,1,870,0.07,22,0.08,15,83.7,214,0.92,15,0.93,22,214,83.7,86,773.4
btc-updown-15m-1764986400,1764986400,2025-12,1,885,0.03,180,0.05,43,567.14,437.2,0.95,43,0.97,180,437.2,567.14,79,773.4
btc-updown-15m-1764986400,1764986400,2025-12,1,897,,,0.01,3200.6,0,3908.43,0.99,3200.6,,,3908.43,0,13,773.4
btc-updown-15m-1764986400,1764986400,2025-12,1,899,,,0.01,5814.31,0,6522.14,0.99,5814.31,,,6522.14,0,93,773.4
btc-updown-15m-1764987300,1764987300,2025-12,1,780,0.58,70,0.59,44.4,395,135.4,0.41,44.4,0.42,70,135.4,395,93,775.4
btc-updown-15m-1764987300,1764987300,2025-12,1,840,0.24,506.9,0.25,41.66,769.5,78.25,0.75,41.66,0.76,506.9,78.25,769.5,0,775.4
btc-updown-15m-1764987300,1764987300,2025-12,1,870,0.27,476.76,0.28,72.52,558.76,182.94,0.72,72.52,0.73,476.76,182.94,558.76,130,775.4
btc-updown-15m-1764987300,1764987300,2025-12,1,885,0.26,28,0.27,11.84,38,130,0.73,11.84,0.74,28,130,38,7,775.4
btc-updown-15m-1764987300,1764987300,2025-12,1,897,0.01,3430.19,0.06,180,3430.19,323.67,0.94,180,0.99,3430.19,323.67,3430.19,224,775.4
btc-updown-15m-1764987300,1764987300,2025-12,1,899,0.01,2272.32,0.02,255,2272.32,288.73,0.98,255,0.99,2272.32,288.73,2272.32,12,775.4
btc-updown-15m-1764988200,1764988200,2025-12,1,780,0.42,70,0.45,121.77,567.5,1549.77,0.55,121.77,0.58,70,1549.77,567.5,5,778.9
btc-updown-15m-1764988200,1764988200,2025-12,1,840,0.22,272.02,0.26,5,407.02,237,0.74,5,0.78,272.02,237,407.02,1,778.9
btc-updown-15m-1764988200,1764988200,2025-12,1,870,0.02,403.37,0.03,5,5483.34,583.5,0.97,5,0.98,403.37,583.5,5483.34,38,778.9
btc-updown-15m-1764988200,1764988200,2025-12,1,885,0.01,4653.74,0.02,71.1,4653.74,432.56,0.98,71.1,0.99,4653.74,432.56,4653.74,353,778.9
btc-updown-15m-1764988200,1764988200,2025-12,1,897,,,0.01,3472.36,0,3987.54,0.99,3472.36,,,3987.54,0,47,778.9
btc-updown-15m-1764988200,1764988200,2025-12,1,899,,,0.01,7052.52,0,7567.85,0.99,7052.52,,,7567.85,0,157,778.9
btc-updown-15m-1764989100,1764989100,2025-12,0,780,0.99,2695.95,,,4730.24,0,,,0.01,2695.95,0,4730.24,81,757.4
btc-updown-15m-1764989100,1764989100,2025-12,0,840,0.99,3034.7,,,5316.04,0,,,0.01,3034.7,0,5316.04,708,757.4
btc-updown-15m-1764989100,1764989100,2025-12,0,870,0.99,4941.9,,,7074.2,0,,,0.01,4941.9,0,7074.2,1038,757.4
btc-updown-15m-1764989100,1764989100,2025-12,0,885,0.99,5465,,,7597.3,0,,,0.01,5465,0,7597.3,472,757.4
btc-updown-15m-1764989100,1764989100,2025-12,0,897,0.99,6583.43,,,8705.73,0,,,0.01,6583.43,0,8705.73,366,757.4
btc-updown-15m-1764989100,1764989100,2025-12,0,899,0.99,7616.38,,,9738.68,0,,,0.01,7616.38,0,9738.68,34,757.4
btc-updown-15m-1764990000,1764990000,2025-12,0,780,0.99,9979.65,,,10531.9,0,,,0.01,9979.65,0,10531.9,8988,689.1
btc-updown-15m-1764990000,1764990000,2025-12,0,840,0.999,260,,,11869.61,0,,,0.001,260,0,11869.61,1515,689.1
btc-updown-15m-1764990000,1764990000,2025-12,0,870,0.999,811.43,,,2000.43,0,,,0.001,811.43,0,2000.43,400,689.1
btc-updown-15m-1764990000,1764990000,2025-12,0,885,0.999,797.43,,,1986.43,0,,,0.001,797.43,0,1986.43,1984,689.1
btc-updown-15m-1764990000,1764990000,2025-12,0,897,0.999,1696.43,,,11985.13,0,,,0.001,1696.43,0,11985.13,98,689.1
btc-updown-15m-1764990000,1764990000,2025-12,0,899,0.999,1596.43,,,12964.15,0,,,0.001,1596.43,0,12964.15,28,689.1
btc-updown-15m-1764990900,1764990900,2025-12,1,780,,,0.01,3785.64,0,6814.8,0.99,3785.64,,,6814.8,0,1877,663.8
btc-updown-15m-1764990900,1764990900,2025-12,1,840,,,0.01,5328.7,0,8369.86,0.99,5328.7,,,8369.86,0,192,663.8
btc-updown-15m-1764990900,1764990900,2025-12,1,870,,,0.01,5988.04,0,7094.2,0.99,5988.04,,,7094.2,0,971,663.8
btc-updown-15m-1764990900,1764990900,2025-12,1,885,,,0.01,6057.24,0,7013.4,0.99,6057.24,,,7013.4,0,1391,663.8
btc-updown-15m-1764990900,1764990900,2025-12,1,897,,,0.01,6464.76,0,7393.92,0.99,6464.76,,,7393.92,0,363,663.8
btc-updown-15m-1764990900,1764990900,2025-12,1,899,,,0.01,7259.51,0,8188.67,0.99,7259.51,,,8188.67,0,70,663.8
btc-updown-15m-1764991800,1764991800,2025-12,0,780,0.98,5959.66,0.99,623.63,11267.4,623.63,0.01,623.63,0.02,5959.66,623.63,11267.4,261,767.6
btc-updown-15m-1764991800,1764991800,2025-12,0,840,0.999,50,,,1246,0,,,0.001,50,0,1246,267,767.6
btc-updown-15m-1764991800,1764991800,2025-12,0,870,0.999,5900,,,7101,0,,,0.001,5900,0,7101,380,767.6
btc-updown-15m-1764991800,1764991800,2025-12,0,885,0.999,5892.18,,,5911.18,0,,,0.001,5892.18,0,5911.18,1473,767.6
btc-updown-15m-1764991800,1764991800,2025-12,0,897,0.999,7566.18,,,10506.44,0,,,0.001,7566.18,0,10506.44,516,767.6
btc-updown-15m-1764991800,1764991800,2025-12,0,899,0.999,7566.18,,,11058.44,0,,,0.001,7566.18,0,11058.44,83,767.6
btc-updown-15m-1764992700,1764992700,2025-12,0,780,0.58,100,0.6,75,272,423,0.4,75,0.42,100,423,272,268,769
btc-updown-15m-1764992700,1764992700,2025-12,0,840,0.64,86.29,0.68,92.8,382.29,502.72,0.32,92.8,0.36,86.29,502.72,382.29,8,769
btc-updown-15m-1764992700,1764992700,2025-12,0,870,0.36,62.98,0.4,18,198.88,144.47,0.6,18,0.64,62.98,144.47,198.88,13,769
btc-updown-15m-1764992700,1764992700,2025-12,0,885,0.34,70,0.36,70,337,208.2,0.64,70,0.66,70,208.2,337,78,769
btc-updown-15m-1764992700,1764992700,2025-12,0,897,0.48,15.11,0.6,50,95.22,105,0.4,50,0.52,15.11,105,95.22,9,769
btc-updown-15m-1764992700,1764992700,2025-12,0,899,0.49,6.52,0.5,596.43,70.85,987.5,0.5,596.43,0.51,6.52,987.5,70.85,11,769
btc-updown-15m-1764993600,1764993600,2025-12,1,780,0.01,1723.82,0.02,754.42,1723.82,1263.71,0.98,754.42,0.99,1723.82,1263.71,1723.82,44,746.9
btc-updown-15m-1764993600,1764993600,2025-12,1,840,,,0.01,1082.27,0,5249.72,0.99,1082.27,,,5249.72,0,1635,746.9
btc-updown-15m-1764993600,1764993600,2025-12,1,870,,,0.01,5960.99,0,10044.06,0.99,5960.99,,,10044.06,0,1051,746.9
btc-updown-15m-1764993600,1764993600,2025-12,1,885,,,0.01,5767.72,0,9850.79,0.99,5767.72,,,9850.79,0,1647,746.9
btc-updown-15m-1764993600,1764993600,2025-12,1,897,,,0.01,8263.06,0,11107.13,0.99,8263.06,,,11107.13,0,972,746.9
btc-updown-15m-1764993600,1764993600,2025-12,1,899,,,0.01,8917.12,0,11761.19,0.99,8917.12,,,11761.19,0,133,746.9
btc-updown-15m-1764995400,1764995400,2025-12,1,780,0.03,1208.4,0.06,5,5893.18,333.71,0.94,5,0.97,1208.4,333.71,5893.18,2,773.9
btc-updown-15m-1764995400,1764995400,2025-12,1,840,,,0.01,2794.54,0,4952.71,0.99,2794.54,,,4952.71,0,1397,773.9
btc-updown-15m-1764995400,1764995400,2025-12,1,870,,,0.01,260,0,2418.29,0.99,260,,,2418.29,0,499,773.9
btc-updown-15m-1764995400,1764995400,2025-12,1,885,,,0.01,1283.51,0,2235.8,0.99,1283.51,,,2235.8,0,434,773.9
btc-updown-15m-1764995400,1764995400,2025-12,1,897,,,0.01,1381.51,0,2273.8,0.99,1381.51,,,2273.8,0,923,773.9
btc-updown-15m-1764995400,1764995400,2025-12,1,899,,,0.01,1909.84,0,2802.13,0.99,1909.84,,,2802.13,0,263,773.9
btc-updown-15m-1764996300,1764996300,2025-12,0,780,0.98,1958.2,0.99,775.02,2184.2,775.02,0.01,775.02,0.02,1958.2,775.02,2184.2,1806,739.9
btc-updown-15m-1764996300,1764996300,2025-12,0,840,0.99,4636.53,,,5536.73,0,,,0.01,4636.53,0,5536.73,678,739.9
btc-updown-15m-1764996300,1764996300,2025-12,0,870,0.99,5551.45,,,6388.65,0,,,0.01,5551.45,0,6388.65,43,739.9
btc-updown-15m-1764996300,1764996300,2025-12,0,885,0.99,6121.65,,,6958.85,0,,,0.01,6121.65,0,6958.85,131,739.9
btc-updown-15m-1764996300,1764996300,2025-12,0,897,0.99,5860.65,,,6679.85,0,,,0.01,5860.65,0,6679.85,481,739.9
btc-updown-15m-1764996300,1764996300,2025-12,0,899,0.99,6076.71,,,6895.91,0,,,0.01,6076.71,0,6895.91,129,739.9
btc-updown-15m-1764997200,1764997200,2025-12,0,780,0.9,15,0.92,616.53,1574.49,908.93,0.08,616.53,0.1,15,908.93,1574.49,33,777.5
btc-updown-15m-1764997200,1764997200,2025-12,0,840,0.98,1679.06,0.99,680.23,4147.36,680.23,0.01,680.23,0.02,1679.06,680.23,4147.36,181,777.5
btc-updown-15m-1764997200,1764997200,2025-12,0,870,0.99,1752.79,,,4200.67,0,,,0.01,1752.79,0,4200.67,912,777.5
btc-updown-15m-1764997200,1764997200,2025-12,0,885,0.99,1847.89,,,2973.25,0,,,0.01,1847.89,0,2973.25,1719,777.5
btc-updown-15m-1764997200,1764997200,2025-12,0,897,0.99,2324.91,,,3438.27,0,,,0.01,2324.91,0,3438.27,545,777.5
btc-updown-15m-1764997200,1764997200,2025-12,0,899,0.99,2939.91,,,4053.27,0,,,0.01,2939.91,0,4053.27,82,777.5
btc-updown-15m-1764998100,1764998100,2025-12,1,780,,,0.01,2478.42,0,12384.8,0.99,2478.42,,,12384.8,0,2786,720.2
btc-updown-15m-1764998100,1764998100,2025-12,1,840,,,0.01,7364.42,0,15276.8,0.99,7364.42,,,15276.8,0,888,720.2
btc-updown-15m-1764998100,1764998100,2025-12,1,870,,,0.01,8262.16,0,15446.54,0.99,8262.16,,,15446.54,0,1812,720.2
btc-updown-15m-1764998100,1764998100,2025-12,1,885,,,0.01,8239.26,0,15416.64,0.99,8239.26,,,15416.64,0,866,720.2
btc-updown-15m-1764998100,1764998100,2025-12,1,897,,,0.01,9228.74,0,15210.12,0.99,9228.74,,,15210.12,0,93,720.2
btc-updown-15m-1764998100,1764998100,2025-12,1,899,,,0.01,9843.92,0,15825.3,0.99,9843.92,,,15825.3,0,83,720.2
btc-updown-15m-1764999000,1764999000,2025-12,1,780,0.02,3728.04,0.03,2383.55,6298.28,3748.55,0.97,2383.55,0.98,3728.04,3748.55,6298.28,1,747.7
btc-updown-15m-1764999000,1764999000,2025-12,1,840,0.07,1170.88,0.08,5,1279.98,109,0.92,5,0.93,1170.88,109,1279.98,5,747.7
btc-updown-15m-1764999000,1764999000,2025-12,1,870,,,0.01,6417.75,0,8966.2,0.99,6417.75,,,8966.2,0,159,747.7
btc-updown-15m-1764999000,1764999000,2025-12,1,885,,,0.01,7520.92,0,8832.37,0.99,7520.92,,,8832.37,0,924,747.7
btc-updown-15m-1764999000,1764999000,2025-12,1,897,,,0.01,8384.36,0,9683.81,0.99,8384.36,,,9683.81,0,968,747.7
btc-updown-15m-1764999000,1764999000,2025-12,1,899,,,0.01,8590.42,0,9889.87,0.99,8590.42,,,9889.87,0,442,747.7
btc-updown-15m-1764999900,1764999900,2025-12,0,780,0.98,923.65,0.99,1700.21,4064.46,1700.21,0.01,1700.21,0.02,923.65,1700.21,4064.46,490,772.6
btc-updown-15m-1764999900,1764999900,2025-12,0,840,0.99,4861.56,,,7358.73,0,,,0.01,4861.56,0,7358.73,298,772.6
btc-updown-15m-1764999900,1764999900,2025-12,0,870,0.99,5379,,,7505.65,0,,,0.01,5379,0,7505.65,1177,772.6
btc-updown-15m-1764999900,1764999900,2025-12,0,885,0.99,5872.1,,,7897.23,0,,,0.01,5872.1,0,7897.23,1643,772.6
btc-updown-15m-1764999900,1764999900,2025-12,0,897,0.99,6818.1,,,7624.23,0,,,0.01,6818.1,0,7624.23,18,772.6
btc-updown-15m-1764999900,1764999900,2025-12,0,899,0.99,7033.16,,,7839.29,0,,,0.01,7033.16,0,7839.29,31,772.6
btc-updown-15m-1765000800,1765000800,2025-12,0,780,0.94,41.29,0.95,2186.99,1609.63,3976.99,0.05,2186.99,0.06,41.29,3976.99,1609.63,35,774.8
btc-updown-15m-1765000800,1765000800,2025-12,0,840,0.98,1479.28,0.99,2040.56,1910.08,2040.56,0.01,2040.56,0.02,1479.28,2040.56,1910.08,251,774.8
btc-updown-15m-1765000800,1765000800,2025-12,0,870,0.99,1053.28,,,3332.98,0,,,0.01,1053.28,0,3332.98,829,774.8
btc-updown-15m-1765000800,1765000800,2025-12,0,885,0.99,1281.5,,,3638.2,0,,,0.01,1281.5,0,3638.2,2303,774.8
btc-updown-15m-1765000800,1765000800,2025-12,0,897,0.99,5835.25,,,7009.95,0,,,0.01,5835.25,0,7009.95,968,774.8
btc-updown-15m-1765000800,1765000800,2025-12,0,899,0.99,6854.38,,,8029.08,0,,,0.01,6854.38,0,8029.08,94,774.8
btc-updown-15m-1765001700,1765001700,2025-12,0,780,0.92,80,0.94,1228,9120.89,1339,0.06,1228,0.08,80,1339,9120.89,222,775.9
btc-updown-15m-1765001700,1765001700,2025-12,0,840,0.98,2421.79,0.99,2339.79,3004.89,2339.79,0.01,2339.79,0.02,2421.79,2339.79,3004.89,212,775.9
btc-updown-15m-1765001700,1765001700,2025-12,0,870,0.99,4659.97,,,6765.61,0,,,0.01,4659.97,0,6765.61,1132,775.9
btc-updown-15m-1765001700,1765001700,2025-12,0,885,0.99,1179.75,,,2103.39,0,,,0.01,1179.75,0,2103.39,507,775.9
btc-updown-15m-1765001700,1765001700,2025-12,0,897,0.99,2026.68,,,2907.32,0,,,0.01,2026.68,0,2907.32,286,775.9
btc-updown-15m-1765001700,1765001700,2025-12,0,899,0.99,2892.74,,,3773.38,0,,,0.01,2892.74,0,3773.38,14,775.9
btc-updown-15m-1765002600,1765002600,2025-12,1,780,0.01,852.99,0.02,1803.12,852.99,3254.5,0.98,1803.12,0.99,852.99,3254.5,852.99,54,753.6
btc-updown-15m-1765002600,1765002600,2025-12,1,840,,,0.01,3743.68,0,7311.22,0.99,3743.68,,,7311.22,0,1621,753.6
btc-updown-15m-1765002600,1765002600,2025-12,1,870,,,0.01,5663.24,0,9088.74,0.99,5663.24,,,9088.74,0,973,753.6
btc-updown-15m-1765002600,1765002600,2025-12,1,885,,,0.01,5752.5,0,7988,0.99,5752.5,,,7988,0,149,753.6
btc-updown-15m-1765002600,1765002600,2025-12,1,897,,,0.01,7755.98,0,9955.48,0.99,7755.98,,,9955.48,0,1,753.6
btc-updown-15m-1765002600,1765002600,2025-12,1,899,,,0.01,8583.76,0,10783.26,0.99,8583.76,,,10783.26,0,156,753.6
btc-updown-15m-1765003500,1765003500,2025-12,0,780,0.86,715.48,0.87,7,936.06,1840.07,0.13,7,0.14,715.48,1840.07,936.06,58,776.9
btc-updown-15m-1765003500,1765003500,2025-12,0,840,0.96,207,0.97,1266.63,7952.96,5499.87,0.03,1266.63,0.04,207,5499.87,7952.96,12,776.9
btc-updown-15m-1765003500,1765003500,2025-12,0,870,0.99,4855.4,,,6530.69,0,,,0.01,4855.4,0,6530.69,264,776.9
btc-updown-15m-1765003500,1765003500,2025-12,0,885,0.99,5337.51,,,6898.8,0,,,0.01,5337.51,0,6898.8,580,776.9
btc-updown-15m-1765003500,1765003500,2025-12,0,897,0.99,7029.09,,,8576.38,0,,,0.01,7029.09,0,8576.38,975,776.9
btc-updown-15m-1765003500,1765003500,2025-12,0,899,0.99,7560.24,,,9107.53,0,,,0.01,7560.24,0,9107.53,193,776.9
btc-updown-15m-1765005300,1765005300,2025-12,1,780,0.05,125,0.06,5,2659,179,0.94,5,0.95,125,179,2659,45,777.8
btc-updown-15m-1765005300,1765005300,2025-12,1,840,,,0.01,2734.63,0,4296.81,0.99,2734.63,,,4296.81,0,4482,777.8
btc-updown-15m-1765005300,1765005300,2025-12,1,870,,,0.01,5795.4,0,7323.58,0.99,5795.4,,,7323.58,0,870,777.8
btc-updown-15m-1765005300,1765005300,2025-12,1,885,,,0.01,5616.5,0,7060.88,0.99,5616.5,,,7060.88,0,887,777.8
btc-updown-15m-1765005300,1765005300,2025-12,1,897,,,0.01,7377.56,0,7599.94,0.99,7377.56,,,7599.94,0,123,777.8
btc-updown-15m-1765005300,1765005300,2025-12,1,899,,,0.01,8191.21,0,8418.74,0.99,8191.21,,,8418.74,0,61,777.8
btc-updown-15m-1765006200,1765006200,2025-12,0,780,0.97,143.66,0.98,117.01,2429.03,5957.4,0.02,117.01,0.03,143.66,5957.4,2429.03,27,771
btc-updown-15m-1765006200,1765006200,2025-12,0,840,0.99,2319.22,,,3672.22,0,,,0.01,2319.22,0,3672.22,697,771
btc-updown-15m-1765006200,1765006200,2025-12,0,870,0.99,2837.34,,,4329.34,0,,,0.01,2837.34,0,4329.34,8,771
btc-updown-15m-1765006200,1765006200,2025-12,0,885,0.99,3669.27,,,3986.27,0,,,0.01,3669.27,0,3986.27,240,771
btc-updown-15m-1765006200,1765006200,2025-12,0,897,0.99,5645.27,,,5965.27,0,,,0.01,5645.27,0,5965.27,971,771
btc-updown-15m-1765006200,1765006200,2025-12,0,899,0.99,6647.7,,,6967.7,0,,,0.01,6647.7,0,6967.7,117,771
btc-updown-15m-1765007100,1765007100,2025-12,1,780,0.28,5.05,0.3,15,996.05,222.62,0.7,15,0.72,5.05,222.62,996.05,0,774.6
btc-updown-15m-1765007100,1765007100,2025-12,1,840,0.06,43.66,0.07,5.05,1304.18,49.05,0.93,5.05,0.94,43.66,49.05,1304.18,70,774.6
btc-updown-15m-1765007100,1765007100,2025-12,1,870,,,0.01,405.54,0,699.41,0.99,405.54,,,699.41,0,25,774.6
btc-updown-15m-1765007100,1765007100,2025-12,1,885,,,0.01,4805.35,0,5089.42,0.99,4805.35,,,5089.42,0,256,774.6
btc-updown-15m-1765007100,1765007100,2025-12,1,897,,,0.01,5895.21,0,6138.28,0.99,5895.21,,,6138.28,0,975,774.6
btc-updown-15m-1765007100,1765007100,2025-12,1,899,,,0.01,6149.5,0,6392.57,0.99,6149.5,,,6392.57,0,179,774.6
btc-updown-15m-1765008000,1765008000,2025-12,1,780,0.04,952,0.07,1204,2937.21,1428,0.93,1204,0.96,952,1428,2937.21,0,770.3
btc-updown-15m-1765008000,1765008000,2025-12,1,840,0.01,4175.01,0.02,220.66,4175.01,1954.32,0.98,220.66,0.99,4175.01,1954.32,4175.01,157,770.3
btc-updown-15m-1765008000,1765008000,2025-12,1,870,,,0.01,287.76,0,1518.9,0.99,287.76,,,1518.9,0,385,770.3
btc-updown-15m-1765008000,1765008000,2025-12,1,885,,,0.01,6446.04,0,7353.18,0.99,6446.04,,,7353.18,0,264,770.3
btc-updown-15m-1765008000,1765008000,2025-12,1,897,,,0.01,8172.07,0,9067.21,0.99,8172.07,,,9067.21,0,972,770.3
btc-updown-15m-1765008000,1765008000,2025-12,1,899,,,0.01,8309.35,0,9204.49,0.99,8309.35,,,9204.49,0,81,770.3
btc-updown-15m-1765008900,1765008900,2025-12,1,780,,,0.01,2745.57,0,7714.93,0.99,2745.57,,,7714.93,0,3831,695
btc-updown-15m-1765008900,1765008900,2025-12,1,840,,,0.01,6823.48,0,11840.84,0.99,6823.48,,,11840.84,0,445,695
btc-updown-15m-1765008900,1765008900,2025-12,1,870,,,0.01,7658.23,0,12627.59,0.99,7658.23,,,12627.59,0,450,695
btc-updown-15m-1765008900,1765008900,2025-12,1,885,,,0.01,7650.33,0,12609.69,0.99,7650.33,,,12609.69,0,538,695
btc-updown-15m-1765008900,1765008900,2025-12,1,897,,,0.01,9230.85,0,14183.21,0.99,9230.85,,,14183.21,0,364,695
btc-updown-15m-1765008900,1765008900,2025-12,1,899,,,0.01,10273.58,0,15225.94,0.99,10273.58,,,15225.94,0,53,695
btc-updown-15m-1765009800,1765009800,2025-12,0,780,0.98,2005.74,0.99,1018.49,5615.43,1018.49,0.01,1018.49,0.02,2005.74,1018.49,5615.43,110,755.3
btc-updown-15m-1765009800,1765009800,2025-12,0,840,0.99,8793.23,,,11067.32,0,,,0.01,8793.23,0,11067.32,75,755.3
btc-updown-15m-1765009800,1765009800,2025-12,0,870,0.99,9835.38,,,12075.47,0,,,0.01,9835.38,0,12075.47,548,755.3
btc-updown-15m-1765009800,1765009800,2025-12,0,885,0.99,9818.06,,,12053.15,0,,,0.01,9818.06,0,12053.15,1028,755.3
btc-updown-15m-1765009800,1765009800,2025-12,0,897,0.99,11113.5,,,13334.59,0,,,0.01,11113.5,0,13334.59,162,755.3
btc-updown-15m-1765009800,1765009800,2025-12,0,899,0.99,11887.78,,,14108.87,0,,,0.01,11887.78,0,14108.87,66,755.3
btc-updown-15m-1765010700,1765010700,2025-12,1,780,0.01,101,0.02,120,101,484.42,0.98,120,0.99,101,484.42,101,677,767.7
btc-updown-15m-1765010700,1765010700,2025-12,1,840,,,0.01,2259.84,0,2730.3,0.99,2259.84,,,2730.3,0,131,767.7
btc-updown-15m-1765010700,1765010700,2025-12,1,870,,,0.01,5860.87,0,6336.81,0.99,5860.87,,,6336.81,0,373,767.7
btc-updown-15m-1765010700,1765010700,2025-12,1,885,,,0.01,5757.77,0,6132.19,0.99,5757.77,,,6132.19,0,915,767.7
btc-updown-15m-1765010700,1765010700,2025-12,1,897,,,0.01,8746.92,0,9114.34,0.99,8746.92,,,9114.34,0,425,767.7
btc-updown-15m-1765010700,1765010700,2025-12,1,899,,,0.01,9509.64,0,9777.06,0.99,9509.64,,,9777.06,0,22,767.7
btc-updown-15m-1765011600,1765011600,2025-12,0,780,0.99,3948.09,,,7915.39,0,,,0.01,3948.09,0,7915.39,227,667.7
btc-updown-15m-1765011600,1765011600,2025-12,0,840,0.99,5435.85,,,6428.15,0,,,0.01,5435.85,0,6428.15,459,667.7
btc-updown-15m-1765011600,1765011600,2025-12,0,870,0.99,6486.79,,,7459.09,0,,,0.01,6486.79,0,7459.09,820,667.7
btc-updown-15m-1765011600,1765011600,2025-12,0,885,0.99,6353.69,,,7318.99,0,,,0.01,6353.69,0,7318.99,335,667.7
btc-updown-15m-1765011600,1765011600,2025-12,0,897,0.99,7443.56,,,8389.86,0,,,0.01,7443.56,0,8389.86,270,667.7
btc-updown-15m-1765011600,1765011600,2025-12,0,899,0.99,8777.15,,,9723.45,0,,,0.01,8777.15,0,9723.45,47,667.7
btc-updown-15m-1765012500,1765012500,2025-12,0,780,0.99,460.38,,,7571.84,0,,,0.01,460.38,0,7571.84,11,764.3
btc-updown-15m-1765012500,1765012500,2025-12,0,840,0.99,5082.16,,,11277.89,0,,,0.01,5082.16,0,11277.89,267,764.3
btc-updown-15m-1765012500,1765012500,2025-12,0,870,0.99,5416.75,,,11602.48,0,,,0.01,5416.75,0,11602.48,1514,764.3
btc-updown-15m-1765012500,1765012500,2025-12,0,885,0.99,5466.05,,,11651.78,0,,,0.01,5466.05,0,11651.78,1597,764.3
btc-updown-15m-1765012500,1765012500,2025-12,0,897,0.99,8142.11,,,14288.84,0,,,0.01,8142.11,0,14288.84,117,764.3
btc-updown-15m-1765012500,1765012500,2025-12,0,899,0.99,15986.39,,,22133.12,0,,,0.01,15986.39,0,22133.12,237,764.3
btc-updown-15m-1765013400,1765013400,2025-12,1,780,0.44,1187.8,0.45,74,1580.8,169,0.55,74,0.56,1187.8,169,1580.8,24,777.5
btc-updown-15m-1765013400,1765013400,2025-12,1,840,0.06,93.9,0.08,116,1353.3,1122.55,0.92,116,0.94,93.9,1122.55,1353.3,55,777.5
btc-updown-15m-1765013400,1765013400,2025-12,1,870,0.03,1782.8,0.04,5,8060.8,105,0.96,5,0.97,1782.8,105,8060.8,35,777.5
btc-updown-15m-1765013400,1765013400,2025-12,1,885,0.02,1297.23,0.03,75,7391.53,382,0.97,75,0.98,1297.23,382,7391.53,144,777.5
btc-updown-15m-1765013400,1765013400,2025-12,1,897,,,0.01,815.76,0,960.76,0.99,815.76,,,960.76,0,1,777.5
btc-updown-15m-1765013400,1765013400,2025-12,1,899,,,0.01,3065.32,0,3170.32,0.99,3065.32,,,3170.32,0,57,777.5
btc-updown-15m-1765014300,1765014300,2025-12,1,780,0.29,47,0.31,2.26,373,1455.56,0.69,2.26,0.71,47,1455.56,373,13,778.8
btc-updown-15m-1765014300,1765014300,2025-12,1,840,0.01,714.73,0.02,3694.27,714.73,7395.22,0.98,3694.27,0.99,714.73,7395.22,714.73,203,778.8
btc-updown-15m-1765014300,1765014300,2025-12,1,870,,,0.01,1947.37,0,8540.81,0.99,1947.37,,,8540.81,0,332,778.8
btc-updown-15m-1765014300,1765014300,2025-12,1,885,,,0.01,3371.28,0,7401.13,0.99,3371.28,,,7401.13,0,629,778.8
btc-updown-15m-1765014300,1765014300,2025-12,1,897,,,0.01,6324.78,0,10313.63,0.99,6324.78,,,10313.63,0,446,778.8
btc-updown-15m-1765014300,1765014300,2025-12,1,899,,,0.01,7124.4,0,11113.25,0.99,7124.4,,,11113.25,0,184,778.8
btc-updown-15m-1765016100,1765016100,2025-12,1,780,0.05,14,0.09,67.72,2737.38,653.87,0.91,67.72,0.95,14,653.87,2737.38,18,774.4
btc-updown-15m-1765016100,1765016100,2025-12,1,840,,,0.01,788.65,0,3967.02,0.99,788.65,,,3967.02,0,14,774.4
btc-updown-15m-1765016100,1765016100,2025-12,1,870,,,0.01,935.75,0,3746.32,0.99,935.75,,,3746.32,0,2368,774.4
btc-updown-15m-1765016100,1765016100,2025-12,1,885,,,0.01,1020.35,0,4286.92,0.99,1020.35,,,4286.92,0,1423,774.4
btc-updown-15m-1765016100,1765016100,2025-12,1,897,,,0.01,5621.35,0,8862.92,0.99,5621.35,,,8862.92,0,971,774.4
btc-updown-15m-1765016100,1765016100,2025-12,1,899,,,0.01,6181.53,0,9423.1,0.99,6181.53,,,9423.1,0,33,774.4
btc-updown-15m-1765017000,1765017000,2025-12,0,780,0.89,119,0.93,30,438.8,229.65,0.07,30,0.11,119,229.65,438.8,50,763.1
btc-updown-15m-1765017000,1765017000,2025-12,0,840,0.92,5,0.94,1200,263.66,1368,0.06,1200,0.08,5,1368,263.66,1,763.1
btc-updown-15m-1765017000,1765017000,2025-12,0,870,0.98,277.54,0.99,668.14,487.07,668.14,0.01,668.14,0.02,277.54,668.14,487.07,81,763.1
btc-updown-15m-1765017000,1765017000,2025-12,0,885,0.99,378.63,,,410.63,0,,,0.01,378.63,0,410.63,66,763.1
btc-updown-15m-1765017000,1765017000,2025-12,0,897,0.99,5339.48,,,5429.48,0,,,0.01,5339.48,0,5429.48,313,763.1
btc-updown-15m-1765017000,1765017000,2025-12,0,899,0.99,6075.66,,,6165.66,0,,,0.01,6075.66,0,6165.66,485,763.1
btc-updown-15m-1765017900,1765017900,2025-12,1,780,0.08,170,0.09,50,2330,386.2,0.91,50,0.92,170,386.2,2330,183,766.2
btc-updown-15m-1765017900,1765017900,2025-12,1,840,0.01,2311.57,0.02,5,2311.57,7069.15,0.98,5,0.99,2311.57,7069.15,2311.57,394,766.2
btc-updown-15m-1765017900,1765017900,2025-12,1,870,0.01,56.54,0.02,2750.79,56.54,9536.94,0.98,2750.79,0.99,56.54,9536.94,56.54,778,766.2
btc-updown-15m-1765017900,1765017900,2025-12,1,885,,,0.01,5464.51,0,8200.39,0.99,5464.51,,,8200.39,0,48,766.2
btc-updown-15m-1765017900,1765017900,2025-12,1,897,,,0.01,7370.51,0,10092.39,0.99,7370.51,,,10092.39,0,26,766.2
btc-updown-15m-1765017900,1765017900,2025-12,1,899,,,0.01,8397.7,0,11129.58,0.99,8397.7,,,11129.58,0,191,766.2
btc-updown-15m-1765018800,1765018800,2025-12,1,780,0.88,46.36,0.9,310.06,149.36,1460.06,0.1,310.06,0.12,46.36,1460.06,149.36,48,771.1
btc-updown-15m-1765018800,1765018800,2025-12,1,840,0.72,20,0.75,10,63,195,0.25,10,0.28,20,195,63,19,771.1
btc-updown-15m-1765018800,1765018800,2025-12,1,870,0.38,39,0.42,70,896,110.5,0.58,70,0.62,39,110.5,896,0,771.1
btc-updown-15m-1765018800,1765018800,2025-12,1,885,0.15,70,0.16,269.22,868.83,396.51,0.84,269.22,0.85,70,396.51,868.83,37,771.1
btc-updown-15m-1765018800,1765018800,2025-12,1,897,0.01,698.13,0.03,10,698.13,210,0.97,10,0.99,698.13,210,698.13,63,771.1
btc-updown-15m-1765018800,1765018800,2025-12,1,899,,,0.01,17831.2,0,18546.1,0.99,17831.2,,,18546.1,0,34,771.1
btc-updown-15m-1765019700,1765019700,2025-12,0,780,0.99,1097.02,,,6296.12,0,,,0.01,1097.02,0,6296.12,747,754.8
btc-updown-15m-1765019700,1765019700,2025-12,0,840,0.99,9560.05,,,9929.95,0,,,0.01,9560.05,0,9929.95,1602,754.8
btc-updown-15m-1765019700,1765019700,2025-12,0,870,0.99,10691.46,,,11031.36,0,,,0.01,10691.46,0,11031.36,511,754.8
btc-updown-15m-1765019700,1765019700,2025-12,0,885,0.99,10717.76,,,11057.66,0,,,0.01,10717.76,0,11057.66,281,754.8
btc-updown-15m-1765019700,1765019700,2025-12,0,897,0.99,8857.76,,,9183.66,0,,,0.01,8857.76,0,9183.66,910,754.8
btc-updown-15m-1765019700,1765019700,2025-12,0,899,0.99,9754.95,,,10080.85,0,,,0.01,9754.95,0,10080.85,237,754.8
btc-updown-15m-1765020600,1765020600,2025-12,0,780,0.99,1002.21,,,3773.35,0,,,0.01,1002.21,0,3773.35,2170,731.3
btc-updown-15m-1765020600,1765020600,2025-12,0,840,0.99,12940.48,,,15604.47,0,,,0.01,12940.48,0,15604.47,698,731.3
btc-updown-15m-1765020600,1765020600,2025-12,0,870,0.99,18144.23,,,20553.22,0,,,0.01,18144.23,0,20553.22,2162,731.3
btc-updown-15m-1765020600,1765020600,2025-12,0,885,0.99,17956.97,,,20360.96,0,,,0.01,17956.97,0,20360.96,344,731.3
btc-updown-15m-1765020600,1765020600,2025-12,0,897,0.999,756,,,20239.01,0,,,0.001,756,0,20239.01,972,731.3
btc-updown-15m-1765020600,1765020600,2025-12,0,899,0.999,856,,,15370.46,0,,,0.001,856,0,15370.46,40,731.3
btc-updown-15m-1765021500,1765021500,2025-12,1,780,0.01,3716.65,0.02,293.07,3716.65,714.84,0.98,293.07,0.99,3716.65,714.84,3716.65,47,758.9
btc-updown-15m-1765021500,1765021500,2025-12,1,840,,,0.01,2691.44,0,3763.51,0.99,2691.44,,,3763.51,0,938,758.9
btc-updown-15m-1765021500,1765021500,2025-12,1,870,,,0.01,3552.29,0,4669.45,0.99,3552.29,,,4669.45,0,1789,758.9
btc-updown-15m-1765021500,1765021500,2025-12,1,885,,,0.01,5544.42,0,6660.53,0.99,5544.42,,,6660.53,0,97,758.9
btc-updown-15m-1765021500,1765021500,2025-12,1,897,,,0.01,6928.73,0,7717.44,0.99,6928.73,,,7717.44,0,267,758.9
btc-updown-15m-1765021500,1765021500,2025-12,1,899,,,0.01,7169.18,0,7957.89,0.99,7169.18,,,7957.89,0,155,758.9
btc-updown-15m-1765022400,1765022400,2025-12,1,780,0.06,1734.81,0.07,646.57,12034.5,1981.57,0.93,646.57,0.94,1734.81,1981.57,12034.5,118,766.2
btc-updown-15m-1765022400,1765022400,2025-12,1,840,0.04,649.22,0.05,133,12009.61,383,0.95,133,0.96,649.22,383,12009.61,179,766.2
btc-updown-15m-1765022400,1765022400,2025-12,1,870,0.03,296.95,0.04,89,15081.8,262,0.96,89,0.97,296.95,262,15081.8,14,766.2
btc-updown-15m-1765022400,1765022400,2025-12,1,885,0.02,973.29,0.03,5204.03,10086.46,5562.41,0.97,5204.03,0.98,973.29,5562.41,10086.46,274,766.2
btc-updown-15m-1765022400,1765022400,2025-12,1,897,,,0.01,573.55,0,3462.88,0.99,573.55,,,3462.88,0,420,766.2
btc-updown-15m-1765022400,1765022400,2025-12,1,899,,,0.01,750.37,0,3579.7,0.99,750.37,,,3579.7,0,155,766.2
btc-updown-15m-1765023300,1765023300,2025-12,0,780,0.71,80,0.73,70,383,242.08,0.27,70,0.29,80,242.08,383,31,777.9
btc-updown-15m-1765023300,1765023300,2025-12,0,840,0.98,4568.66,0.99,3026.79,15972.79,3026.79,0.01,3026.79,0.02,4568.66,3026.79,15972.79,67,777.9
btc-updown-15m-1765023300,1765023300,2025-12,0,870,0.98,57.45,0.99,240.2,6664.39,240.2,0.01,240.2,0.02,57.45,240.2,6664.39,71,777.9
btc-updown-15m-1765023300,1765023300,2025-12,0,885,0.99,186.98,,,7080.5,0,,,0.01,186.98,0,7080.5,25,777.9
btc-updown-15m-1765023300,1765023300,2025-12,0,897,0.99,5685.64,,,12444.16,0,,,0.01,5685.64,0,12444.16,577,777.9
btc-updown-15m-1765023300,1765023300,2025-12,0,899,0.99,9152.88,,,15911.4,0,,,0.01,9152.88,0,15911.4,431,777.9
btc-updown-15m-1765024200,1765024200,2025-12,1,780,0.08,95.7,0.11,71.9,1365.4,506.39,0.89,71.9,0.92,95.7,506.39,1365.4,57,779.5
btc-updown-15m-1765024200,1765024200,2025-12,1,840,0.02,1058.45,0.03,2465.66,5463.33,4774.16,0.97,2465.66,0.98,1058.45,4774.16,5463.33,1,779.5
btc-updown-15m-1765024200,1765024200,2025-12,1,870,0.01,3062.65,0.04,1887.03,3062.65,2102.03,0.96,1887.03,0.99,3062.65,2102.03,3062.65,37,779.5
btc-updown-15m-1765024200,1765024200,2025-12,1,885,0.07,70,0.08,65,274.68,379,0.92,65,0.93,70,379,274.68,28,779.5
btc-updown-15m-1765024200,1765024200,2025-12,1,897,,,0.01,3378.65,0,3586.47,0.99,3378.65,,,3586.47,0,55,779.5
btc-updown-15m-1765024200,1765024200,2025-12,1,899,,,0.01,3092.86,0,3510.68,0.99,3092.86,,,3510.68,0,188,779.5
btc-updown-15m-1765025100,1765025100,2025-12,1,780,0.2,350,0.24,30.5,965,62.5,0.76,30.5,0.8,350,62.5,965,8,778.4
btc-updown-15m-1765025100,1765025100,2025-12,1,840,0.21,66.3,0.22,10,225.4,156.25,0.78,10,0.79,66.3,156.25,225.4,21,778.4
btc-updown-15m-1765025100,1765025100,2025-12,1,870,0.01,3162.21,0.03,70,3162.21,275.88,0.97,70,0.99,3162.21,275.88,3162.21,26,778.4
btc-updown-15m-1765025100,1765025100,2025-12,1,885,0.01,264.65,0.02,9816.39,264.65,10155.27,0.98,9816.39,0.99,264.65,10155.27,264.65,155,778.4
btc-updown-15m-1765025100,1765025100,2025-12,1,897,,,0.01,8891.3,0,18936.72,0.99,8891.3,,,18936.72,0,91,778.4
btc-updown-15m-1765025100,1765025100,2025-12,1,899,,,0.01,10234.52,0,20279.94,0.99,10234.52,,,20279.94,0,435,778.4
btc-updown-15m-1765026900,1765026900,2025-12,0,780,0.99,1648.92,,,2391.2,0,,,0.01,1648.92,0,2391.2,2169,726.8
btc-updown-15m-1765026900,1765026900,2025-12,0,840,0.99,2141.39,,,3075.25,0,,,0.01,2141.39,0,3075.25,669,726.8
btc-updown-15m-1765026900,1765026900,2025-12,0,870,0.99,4838.9,,,5588.76,0,,,0.01,4838.9,0,5588.76,1615,726.8
btc-updown-15m-1765026900,1765026900,2025-12,0,885,0.99,5738.73,,,6481.59,0,,,0.01,5738.73,0,6481.59,1939,726.8
btc-updown-15m-1765026900,1765026900,2025-12,0,897,0.99,6679.67,,,7346.53,0,,,0.01,6679.67,0,7346.53,579,726.8
btc-updown-15m-1765026900,1765026900,2025-12,0,899,0.99,6785.73,,,7452.59,0,,,0.01,6785.73,0,7452.59,323,726.8
btc-updown-15m-1765027800,1765027800,2025-12,0,780,0.98,306.97,0.99,4902.33,568.77,4902.33,0.01,4902.33,0.02,306.97,4902.33,568.77,202,772.8
btc-updown-15m-1765027800,1765027800,2025-12,0,840,0.99,385.22,,,1357.22,0,,,0.01,385.22,0,1357.22,659,772.8
btc-updown-15m-1765027800,1765027800,2025-12,0,870,0.99,10507.47,,,10760.47,0,,,0.01,10507.47,0,10760.47,1983,772.8
btc-updown-15m-1765027800,1765027800,2025-12,0,885,0.99,10662.72,,,10906.72,0,,,0.01,10662.72,0,10906.72,689,772.8
btc-updown-15m-1765027800,1765027800,2025-12,0,897,0.99,12602.72,,,12797.72,0,,,0.01,12602.72,0,12797.72,524,772.8
btc-updown-15m-1765027800,1765027800,2025-12,0,899,0.99,12868,,,13063,0,,,0.01,12868,0,13063,227,772.8
btc-updown-15m-1765028700,1765028700,2025-12,1,780,,,0.01,4372.5,0,4665.5,0.99,4372.5,,,4665.5,0,2882,684.8
btc-updown-15m-1765028700,1765028700,2025-12,1,840,,,0.01,5336.6,0,5741.6,0.99,5336.6,,,5741.6,0,952,684.8
btc-updown-15m-1765028700,1765028700,2025-12,1,870,,,0.01,6311.8,0,6676.8,0.99,6311.8,,,6676.8,0,1217,684.8
btc-updown-15m-1765028700,1765028700,2025-12,1,885,,,0.01,9952.4,0,10207.4,0.99,9952.4,,,10207.4,0,126,684.8
btc-updown-15m-1765028700,1765028700,2025-12,1,897,,,0.01,10908.97,0,11146.12,0.99,10908.97,,,11146.12,0,272,684.8
btc-updown-15m-1765028700,1765028700,2025-12,1,899,,,0.01,11694.19,0,11931.34,0.99,11694.19,,,11931.34,0,133,684.8
btc-updown-15m-1765029600,1765029600,2025-12,0,780,0.97,24.08,0.99,5428.5,482.37,5428.5,0.01,5428.5,0.03,24.08,5428.5,482.37,30,772.6
btc-updown-15m-1765029600,1765029600,2025-12,0,840,0.99,7289.85,,,7621.66,0,,,0.01,7289.85,0,7621.66,468,772.6
btc-updown-15m-1765029600,1765029600,2025-12,0,870,0.99,8208.73,,,8513.54,0,,,0.01,8208.73,0,8513.54,38,772.6
btc-updown-15m-1765029600,1765029600,2025-12,0,885,0.99,10634.03,,,10938.84,0,,,0.01,10634.03,0,10938.84,151,772.6
btc-updown-15m-1765029600,1765029600,2025-12,0,897,0.99,11685.72,,,11966.53,0,,,0.01,11685.72,0,11966.53,966,772.6
btc-updown-15m-1765029600,1765029600,2025-12,0,899,0.99,12520.75,,,12801.56,0,,,0.01,12520.75,0,12801.56,30,772.6
btc-updown-15m-1765030500,1765030500,2025-12,0,780,0.98,542.36,0.99,2643.86,987.48,2643.86,0.01,2643.86,0.02,542.36,2643.86,987.48,497,746.9
btc-updown-15m-1765030500,1765030500,2025-12,0,840,0.99,7973.3,,,8762.46,0,,,0.01,7973.3,0,8762.46,495,746.9
btc-updown-15m-1765030500,1765030500,2025-12,0,870,0.99,8953.34,,,9716.5,0,,,0.01,8953.34,0,9716.5,5063,746.9
btc-updown-15m-1765030500,1765030500,2025-12,0,885,0.99,9781.21,,,10521.37,0,,,0.01,9781.21,0,10521.37,1345,746.9
btc-updown-15m-1765030500,1765030500,2025-12,0,897,0.99,11207.31,,,11914.62,0,,,0.01,11207.31,0,11914.62,925,746.9
btc-updown-15m-1765030500,1765030500,2025-12,0,899,0.99,11968.31,,,12675.62,0,,,0.01,11968.31,0,12675.62,9,746.9
btc-updown-15m-1765031400,1765031400,2025-12,0,780,0.97,8.78,0.99,629.21,618.94,629.21,0.01,629.21,0.03,8.78,629.21,618.94,934,758.8
btc-updown-15m-1765031400,1765031400,2025-12,0,840,0.92,120,0.94,210,332.38,515,0.06,210,0.08,120,515,332.38,58,758.8
btc-updown-15m-1765031400,1765031400,2025-12,0,870,0.99,4305.16,,,4467.16,0,,,0.01,4305.16,0,4467.16,855,758.8
btc-updown-15m-1765031400,1765031400,2025-12,0,885,0.99,5873.27,,,6003.27,0,,,0.01,5873.27,0,6003.27,567,758.8
btc-updown-15m-1765031400,1765031400,2025-12,0,897,0.99,7556.99,,,7646.99,0,,,0.01,7556.99,0,7646.99,599,758.8
btc-updown-15m-1765031400,1765031400,2025-12,0,899,0.99,7914.88,,,8004.88,0,,,0.01,7914.88,0,8004.88,10,758.8
btc-updown-15m-1765032300,1765032300,2025-12,1,780,0.31,379.2,0.34,70,610.7,423,0.66,70,0.69,379.2,423,610.7,17,779.5
btc-updown-15m-1765032300,1765032300,2025-12,1,840,0.02,150,0.04,122,3483.62,307,0.96,122,0.98,150,307,3483.62,44,779.5
btc-updown-15m-1765032300,1765032300,2025-12,1,870,,,0.01,699,0,17403.9,0.99,699,,,17403.9,0,57,779.5
btc-updown-15m-1765032300,1765032300,2025-12,1,885,,,0.01,2192.63,0,3068.19,0.99,2192.63,,,3068.19,0,123,779.5
btc-updown-15m-1765032300,1765032300,2025-12,1,897,,,0.01,3769.63,0,4539.19,0.99,3769.63,,,4539.19,0,25,779.5
btc-updown-15m-1765032300,1765032300,2025-12,1,899,,,0.01,7017.69,0,7877.25,0.99,7017.69,,,7877.25,0,45,779.5
btc-updown-15m-1765033200,1765033200,2025-12,1,780,,,0.01,667.82,0,1264.61,0.99,667.82,,,1264.61,0,540,722.1
btc-updown-15m-1765033200,1765033200,2025-12,1,840,,,0.01,6655.04,0,7282.83,0.99,6655.04,,,7282.83,0,69,722.1
btc-updown-15m-1765033200,1765033200,2025-12,1,870,,,0.01,6501.24,0,7019.03,0.99,6501.24,,,7019.03,0,27,722.1
btc-updown-15m-1765033200,1765033200,2025-12,1,885,,,0.01,8251.29,0,8919.08,0.99,8251.29,,,8919.08,0,924,722.1
btc-updown-15m-1765033200,1765033200,2025-12,1,897,,,0.01,10169.91,0,10677.7,0.99,10169.91,,,10677.7,0,972,722.1
btc-updown-15m-1765033200,1765033200,2025-12,1,899,,,0.01,11927.27,0,12435.06,0.99,11927.27,,,12435.06,0,25,722.1
btc-updown-15m-1765034100,1765034100,2025-12,1,780,,,0.01,2813.3,0,3422.05,0.99,2813.3,,,3422.05,0,2404,756.9
btc-updown-15m-1765034100,1765034100,2025-12,1,840,,,0.01,7524.24,0,8127.99,0.99,7524.24,,,8127.99,0,1164,756.9
btc-updown-15m-1765034100,1765034100,2025-12,1,870,,,0.01,9381.24,0,9944.99,0.99,9381.24,,,9944.99,0,940,756.9
btc-updown-15m-1765034100,1765034100,2025-12,1,885,,,0.01,9376.2,0,9932.95,0.99,9376.2,,,9932.95,0,49,756.9
btc-updown-15m-1765034100,1765034100,2025-12,1,897,,,0.01,10272.62,0,10819.37,0.99,10272.62,,,10819.37,0,954,756.9
btc-updown-15m-1765034100,1765034100,2025-12,1,899,,,0.01,10216.2,0,10762.95,0.99,10216.2,,,10762.95,0,580,756.9
btc-updown-15m-1765035000,1765035000,2025-12,0,780,0.99,696.51,,,773.51,0,,,0.01,696.51,0,773.51,357,779.2
btc-updown-15m-1765035000,1765035000,2025-12,0,840,0.99,2688.68,,,2831.32,0,,,0.01,2688.68,0,2831.32,47,779.2
btc-updown-15m-1765035000,1765035000,2025-12,0,870,0.99,5026.91,,,5179.55,0,,,0.01,5026.91,0,5179.55,558,779.2
btc-updown-15m-1765035000,1765035000,2025-12,0,885,0.99,6844.66,,,7007.3,0,,,0.01,6844.66,0,7007.3,353,779.2
btc-updown-15m-1765035000,1765035000,2025-12,0,897,0.99,10198.72,,,10345.36,0,,,0.01,10198.72,0,10345.36,74,779.2
btc-updown-15m-1765035000,1765035000,2025-12,0,899,0.99,12271.72,,,12410.36,0,,,0.01,12271.72,0,12410.36,113,779.2
btc-updown-15m-1765036800,1765036800,2025-12,0,780,0.99,1351.86,,,3647.1,0,,,0.01,1351.86,0,3647.1,220,692.5
btc-updown-15m-1765036800,1765036800,2025-12,0,840,0.99,3692.59,,,5739.51,0,,,0.01,3692.59,0,5739.51,210,692.5
btc-updown-15m-1765036800,1765036800,2025-12,0,870,0.99,7726.79,,,9650.71,0,,,0.01,7726.79,0,9650.71,1354,692.5
btc-updown-15m-1765036800,1765036800,2025-12,0,885,0.99,7885.87,,,8993.79,0,,,0.01,7885.87,0,8993.79,318,692.5
btc-updown-15m-1765036800,1765036800,2025-12,0,897,0.99,7871.71,,,8974.63,0,,,0.01,7871.71,0,8974.63,409,692.5
btc-updown-15m-1765036800,1765036800,2025-12,0,899,0.99,8782.93,,,9885.85,0,,,0.01,8782.93,0,9885.85,182,692.5
btc-updown-15m-1765037700,1765037700,2025-12,1,780,0.03,137.99,0.04,50,6028.7,371.52,0.96,50,0.97,137.99,371.52,6028.7,19,778.6
btc-updown-15m-1765037700,1765037700,2025-12,1,840,0.01,468.51,0.02,1967.75,468.51,2380.75,0.98,1967.75,0.99,468.51,2380.75,468.51,149,778.6
btc-updown-15m-1765037700,1765037700,2025-12,1,870,,,0.01,317.53,0,2079.81,0.99,317.53,,,2079.81,0,519,778.6
btc-updown-15m-1765037700,1765037700,2025-12,1,885,,,0.01,2608.49,0,3440.77,0.99,2608.49,,,3440.77,0,1150,778.6
btc-updown-15m-1765037700,1765037700,2025-12,1,897,,,0.01,3731.49,0,4563.77,0.99,3731.49,,,4563.77,0,920,778.6
btc-updown-15m-1765037700,1765037700,2025-12,1,899,,,0.01,4263.77,0,5096.05,0.99,4263.77,,,5096.05,0,35,778.6
btc-updown-15m-1765038600,1765038600,2025-12,1,780,0.06,7.9,0.08,169.13,239.97,1290.13,0.92,169.13,0.94,7.9,1290.13,239.97,56,773.3
btc-updown-15m-1765038600,1765038600,2025-12,1,840,,,0.01,9714.55,0,12036.24,0.99,9714.55,,,12036.24,0,1039,773.3
btc-updown-15m-1765038600,1765038600,2025-12,1,870,,,0.01,9246.13,0,11475.48,0.99,9246.13,,,11475.48,0,853,773.3
btc-updown-15m-1765038600,1765038600,2025-12,1,885,,,0.01,9379.13,0,11608.48,0.99,9379.13,,,11608.48,0,687,773.3
btc-updown-15m-1765038600,1765038600,2025-12,1,897,,,0.01,9356.13,0,10576.48,0.99,9356.13,,,10576.48,0,973,773.3
btc-updown-15m-1765038600,1765038600,2025-12,1,899,,,0.01,9436.13,0,10656.48,0.99,9436.13,,,10656.48,0,2,773.3
btc-updown-15m-1765039500,1765039500,2025-12,1,780,0.01,939.83,0.02,1570.34,939.83,4117.64,0.98,1570.34,0.99,939.83,4117.64,939.83,95,766.2
btc-updown-15m-1765039500,1765039500,2025-12,1,840,,,0.01,452.56,0,2183.97,0.99,452.56,,,2183.97,0,487,766.2
btc-updown-15m-1765039500,1765039500,2025-12,1,870,,,0.01,2304.66,0,4097.8,0.99,2304.66,,,4097.8,0,12,766.2
btc-updown-15m-1765039500,1765039500,2025-12,1,885,,,0.01,3865.66,0,5547.28,0.99,3865.66,,,5547.28,0,876,766.2
btc-updown-15m-1765039500,1765039500,2025-12,1,897,,,0.01,4165.74,0,5783.36,0.99,4165.74,,,5783.36,0,886,766.2
btc-updown-15m-1765039500,1765039500,2025-12,1,899,,,0.01,4165.74,0,5783.36,0.99,4165.74,,,5783.36,0,2886,766.2
btc-updown-15m-1765040400,1765040400,2025-12,1,780,0.19,215.3,0.2,52.73,813.3,1069.45,0.8,52.73,0.81,215.3,1069.45,813.3,218,772.5
btc-updown-15m-1765040400,1765040400,2025-12,1,840,0.25,6,0.26,35.76,141,234.51,0.74,35.76,0.75,6,234.51,141,114,772.5
btc-updown-15m-1765040400,1765040400,2025-12,1,870,0.05,112,0.07,70,817,984.37,0.93,70,0.95,112,984.37,817,44,772.5
btc-updown-15m-1765040400,1765040400,2025-12,1,885,0.07,40,0.09,70,126,180,0.91,70,0.93,40,180,126,27,772.5
btc-updown-15m-1765040400,1765040400,2025-12,1,897,0.03,76,0.08,70,5893.23,170,0.92,70,0.97,76,170,5893.23,3,772.5
btc-updown-15m-1765040400,1765040400,2025-12,1,899,0.01,4859.98,0.08,40,4859.98,140,0.92,40,0.99,4859.98,140,4859.98,256,772.5
btc-updown-15m-1765041300,1765041300,2025-12,0,780,0.89,75.24,0.9,117,202.58,2342,0.1,117,0.11,75.24,2342,202.58,26,776
btc-updown-15m-1765041300,1765041300,2025-12,0,840,0.98,1024.15,0.99,2904.97,1303.43,2904.97,0.01,2904.97,0.02,1024.15,2904.97,1303.43,2,776
btc-updown-15m-1765041300,1765041300,2025-12,0,870,0.99,10760.37,,,12925.29,0,,,0.01,10760.37,0,12925.29,550,776
btc-updown-15m-1765041300,1765041300,2025-12,0,885,0.99,14084.37,,,15404.37,0,,,0.01,14084.37,0,15404.37,41,776
btc-updown-15m-1765041300,1765041300,2025-12,0,897,0.99,15944.25,,,17181.25,0,,,0.01,15944.25,0,17181.25,247,776
btc-updown-15m-1765041300,1765041300,2025-12,0,899,0.99,15882.11,,,17124.26,0,,,0.01,15882.11,0,17124.26,531,776
btc-updown-15m-1765042200,1765042200,2025-12,1,780,,,0.01,786.52,0,2216.88,0.99,786.52,,,2216.88,0,25,690.9
btc-updown-15m-1765042200,1765042200,2025-12,1,840,,,0.01,5678.59,0,7193.98,0.99,5678.59,,,7193.98,0,604,690.9
btc-updown-15m-1765042200,1765042200,2025-12,1,870,,,0.01,6321.3,0,7737.31,0.99,6321.3,,,7737.31,0,523,690.9
btc-updown-15m-1765042200,1765042200,2025-12,1,885,,,0.01,9086.4,0,10721.41,0.99,9086.4,,,10721.41,0,59,690.9
btc-updown-15m-1765042200,1765042200,2025-12,1,897,,,0.01,12604.21,0,13325.22,0.99,12604.21,,,13325.22,0,597,690.9
btc-updown-15m-1765042200,1765042200,2025-12,1,899,,,0.01,13688.21,0,14409.22,0.99,13688.21,,,14409.22,0,212,690.9
btc-updown-15m-1765043100,1765043100,2025-12,0,780,0.72,45.16,0.73,217.95,196.16,1037.65,0.27,217.95,0.28,45.16,1037.65,196.16,17,774.6
btc-updown-15m-1765043100,1765043100,2025-12,0,840,0.98,143.81,0.99,5496.38,1250.11,5496.38,0.01,5496.38,0.02,143.81,5496.38,1250.11,407,774.6
btc-updown-15m-1765043100,1765043100,2025-12,0,870,0.98,1787.84,0.99,1469.42,1919.14,1469.42,0.01,1469.42,0.02,1787.84,1469.42,1919.14,30,774.6
btc-updown-15m-1765043100,1765043100,2025-12,0,885,0.98,859.79,0.99,717.88,1096.09,717.88,0.01,717.88,0.02,859.79,717.88,1096.09,442,774.6
btc-updown-15m-1765043100,1765043100,2025-12,0,897,0.99,4596.68,,,5421.77,0,,,0.01,4596.68,0,5421.77,261,774.6
btc-updown-15m-1765043100,1765043100,2025-12,0,899,0.99,7609.36,,,8434.45,0,,,0.01,7609.36,0,8434.45,24,774.6
btc-updown-15m-1765044000,1765044000,2025-12,0,780,0.03,2343.2,0.04,10,10235.46,180,0.96,10,0.97,2343.2,180,10235.46,46,775.8
btc-updown-15m-1765044000,1765044000,2025-12,0,840,0.65,15,0.66,95,409.3,116.1,0.34,95,0.35,15,116.1,409.3,3,775.8
btc-updown-15m-1765044000,1765044000,2025-12,0,870,0.98,114.35,0.99,2175.03,1404.05,2175.03,0.01,2175.03,0.02,114.35,2175.03,1404.05,42,775.8
btc-updown-15m-1765044000,1765044000,2025-12,0,885,0.99,10,,,392.86,0,,,0.01,10,0,392.86,155,775.8
btc-updown-15m-1765044000,1765044000,2025-12,0,897,0.99,5170.22,,,5276.22,0,,,0.01,5170.22,0,5276.22,478,775.8
btc-updown-15m-1765044000,1765044000,2025-12,0,899,0.99,5281.28,,,5387.28,0,,,0.01,5281.28,0,5387.28,24,775.8
btc-updown-15m-1765044900,1765044900,2025-12,1,780,0.32,484.9,0.36,16,1223.3,344,0.64,16,0.68,484.9,344,1223.3,20,772.8
btc-updown-15m-1765044900,1765044900,2025-12,1,840,0.47,313,0.5,80,511.5,170,0.5,80,0.53,313,170,511.5,10,772.8
btc-updown-15m-1765044900,1765044900,2025-12,1,870,0.05,668.01,0.06,50,3055.66,149,0.94,50,0.95,668.01,149,3055.66,17,772.8
btc-updown-15m-1765044900,1765044900,2025-12,1,885,0.09,70,0.11,161,185,373,0.89,161,0.91,70,373,185,47,772.8
btc-updown-15m-1765044900,1765044900,2025-12,1,897,0.02,544.47,0.03,70,4770.2,190,0.97,70,0.98,544.47,190,4770.2,52,772.8
btc-updown-15m-1765044900,1765044900,2025-12,1,899,0.01,1677.58,0.02,123,1677.58,243,0.98,123,0.99,1677.58,243,1677.58,6,772.8
btc-updown-15m-1765045800,1765045800,2025-12,1,780,0.04,401.76,0.05,228.64,1499.94,1690.33,0.95,228.64,0.96,401.76,1690.33,1499.94,463,775.4
btc-updown-15m-1765045800,1765045800,2025-12,1,840,0.01,335.26,0.02,1309.27,335.26,2679.27,0.98,1309.27,0.99,335.26,2679.27,335.26,303,775.4
btc-updown-15m-1765045800,1765045800,2025-12,1,870,,,0.01,1902.94,0,4033.25,0.99,1902.94,,,4033.25,0,33,775.4
btc-updown-15m-1765045800,1765045800,2025-12,1,885,,,0.01,5146.55,0,7276.86,0.99,5146.55,,,7276.86,0,1276,775.4
btc-updown-15m-1765045800,1765045800,2025-12,1,897,,,0.01,7223.11,0,8423.42,0.99,7223.11,,,8423.42,0,131,775.4
btc-updown-15m-1765045800,1765045800,2025-12,1,899,,,0.01,7958.44,0,9158.75,0.99,7958.44,,,9158.75,0,113,775.4
btc-updown-15m-1765047600,1765047600,2025-12,1,780,0.01,3864.1,0.02,256.33,3864.1,1727.39,0.98,256.33,0.99,3864.1,1727.39,3864.1,43,749.6
btc-updown-15m-1765047600,1765047600,2025-12,1,840,,,0.01,3004.41,0,3700.42,0.99,3004.41,,,3700.42,0,299,749.6
btc-updown-15m-1765047600,1765047600,2025-12,1,870,,,0.01,4453.14,0,5079.15,0.99,4453.14,,,5079.15,0,1996,749.6
btc-updown-15m-1765047600,1765047600,2025-12,1,885,,,0.01,5380.44,0,5986.45,0.99,5380.44,,,5986.45,0,2280,749.6
btc-updown-15m-1765047600,1765047600,2025-12,1,897,,,0.01,6006.54,0,6352.55,0.99,6006.54,,,6352.55,0,375,749.6
btc-updown-15m-1765047600,1765047600,2025-12,1,899,,,0.01,11621.49,0,11967.5,0.99,11621.49,,,11967.5,0,57,749.6
btc-updown-15m-1765048500,1765048500,2025-12,0,780,0.16,5,0.18,1279.44,216.34,1481.89,0.82,1279.44,0.84,5,1481.89,216.34,82,776.2
btc-updown-15m-1765048500,1765048500,2025-12,0,840,0.49,7,0.5,70,1276.98,160,0.5,70,0.51,7,160,1276.98,62,776.2
btc-updown-15m-1765048500,1765048500,2025-12,0,870,0.92,764.5,0.97,36.77,947,7068.35,0.03,36.77,0.08,764.5,7068.35,947,0,776.2
btc-updown-15m-1765048500,1765048500,2025-12,0,885,0.98,140,0.99,724.53,268,724.53,0.01,724.53,0.02,140,724.53,268,166,776.2
btc-updown-15m-1765048500,1765048500,2025-12,0,897,0.99,54.18,,,701.89,0,,,0.01,54.18,0,701.89,356,776.2
btc-updown-15m-1765048500,1765048500,2025-12,0,899,0.99,1280.98,,,1938.88,0,,,0.01,1280.98,0,1938.88,136,776.2
btc-updown-15m-1765049400,1765049400,2025-12,1,780,0.06,14,0.07,133,84,908,0.93,133,0.94,14,908,84,1,778.2
btc-updown-15m-1765049400,1765049400,2025-12,1,840,,,0.01,964.05,0,2881.74,0.99,964.05,,,2881.74,0,733,778.2
btc-updown-15m-1765049400,1765049400,2025-12,1,870,,,0.01,2494.51,0,4359.2,0.99,2494.51,,,4359.2,0,1645,778.2
btc-updown-15m-1765049400,1765049400,2025-12,1,885,,,0.01,2782.51,0,4633.2,0.99,2782.51,,,4633.2,0,46,778.2
btc-updown-15m-1765049400,1765049400,2025-12,1,897,,,0.01,3617.76,0,4514.45,0.99,3617.76,,,4514.45,0,413,778.2
btc-updown-15m-1765049400,1765049400,2025-12,1,899,,,0.01,4351.92,0,5248.61,0.99,4351.92,,,5248.61,0,246,778.2
btc-updown-15m-1765050300,1765050300,2025-12,1,780,0.11,62.9,0.12,15,1597.99,112.73,0.88,15,0.89,62.9,112.73,1597.99,24,772.5
btc-updown-15m-1765050300,1765050300,2025-12,1,840,0.14,56,0.16,50,172,276.64,0.84,50,0.86,56,276.64,172,5,772.5
btc-updown-15m-1765050300,1765050300,2025-12,1,870,0.02,165.46,0.03,50,4041.57,68.9,0.97,50,0.98,165.46,68.9,4041.57,134,772.5
btc-updown-15m-1765050300,1765050300,2025-12,1,885,0.02,41.52,0.04,41.2,2917.14,440.1,0.96,41.2,0.98,41.52,440.1,2917.14,43,772.5
btc-updown-15m-1765050300,1765050300,2025-12,1,897,,,0.01,44.91,0,644.3,0.99,44.91,,,644.3,0,78,772.5
btc-updown-15m-1765050300,1765050300,2025-12,1,899,,,0.01,895.1,0,1494.49,0.99,895.1,,,1494.49,0,38,772.5
btc-updown-15m-1765051200,1765051200,2025-12,1,780,0.7,12.47,0.71,70,448.57,1843.83,0.29,70,0.3,12.47,1843.83,448.57,100,776.5
btc-updown-15m-1765051200,1765051200,2025-12,1,840,0.82,75.82,0.84,1003.89,435.16,1922.59,0.16,1003.89,0.18,75.82,1922.59,435.16,3,776.5
btc-updown-15m-1765051200,1765051200,2025-12,1,870,0.47,50.4,0.49,9.04,104.7,194.04,0.51,9.04,0.53,50.4,194.04,104.7,0,776.5
btc-updown-15m-1765051200,1765051200,2025-12,1,885,0.39,10,0.45,18,365,284,0.55,18,0.61,10,284,365,3,776.5
btc-updown-15m-1765051200,1765051200,2025-12,1,897,0.03,1.28,0.04,120,4193.94,452.32,0.96,120,0.97,1.28,452.32,4193.94,5,776.5
btc-updown-15m-1765051200,1765051200,2025-12,1,899,0.02,136.54,0.03,70.45,3819.59,382.77,0.97,70.45,0.98,136.54,382.77,3819.59,6,776.5
btc-updown-15m-1765052100,1765052100,2025-12,0,780,0.95,277.33,0.96,60,1551.96,2572.32,0.04,60,0.05,277.33,2572.32,1551.96,153,761.8
btc-updown-15m-1765052100,1765052100,2025-12,0,840,0.97,991.3,0.98,2656.34,1334.3,5932.48,0.02,2656.34,0.03,991.3,5932.48,1334.3,308,761.8
btc-updown-15m-1765052100,1765052100,2025-12,0,870,0.99,7436.25,,,8104.55,0,,,0.01,7436.25,0,8104.55,186,761.8
btc-updown-15m-1765052100,1765052100,2025-12,0,885,0.99,7759.72,,,8400.02,0,,,0.01,7759.72,0,8400.02,1191,761.8
btc-updown-15m-1765052100,1765052100,2025-12,0,897,0.99,12794.97,,,13435.27,0,,,0.01,12794.97,0,13435.27,975,761.8
btc-updown-15m-1765052100,1765052100,2025-12,0,899,0.99,12821.13,,,13461.43,0,,,0.01,12821.13,0,13461.43,207,761.8
btc-updown-15m-1765053000,1765053000,2025-12,0,780,0.97,613.4,0.98,8.4,1619.4,4232.55,0.02,8.4,0.03,613.4,4232.55,1619.4,597,762.6
btc-updown-15m-1765053000,1765053000,2025-12,0,840,0.99,152.17,,,344.17,0,,,0.01,152.17,0,344.17,775,762.6
btc-updown-15m-1765053000,1765053000,2025-12,0,870,0.99,4254.78,,,4498.78,0,,,0.01,4254.78,0,4498.78,159,762.6
btc-updown-15m-1765053000,1765053000,2025-12,0,885,0.99,4279.83,,,4523.83,0,,,0.01,4279.83,0,4523.83,266,762.6
btc-updown-15m-1765053000,1765053000,2025-12,0,897,0.99,6002.91,,,6222.91,0,,,0.01,6002.91,0,6222.91,706,762.6
btc-updown-15m-1765053000,1765053000,2025-12,0,899,0.99,6091.1,,,6311.1,0,,,0.01,6091.1,0,6311.1,37,762.6
btc-updown-15m-1765053900,1765053900,2025-12,0,780,0.58,32.14,0.6,67.81,380.14,1382.91,0.4,67.81,0.42,32.14,1382.91,380.14,366,772.4
btc-updown-15m-1765053900,1765053900,2025-12,0,840,0.71,52.68,0.72,785.99,142.68,981.79,0.28,785.99,0.29,52.68,981.79,142.68,13,772.4
btc-updown-15m-1765053900,1765053900,2025-12,0,870,0.74,77,0.77,91.32,1095,896.59,0.23,91.32,0.26,77,896.59,1095,25,772.4
btc-updown-15m-1765053900,1765053900,2025-12,0,885,0.76,43.44,0.78,140,74.64,612.3,0.22,140,0.24,43.44,612.3,74.64,18,772.4
btc-updown-15m-1765053900,1765053900,2025-12,0,897,0.88,65,0.9,89.44,75.7,331.81,0.1,89.44,0.12,65,331.81,75.7,87,772.4
btc-updown-15m-1765053900,1765053900,2025-12,0,899,0.7,40.58,0.94,195,80.37,345,0.06,195,0.3,40.58,345,80.37,59,772.4
btc-updown-15m-1765054800,1765054800,2025-12,1,780,0.03,1879.08,0.04,67,8211.34,293,0.96,67,0.97,1879.08,293,8211.34,45,777.7
btc-updown-15m-1765054800,1765054800,2025-12,1,840,0.04,919,0.08,190,1276.54,332,0.92,190,0.96,919,332,1276.54,14,777.7
btc-updown-15m-1765054800,1765054800,2025-12,1,870,0.01,2299.39,0.02,10,2299.39,161,0.98,10,0.99,2299.39,161,2299.39,148,777.7
btc-updown-15m-1765054800,1765054800,2025-12,1,885,,,0.01,139.34,0,1447.33,0.99,139.34,,,1447.33,0,209,777.7
btc-updown-15m-1765054800,1765054800,2025-12,1,897,,,0.01,1989.52,0,2828.71,0.99,1989.52,,,2828.71,0,554,777.7
btc-updown-15m-1765054800,1765054800,2025-12,1,899,,,0.01,5414.69,0,6153.88,0.99,5414.69,,,6153.88,0,1,777.7
btc-updown-15m-1765055700,1765055700,2025-12,1,780,0.06,10,0.08,256,1819.17,589,0.92,256,0.94,10,589,1819.17,178,775.5
btc-updown-15m-1765055700,1765055700,2025-12,1,840,0.01,3230.74,0.02,604,3230.74,2551.48,0.98,604,0.99,3230.74,2551.48,3230.74,236,775.5
btc-updown-15m-1765055700,1765055700,2025-12,1,870,0.01,1794.63,0.02,166.24,1794.63,2242.72,0.98,166.24,0.99,1794.63,2242.72,1794.63,943,775.5
btc-updown-15m-1765055700,1765055700,2025-12,1,885,0.01,1088.67,0.02,74.6,1088.67,1082.78,0.98,74.6,0.99,1088.67,1082.78,1088.67,142,775.5
btc-updown-15m-1765055700,1765055700,2025-12,1,897,,,0.01,5352.01,0,5803.52,0.99,5352.01,,,5803.52,0,710,775.5
btc-updown-15m-1765055700,1765055700,2025-12,1,899,,,0.01,5352.07,0,5628.58,0.99,5352.07,,,5628.58,0,174,775.5
btc-updown-15m-1765056600,1765056600,2025-12,0,780,0.98,20,0.99,5525.5,157,5525.5,0.01,5525.5,0.02,20,5525.5,157,364,769.7
btc-updown-15m-1765056600,1765056600,2025-12,0,840,0.98,11,0.99,3687.09,112,3687.09,0.01,3687.09,0.02,11,3687.09,112,114,769.7
btc-updown-15m-1765056600,1765056600,2025-12,0,870,0.98,574.55,0.99,918.89,678.55,918.89,0.01,918.89,0.02,574.55,918.89,678.55,166,769.7
btc-updown-15m-1765056600,1765056600,2025-12,0,885,0.99,2359.41,,,3070.73,0,,,0.01,2359.41,0,3070.73,492,769.7
btc-updown-15m-1765056600,1765056600,2025-12,0,897,0.99,3227.15,,,3926.47,0,,,0.01,3227.15,0,3926.47,903,769.7
btc-updown-15m-1765056600,1765056600,2025-12,0,899,0.99,3312.15,,,4011.47,0,,,0.01,3312.15,0,4011.47,168,769.7
btc-updown-15m-1765058400,1765058400,2025-12,0,780,,,0.01,782.61,0,1795.41,0.99,782.61,,,1795.41,0,252,744.9
btc-updown-15m-1765058400,1765058400,2025-12,0,840,0.95,12,0.97,9,97.53,4705.02,0.03,9,0.05,12,4705.02,97.53,0,744.9
btc-updown-15m-1765058400,1765058400,2025-12,0,870,0.99,520,,,1420.43,0,,,0.01,520,0,1420.43,895,744.9
btc-updown-15m-1765058400,1765058400,2025-12,0,885,0.99,5398.28,,,6211.19,0,,,0.01,5398.28,0,6211.19,45,744.9
btc-updown-15m-1765058400,1765058400,2025-12,0,897,0.99,7999.05,,,8775.96,0,,,0.01,7999.05,0,8775.96,429,744.9
btc-updown-15m-1765058400,1765058400,2025-12,0,899,0.99,8860.11,,,9637.02,0,,,0.01,8860.11,0,9637.02,773,744.9
btc-updown-15m-1765059300,1765059300,2025-12,1,780,0.02,885,0.03,1018.05,3853.9,1576.05,0.97,1018.05,0.98,885,1576.05,3853.9,412,746.6
btc-updown-15m-1765059300,1765059300,2025-12,1,840,0.01,947.27,0.02,997.01,947.27,2182.72,0.98,997.01,0.99,947.27,2182.72,947.27,58,746.6
btc-updown-15m-1765059300,1765059300,2025-12,1,870,,,0.01,2175.92,0,4053.12,0.99,2175.92,,,4053.12,0,330,746.6
btc-updown-15m-1765059300,1765059300,2025-12,1,885,,,0.01,2750.49,0,4480.76,0.99,2750.49,,,4480.76,0,2219,746.6
btc-updown-15m-1765059300,1765059300,2025-12,1,897,,,0.01,9457.8,0,10261.07,0.99,9457.8,,,10261.07,0,396,746.6
btc-updown-15m-1765059300,1765059300,2025-12,1,899,,,0.01,10395.03,0,11198.3,0.99,10395.03,,,11198.3,0,30,746.6
btc-updown-15m-1765060200,1765060200,2025-12,1,780,0.49,1901.4,0.5,3984,4594.4,6608.4,0.5,3984,0.51,1901.4,6608.4,4594.4,1235300,-815.1
btc-updown-15m-1765060200,1765060200,2025-12,1,840,0.49,1901.4,0.5,3984,4594.4,6608.4,0.5,3984,0.51,1901.4,6608.4,4594.4,1295300,-815.1
btc-updown-15m-1765060200,1765060200,2025-12,1,870,0.49,1901.4,0.5,3984,4594.4,6608.4,0.5,3984,0.51,1901.4,6608.4,4594.4,1325300,-815.1
btc-updown-15m-1765060200,1765060200,2025-12,1,885,0.49,1901.4,0.5,3984,4594.4,6608.4,0.5,3984,0.51,1901.4,6608.4,4594.4,1340300,-815.1
btc-updown-15m-1765060200,1765060200,2025-12,1,897,0.49,1901.4,0.5,3984,4594.4,6608.4,0.5,3984,0.51,1901.4,6608.4,4594.4,1352300,-815.1
btc-updown-15m-1765060200,1765060200,2025-12,1,899,0.49,1901.4,0.5,3984,4594.4,6608.4,0.5,3984,0.51,1901.4,6608.4,4594.4,1354300,-815.1
btc-updown-15m-1765061100,1765061100,2025-12,1,780,0.45,816,0.47,30,1636,296,0.53,30,0.55,816,296,1636,374877,402.1
btc-updown-15m-1765061100,1765061100,2025-12,1,840,0.45,816,0.47,30,1636,296,0.53,30,0.55,816,296,1636,434877,402.1
btc-updown-15m-1765061100,1765061100,2025-12,1,870,0.45,816,0.47,30,1636,296,0.53,30,0.55,816,296,1636,464877,402.1
btc-updown-15m-1765061100,1765061100,2025-12,1,885,0.45,816,0.47,30,1636,296,0.53,30,0.55,816,296,1636,479877,402.1
btc-updown-15m-1765061100,1765061100,2025-12,1,897,0.45,816,0.47,30,1636,296,0.53,30,0.55,816,296,1636,491877,402.1
btc-updown-15m-1765061100,1765061100,2025-12,1,899,0.45,816,0.47,30,1636,296,0.53,30,0.55,816,296,1636,493877,402.1
btc-updown-15m-1765062000,1765062000,2025-12,1,780,0.5,2026,0.51,1556.23,5959.4,4185.23,0.49,1556.23,0.5,2026,4185.23,5959.4,1300910,-1545.5
btc-updown-15m-1765062000,1765062000,2025-12,1,840,0.5,2026,0.51,1556.23,5959.4,4185.23,0.49,1556.23,0.5,2026,4185.23,5959.4,1360910,-1545.5
btc-updown-15m-1765062000,1765062000,2025-12,1,870,0.5,2026,0.51,1556.23,5959.4,4185.23,0.49,1556.23,0.5,2026,4185.23,5959.4,1390910,-1545.5
btc-updown-15m-1765062000,1765062000,2025-12,1,885,0.5,2026,0.51,1556.23,5959.4,4185.23,0.49,1556.23,0.5,2026,4185.23,5959.4,1405910,-1545.5
btc-updown-15m-1765062000,1765062000,2025-12,1,897,0.5,2026,0.51,1556.23,5959.4,4185.23,0.49,1556.23,0.5,2026,4185.23,5959.4,1417910,-1545.5
btc-updown-15m-1765062000,1765062000,2025-12,1,899,0.5,2026,0.51,1556.23,5959.4,4185.23,0.49,1556.23,0.5,2026,4185.23,5959.4,1419910,-1545.5
btc-updown-15m-1765062900,1765062900,2025-12,1,780,0.49,700.33,0.51,661.1,3457.96,3508.1,0.49,661.1,0.51,700.33,3508.1,3457.96,3283392,-11735.9
btc-updown-15m-1765062900,1765062900,2025-12,1,840,0.49,700.33,0.51,661.1,3457.96,3508.1,0.49,661.1,0.51,700.33,3508.1,3457.96,3343392,-11735.9
btc-updown-15m-1765062900,1765062900,2025-12,1,870,0.49,700.33,0.51,661.1,3457.96,3508.1,0.49,661.1,0.51,700.33,3508.1,3457.96,3373392,-11735.9
btc-updown-15m-1765062900,1765062900,2025-12,1,885,0.49,700.33,0.51,661.1,3457.96,3508.1,0.49,661.1,0.51,700.33,3508.1,3457.96,3388392,-11735.9
btc-updown-15m-1765062900,1765062900,2025-12,1,897,0.49,700.33,0.51,661.1,3457.96,3508.1,0.49,661.1,0.51,700.33,3508.1,3457.96,3400392,-11735.9
btc-updown-15m-1765062900,1765062900,2025-12,1,899,0.49,700.33,0.51,661.1,3457.96,3508.1,0.49,661.1,0.51,700.33,3508.1,3457.96,3402392,-11735.9
btc-updown-15m-1765063800,1765063800,2025-12,0,780,0.49,881,0.51,889.62,3628,3747.25,0.49,889.62,0.51,881,3747.25,3628,2411361,-2653.8
btc-updown-15m-1765063800,1765063800,2025-12,0,840,0.49,881,0.51,889.62,3628,3747.25,0.49,889.62,0.51,881,3747.25,3628,2471361,-2653.8
btc-updown-15m-1765063800,1765063800,2025-12,0,870,0.49,881,0.51,889.62,3628,3747.25,0.49,889.62,0.51,881,3747.25,3628,2501361,-2653.8
btc-updown-15m-1765063800,1765063800,2025-12,0,885,0.49,881,0.51,889.62,3628,3747.25,0.49,889.62,0.51,881,3747.25,3628,2516361,-2653.8
btc-updown-15m-1765063800,1765063800,2025-12,0,897,0.49,881,0.51,889.62,3628,3747.25,0.49,889.62,0.51,881,3747.25,3628,2528361,-2653.8
btc-updown-15m-1765063800,1765063800,2025-12,0,899,0.49,881,0.51,889.62,3628,3747.25,0.49,889.62,0.51,881,3747.25,3628,2530361,-2653.8
btc-updown-15m-1765064700,1765064700,2025-12,0,780,0.99,342.17,,,2174.75,0,,,0.01,342.17,0,2174.75,116,777.2
btc-updown-15m-1765064700,1765064700,2025-12,0,840,0.99,3083.85,,,5180.68,0,,,0.01,3083.85,0,5180.68,79,777.2
btc-updown-15m-1765064700,1765064700,2025-12,0,870,0.99,3063.84,,,5140.15,0,,,0.01,3063.84,0,5140.15,1650,777.2
btc-updown-15m-1765064700,1765064700,2025-12,0,885,0.99,3063.84,,,5140.15,0,,,0.01,3063.84,0,5140.15,16650,777.2
btc-updown-15m-1765064700,1765064700,2025-12,0,897,0.99,3063.84,,,5140.15,0,,,0.01,3063.84,0,5140.15,28650,777.2
btc-updown-15m-1765064700,1765064700,2025-12,0,899,0.99,3063.84,,,5140.15,0,,,0.01,3063.84,0,5140.15,30650,777.2
btc-updown-15m-1765065600,1765065600,2025-12,1,780,0.9,19.5,0.91,75,1317.3,270.5,0.09,75,0.1,19.5,270.5,1317.3,102,772.8
btc-updown-15m-1765065600,1765065600,2025-12,1,840,0.12,104.26,0.14,30.81,831.19,212.05,0.86,30.81,0.88,104.26,212.05,831.19,11,772.8
btc-updown-15m-1765065600,1765065600,2025-12,1,870,0.3,115,0.33,5,160,26.3,0.67,5,0.7,115,26.3,160,8,772.8
btc-updown-15m-1765065600,1765065600,2025-12,1,885,,,0.01,75,0,708.77,0.99,75,,,708.77,0,54,772.8
btc-updown-15m-1765065600,1765065600,2025-12,1,897,,,0.01,4743.99,0,5898.27,0.99,4743.99,,,5898.27,0,964,772.8
btc-updown-15m-1765065600,1765065600,2025-12,1,899,,,0.01,4859.05,0,6013.33,0.99,4859.05,,,6013.33,0,78,772.8
btc-updown-15m-1765066500,1765066500,2025-12,0,780,0.99,231.01,,,1093.33,0,,,0.01,231.01,0,1093.33,119,736.5
btc-updown-15m-1765066500,1765066500,2025-12,0,840,0.99,2914.25,,,3949.96,0,,,0.01,2914.25,0,3949.96,822,736.5
btc-updown-15m-1765066500,1765066500,2025-12,0,870,0.99,5444.15,,,6417.34,0,,,0.01,5444.15,0,6417.34,2532,736.5
btc-updown-15m-1765066500,1765066500,2025-12,0,885,0.99,6913.23,,,7721.9,0,,,0.01,6913.23,0,7721.9,756,736.5
btc-updown-15m-1765066500,1765066500,2025-12,0,897,0.99,8394.58,,,9247.25,0,,,0.01,8394.58,0,9247.25,974,736.5
btc-updown-15m-1765066500,1765066500,2025-12,0,899,0.99,9418.58,,,10271.25,0,,,0.01,9418.58,0,10271.25,230,736.5
btc-updown-15m-1765067400,1765067400,2025-12,0,780,0.99,1603.24,,,2225.24,0,,,0.01,1603.24,0,2225.24,886,710.9
btc-updown-15m-1765067400,1765067400,2025-12,0,840,0.995,7,,,8621.64,0,,,0.005,7,0,8621.64,337,710.9
btc-updown-15m-1765067400,1765067400,2025-12,0,870,0.999,404.34,,,427.34,0,,,0.001,404.34,0,427.34,1321,710.9
btc-updown-15m-1765067400,1765067400,2025-12,0,885,0.999,1154.34,,,1178.34,0,,,0.001,1154.34,0,1178.34,1000,710.9
btc-updown-15m-1765067400,1765067400,2025-12,0,897,0.999,2085.36,,,2108.36,0,,,0.001,2085.36,0,2108.36,357,710.9
btc-updown-15m-1765067400,1765067400,2025-12,0,899,0.999,2085.36,,,2108.36,0,,,0.001,2085.36,0,2108.36,81,710.9
btc-updown-15m-1765069200,1765069200,2025-12,0,780,0.99,952.01,,,1146.01,0,,,0.01,952.01,0,1146.01,151,755.3
btc-updown-15m-1765069200,1765069200,2025-12,0,840,0.99,7283.58,,,7486.58,0,,,0.01,7283.58,0,7486.58,29,755.3
btc-updown-15m-1765069200,1765069200,2025-12,0,870,0.99,8209.77,,,8366.77,0,,,0.01,8209.77,0,8366.77,14,755.3
btc-updown-15m-1765069200,1765069200,2025-12,0,885,0.99,7773.08,,,8027.12,0,,,0.01,7773.08,0,8027.12,194,755.3
btc-updown-15m-1765069200,1765069200,2025-12,0,897,0.99,8815.91,,,9058.95,0,,,0.01,8815.91,0,9058.95,104,755.3
btc-updown-15m-1765069200,1765069200,2025-12,0,899,0.99,9142.91,,,9390.95,0,,,0.01,9142.91,0,9390.95,237,755.3
btc-updown-15m-1765070100,1765070100,2025-12,1,780,0.09,464.11,0.12,705.84,617.11,887.64,0.88,705.84,0.91,464.11,887.64,617.11,57,775.8
btc-updown-15m-1765070100,1765070100,2025-12,1,840,0.02,1102.05,0.04,102,5100.57,321.46,0.96,102,0.98,1102.05,321.46,5100.57,29,775.8
btc-updown-15m-1765070100,1765070100,2025-12,1,870,,,0.01,4297.37,0,5831.43,0.99,4297.37,,,5831.43,0,61,775.8
btc-updown-15m-1765070100,1765070100,2025-12,1,885,,,0.01,6352.39,0,6984.45,0.99,6352.39,,,6984.45,0,238,775.8
btc-updown-15m-1765070100,1765070100,2025-12,1,897,,,0.01,7438.64,0,8063.7,0.99,7438.64,,,8063.7,0,271,775.8
btc-updown-15m-1765070100,1765070100,2025-12,1,899,,,0.01,7933.64,0,8558.7,0.99,7933.64,,,8558.7,0,7,775.8
