score_test,ev_test,kept_n_test,pnl_total_test,winrate_test,placebo_percentile,score_search,skip_pct_tv,ev_train,ev_val,instability_tv,kept_n_train,kept_n_val,pnl_total_tv,winrate_tv,chunk_valid_n,chunk_ev_std,chunk_beat_baseline_frac,is_single,rule
1.0292592592592593,1.0292592592592593,54,55.58,83.33333333333334,,-0.054144723696792074,0.31075697211155373,0.32435233160621757,0.2192481203007518,0.05255210565273288,386,133,154.35999999999999,76.10789980732177,8,0.3737634122467888,0.875,False,SKIP = (tf15m_wickRatio <= 0.100551206) OR (tf15m_hlRangePct <= 0.0004191261593 OR tf15m_hlRangePct >= 0.005677570903) OR (tf1h_bbWidth >= 0.0306926129)
1.0022641509433963,1.0022641509433963,53,53.120000000000005,83.01886792452831,,-0.08979816945181734,0.3266932270916335,0.3391052631578947,0.18015748031496048,0.0794738914214671,380,127,151.73999999999998,76.13412228796844,8,0.3870177735734407,0.75,False,SKIP = (tf15m_wickRatio <= 0.1322947635) OR (tf15m_hlRangePct <= 0.0004191261593 OR tf15m_hlRangePct >= 0.005677570903) OR (tf1h_bbWidth >= 0.0306926129)
0.9323364485981308,0.9323364485981308,107,99.75999999999999,82.2429906542056,,-0.02435420629735946,0.26294820717131473,0.3413098236775819,0.1970253164556962,0.07214225361094284,397,158,166.63,75.85585585585586,8,0.3155577336508135,0.75,False,SKIP = (tf15m_wickRatio <= 0.100551206) OR (tf15m_atr14Pct >= 0.003114683896) OR (tf15m_hlRangePct >= 0.004087772942)
0.9314018691588785,0.9314018691588785,107,99.66,82.2429906542056,,-0.07187600416403198,0.3120849933598937,0.3432564102564103,0.21218749999999992,0.06553445512820519,390,128,161.03000000000003,76.06177606177607,8,0.3965128436306909,0.75,False,SKIP = (tf15m_wickRatio <= 0.1322947635) OR (tf15m_hlRangePct <= 0.0004191261593 OR tf15m_hlRangePct >= 0.005677570903) OR (tf15m_atr14Pct >= 0.003114683896)
0.9218681318681319,0.9218681318681319,91,83.89,82.41758241758241,,-0.10771407933845917,0.4382470119521913,0.3278947368421052,0.5917,0.1319026315789474,323,100,165.07999999999998,76.8321513002364,8,0.4575893688010445,0.875,False,SKIP = (tf15m_hlRangePct <= 0.0005932537496 OR tf15m_hlRangePct >= 0.004087772942) OR (tf15m_wickRatio <= 0.1322947635 OR tf15m_wickRatio >= 8.419461199) OR (tf15m_atr14Pct >= 0.003114683896)
0.9179245283018869,0.9179245283018869,106,97.30000000000001,82.0754716981132,,-0.07870885259778715,0.27622841965471445,0.35030456852791875,0.14569536423841054,0.1023046021447541,394,151,160.01999999999998,75.77981651376146,8,0.33752366169014447,0.625,False,SKIP = (tf15m_wickRatio <= 0.1322947635) OR (tf15m_atr14Pct >= 0.003114683896) OR (tf15m_hlRangePct >= 0.004087772942)
0.9106666666666667,0.9106666666666667,105,95.62,81.9047619047619,,-0.04857230249605271,0.27091633466135456,0.36040920716112534,0.1970253164556962,0.08169194535271457,391,158,172.05,75.95628415300546,8,0.35033541910676835,0.875,False,SKIP = (tf15m_wickRatio <= 0.100551206) OR (tf15m_hlRangePct >= 0.003863715503) OR (tf15m_atr14Pct >= 0.003114683896)
0.9104716981132075,0.9104716981132075,106,96.50999999999999,82.0754716981132,94.5,0.024440588769109373,0.36786188579017265,0.37728531855955666,0.36034782608695637,0.008468746236300145,361,115,177.64,76.68067226890757,8,0.4253549278818935,0.75,False,SKIP = (tf15m_hlRangePct <= 0.0005932537496 OR tf15m_hlRangePct >= 0.004087772942) OR (tf15m_wickRatio <= 0.100551206) OR (tf15m_atr14Pct >= 0.003114683896)
0.8957692307692308,0.8957692307692308,104,93.16,81.73076923076923,,-0.0959389136441331,0.2841965471447543,0.3696907216494845,0.14569536423841054,0.111997678705537,388,151,165.44,75.88126159554731,8,0.3636000130610002,0.75,False,SKIP = (tf15m_wickRatio <= 0.1322947635) OR (tf15m_hlRangePct >= 0.003863715503) OR (tf15m_atr14Pct >= 0.003114683896)
0.8957142857142857,0.8957142857142857,105,94.05,81.9047619047619,,-0.008575366390410899,0.3798140770252324,0.38748603351955296,0.32256880733944954,0.03245861309005171,358,109,173.88,76.65952890792292,8,0.4355635005119586,0.75,False,SKIP = (tf15m_hlRangePct <= 0.0005932537496 OR tf15m_hlRangePct >= 0.004087772942) OR (tf15m_wickRatio <= 0.1322947635) OR (tf15m_atr14Pct >= 0.003114683896)
0.8952272727272728,0.8952272727272728,88,78.78,81.81818181818183,,-0.10200355474423489,0.3266932270916335,0.30477272727272725,0.14941935483870963,0.07767668621700881,352,155,130.43999999999997,75.34516765285996,8,0.3520062187951272,0.75,False,SKIP = (tf15m_wickRatio <= 0.100551206) OR (tf15m_atr14Pct >= 0.003114683896) OR (tf15m_hlRangePct >= 0.002688801682)
0.885,0.885,72,63.72,81.94444444444444,,-0.09895374365928042,0.28154050464807434,0.3026470588235293,0.2192481203007518,0.04169946926138876,408,133,152.63999999999996,75.97042513863215,8,0.4242480648088247,0.75,False,SKIP = (tf15m_wickRatio <= 0.100551206) OR (tf15m_hlRangePct <= 0.0004191261593 OR tf15m_hlRangePct >= 0.005677570903) OR (tf1h_bbWidth >= 0.03498540081)
0.8772413793103447,0.8772413793103447,87,76.32,81.60919540229885,,-0.13156031246222033,0.33997343957503323,0.31461318051575937,0.09479729729729723,0.10990794160923108,349,148,123.82999999999997,75.25150905432596,8,0.33850912553806745,0.75,False,SKIP = (tf15m_wickRatio <= 0.1322947635) OR (tf15m_atr14Pct >= 0.003114683896) OR (tf15m_hlRangePct >= 0.002688801682)
0.8732653061224488,0.8732653061224488,49,42.78999999999999,81.63265306122449,84.5,0.025152039339159993,0.3944223107569721,0.4095614035087719,0.3259649122807016,0.04179824561403514,342,114,177.23,76.97368421052632,8,0.40213999468569905,0.875,False,SKIP = (tf15m_hlRangePct <= 0.0005932537496 OR tf15m_hlRangePct >= 0.004087772942) OR (tf15m_wickRatio <= 0.100551206) OR (tf1h_bbWidth >= 0.0306926129)
0.8732653061224488,0.8732653061224488,49,42.78999999999999,81.63265306122449,,-0.05325259089525497,0.2934926958831341,0.35093333333333326,0.17101910828025477,0.08995711252653925,375,157,158.45,75.93984962406014,8,0.3264172802917216,0.75,False,SKIP = (tf15m_wickRatio <= 0.100551206) OR (tf1h_bbWidth >= 0.0306926129) OR (tf15m_hlRangePct >= 0.004087772942)
0.8704587155963301,0.8704587155963301,109,94.87999999999998,81.65137614678899,,-0.03930194841373136,0.297476759628154,0.3226582278481012,0.24955223880597008,0.03655299452106557,395,134,160.89,75.99243856332704,8,0.38361105058889455,0.75,False,SKIP = (tf15m_wickRatio <= 0.100551206) OR (tf15m_hlRangePct <= 0.0004191261593 OR tf15m_hlRangePct >= 0.005677570903) OR (tf15m_atr14Pct >= 0.003114683896)
0.8645652173913041,0.8645652173913041,92,79.53999999999998,81.52173913043478,,-0.12040210019392061,0.4807436918990704,0.31467320261437903,0.4219999999999999,0.05366339869281042,306,85,132.16,76.21483375959079,8,0.5059297707382804,0.625,False,SKIP = (tf15m_hlRangePct <= 0.0007218898852 OR tf15m_hlRangePct >= 0.003464653504) OR (tf15m_wickRatio <= 0.2317762659) OR (tf15m_atr14Pct >= 0.003114683896)
0.8628169014084507,0.8628169014084507,71,61.26,81.69014084507043,,-0.1176364348281263,0.298804780876494,0.33610972568578545,0.18015748031496048,0.07797612268541249,401,127,157.65999999999997,76.13636363636364,8,0.42282349623899823,0.75,False,SKIP = (tf15m_wickRatio <= 0.1322947635) OR (tf15m_hlRangePct <= 0.0004191261593 OR tf15m_hlRangePct >= 0.005677570903) OR (tf1h_bbWidth >= 0.03498540081)
0.8515686274509803,0.8515686274509803,102,86.85999999999999,81.37254901960785,,-0.04211265060255709,0.2828685258964143,0.35808900523560216,0.1970253164556962,0.08053184438995298,382,158,167.92000000000002,75.92592592592592,8,0.34067971146945886,0.875,False,SKIP = (tf15m_wickRatio <= 0.100551206) OR (tf15m_hlRangePct >= 0.003464653504) OR (tf15m_atr14Pct >= 0.003114683896)
0.8402083333333333,0.8402083333333333,48,40.33,81.25,,-0.026166605483728345,0.4050464807436919,0.3969117647058823,0.28592592592592597,0.05549291938997816,340,108,165.82999999999998,76.78571428571429,8,0.4260374201171877,0.875,False,SKIP = (tf15m_hlRangePct <= 0.0005932537496 OR tf15m_hlRangePct >= 0.004087772942) OR (tf15m_wickRatio <= 0.1322947635) OR (tf1h_bbWidth >= 0.0306926129)
0.8402083333333333,0.8402083333333333,48,40.33,81.25,,-0.1203682726942174,0.30544488711819384,0.33908847184986585,0.11813333333333328,0.11047756925826628,373,150,144.2,75.71701720841301,8,0.3570096508054551,0.75,False,SKIP = (tf15m_wickRatio <= 0.1322947635) OR (tf1h_bbWidth >= 0.0306926129) OR (tf15m_hlRangePct >= 0.004087772942)
0.8356435643564356,0.8356435643564356,101,84.39999999999999,81.1881188118812,,-0.08648829956309884,0.29614873837981404,0.36757255936675465,0.14569536423841054,0.11093859756417206,379,151,161.31,75.84905660377359,8,0.34988524070620564,0.875,False,SKIP = (tf15m_wickRatio <= 0.1322947635) OR (tf15m_hlRangePct >= 0.003464653504) OR (tf15m_atr14Pct >= 0.003114683896)
0.8208490566037735,0.8208490566037735,106,87.00999999999999,81.13207547169812,,-1.0480744952766878,0.2642762284196547,0.14986876640419947,-0.030462427745664718,0.09016559707493209,381,173,51.82999999999996,73.6462093862816,8,0.47058106860057,0.375,True,SKIP = (tf15m_hlRangePct >= 0.002398938572)
0.816896551724138,0.816896551724138,58,47.38,81.03448275862068,,-0.1317036242309911,0.30013280212483395,0.3063563829787233,0.0796026490066225,0.1133768669860504,376,151,127.20999999999995,75.33206831119544,8,0.32463994560740916,0.625,False,SKIP = (tf15m_wickRatio <= 0.100551206) OR (tf1h_bbWidth >= 0.03498540081) OR (tf15m_rv20 >= 0.00241490384)
0.8152380952380952,0.8152380952380952,105,85.6,80.95238095238095,,-0.13482338713219877,0.3320053120849934,0.24590785907859072,0.1851492537313432,0.030379302673623765,369,134,115.54999999999997,75.14910536779324,8,0.4177071930483678,0.75,False,SKIP = (tf15m_wickRatio <= 0.100551206) OR (tf15m_hlRangePct <= 0.0004191261593 OR tf15m_hlRangePct >= 0.005677570903) OR (tf15m_hlRangePct >= 0.002688801682)
0.8134999999999999,0.8134999999999999,100,81.35,81.0,,-0.07898316614640838,0.43957503320053126,0.3461111111111111,0.5449999999999999,0.09944444444444442,324,98,165.54999999999998,76.77725118483413,8,0.46479662487627005,0.75,False,SKIP = (tf15m_hlRangePct <= 0.0007218898852 OR tf15m_hlRangePct >= 0.003464653504) OR (tf15m_wickRatio <= 0.100551206) OR (tf15m_atr14Pct >= 0.003114683896)
0.8086206896551724,0.8086206896551724,58,46.9,81.03448275862068,,-0.022824257093069678,0.39176626826029215,0.40530791788856296,0.32410256410256405,0.040602676892999456,341,117,176.13,76.85589519650655,8,0.45848112372170347,0.75,False,SKIP = (tf15m_hlRangePct <= 0.0005932537496 OR tf15m_hlRangePct >= 0.004087772942) OR (tf1h_bbWidth >= 0.03498540081) OR (tf15m_rv20 >= 0.00241490384)
0.7999999999999999,0.7999999999999999,88,70.39999999999999,80.68181818181817,,-0.13186267557509765,0.4475431606905711,0.22835913312693495,0.19365591397849458,0.01735160957422019,323,93,91.77,75.24038461538461,8,0.4188900344241737,0.625,False,SKIP = (tf15m_wickRatio <= 0.4001083947) OR (tf15m_hlRangePct <= 0.0004191261593 OR tf15m_hlRangePct >= 0.005677570903) OR (tf15m_rv20 >= 0.00241490384)
0.7994230769230768,0.7994230769230768,104,83.13999999999999,80.76923076923077,,-0.14497453304975833,0.34395750332005315,0.25480874316939894,0.144765625,0.05502155908469947,366,128,111.78999999999999,75.10121457489879,8,0.39531065065470405,0.625,False,SKIP = (tf15m_wickRatio <= 0.1322947635) OR (tf15m_hlRangePct <= 0.0004191261593 OR tf15m_hlRangePct >= 0.005677570903) OR (tf15m_hlRangePct >= 0.002688801682)
0.7975454545454543,0.7975454545454543,110,87.72999999999998,80.9090909090909,,-0.05969929752961162,0.5139442231075697,0.37089456869009585,0.170754716981132,0.10006992585448192,313,53,125.14,76.50273224043715,6,0.37692742497642573,0.6666666666666666,False,SKIP = (tf15m_wickRatio <= 0.100551206) OR (tf1h_bbWidth <= 0.008166229779) OR (tf15m_atr14Pct >= 0.003114683896)
0.7975454545454543,0.7975454545454543,110,87.72999999999998,80.9090909090909,,-0.15703697441160208,0.23240371845949537,0.312488038277512,0.10524999999999991,0.10361901913875604,418,160,147.45999999999998,75.4325259515571,8,0.38567382817410245,0.75,False,SKIP = (tf15m_wickRatio <= 0.100551206) OR (tf15m_atr14Pct >= 0.003114683896)
0.7975454545454543,0.7975454545454543,110,87.72999999999998,80.9090909090909,,-0.15703697441160208,0.23240371845949537,0.312488038277512,0.10524999999999991,0.10361901913875604,418,160,147.45999999999998,75.4325259515571,8,0.38567382817410245,0.75,False,SKIP = (tf15m_wickRatio <= 0.100551206) OR (tf15m_atr14Pct >= 0.003114683896) OR (tf15m_wickRatio <= 0.05545740001)
0.7968686868686867,0.7968686868686867,99,78.88999999999999,80.8080808080808,,-0.06034950852644022,0.44887118193891107,0.357196261682243,0.5569148936170212,0.09985931596738909,321,94,167.01,76.86746987951807,8,0.45365490937351266,0.75,False,SKIP = (tf15m_hlRangePct <= 0.0007218898852 OR tf15m_hlRangePct >= 0.003464653504) OR (tf15m_wickRatio <= 0.1322947635) OR (tf15m_atr14Pct >= 0.003114683896)
0.7941739130434783,0.7941739130434783,115,91.33,80.8695652173913,,-0.015594082058874026,0.3173970783532537,0.40365979381443295,0.3392063492063492,0.03222672230404189,388,126,199.36,76.84824902723736,8,0.4640341024172756,0.875,False,SKIP = (tf15m_hlRangePct <= 0.0005932537496 OR tf15m_hlRangePct >= 0.004087772942) OR (tf15m_atr14Pct >= 0.003114683896)
0.7941739130434783,0.7941739130434783,115,91.33,80.8695652173913,,-0.015594082058874026,0.3173970783532537,0.40365979381443295,0.3392063492063492,0.03222672230404189,388,126,199.36,76.84824902723736,8,0.4640341024172756,0.875,False,SKIP = (tf15m_hlRangePct <= 0.0005932537496 OR tf15m_hlRangePct >= 0.004087772942) OR (tf15m_hlRangePct <= 0.0004191261593 OR tf15m_hlRangePct >= 0.005677570903) OR (tf15m_atr14Pct >= 0.003114683896)
0.7941739130434783,0.7941739130434783,115,91.33,80.8695652173913,,-0.015594082058874026,0.3173970783532537,0.40365979381443295,0.3392063492063492,0.03222672230404189,388,126,199.36,76.84824902723736,8,0.4640341024172756,0.875,False,SKIP = (tf15m_hlRangePct <= 0.0005932537496 OR tf15m_hlRangePct >= 0.004087772942) OR (tf15m_atr14Pct >= 0.003114683896) OR (tf15m_hlRangePct >= 0.004087772942)
0.7941739130434783,0.7941739130434783,115,91.33,80.8695652173913,,-0.029722345815385076,0.4754316069057105,0.40214501510574013,0.34156249999999994,0.0302912575528701,331,64,154.97,76.9620253164557,8,0.489700252733207,1.0,False,SKIP = (tf15m_hlRangePct <= 0.0005932537496 OR tf15m_hlRangePct >= 0.004087772942) OR (tf15m_atr14Pct <= 0.000997456038 OR tf15m_atr14Pct >= 0.003114683896)
0.7941739130434783,0.7941739130434783,115,91.33,80.8695652173913,,-0.029722345815385076,0.4754316069057105,0.40214501510574013,0.34156249999999994,0.0302912575528701,331,64,154.97,76.9620253164557,8,0.489700252733207,1.0,False,SKIP = (tf15m_hlRangePct <= 0.0005932537496 OR tf15m_hlRangePct >= 0.004087772942) OR (tf15m_hlRangePct <= 0.0004191261593 OR tf15m_hlRangePct >= 0.005677570903) OR (tf15m_atr14Pct <= 0.000997456038 OR tf15m_atr14Pct >= 0.003114683896)
0.7941739130434783,0.7941739130434783,115,91.33,80.8695652173913,,-0.029722345815385076,0.4754316069057105,0.40214501510574013,0.34156249999999994,0.0302912575528701,331,64,154.97,76.9620253164557,8,0.489700252733207,1.0,False,SKIP = (tf15m_hlRangePct <= 0.0005932537496 OR tf15m_hlRangePct >= 0.004087772942) OR (tf15m_atr14Pct <= 0.000997456038 OR tf15m_atr14Pct >= 0.003114683896) OR (tf15m_atr14Pct >= 0.003114683896)
0.7941739130434783,0.7941739130434783,115,91.33,80.8695652173913,,-0.029722345815385076,0.4754316069057105,0.40214501510574013,0.34156249999999994,0.0302912575528701,331,64,154.97,76.9620253164557,8,0.489700252733207,1.0,False,SKIP = (tf15m_hlRangePct <= 0.0005932537496 OR tf15m_hlRangePct >= 0.004087772942) OR (tf15m_atr14Pct <= 0.000997456038 OR tf15m_atr14Pct >= 0.003114683896) OR (tf15m_hlRangePct >= 0.004087772942)
0.7843689320388348,0.7843689320388348,103,80.78999999999999,80.58252427184466,,-0.07024558762590455,0.297476759628154,0.2874736842105263,0.17657718120805369,0.05544825150123632,380,149,135.54999999999998,75.42533081285444,8,0.3387944017248333,0.625,False,SKIP = (tf15m_wickRatio <= 0.100551206) OR (tf15m_hlRangePct >= 0.003464653504) OR (tf15m_rv20 >= 0.00241490384)
0.7838775510204081,0.7838775510204081,98,76.82,80.61224489795919,,-0.10409137572476554,0.32536520584329354,0.2705263157894737,0.1408163265306122,0.06485499462943076,361,147,118.35999999999999,75.19685039370079,8,0.3402856338494834,0.625,False,SKIP = (tf15m_wickRatio <= 0.100551206) OR (tf15m_hlRangePct >= 0.003038471103) OR (tf15m_rv20 >= 0.00241490384)
0.783859649122807,0.783859649122807,114,89.36,80.7017543859649,,-0.06885990101953499,0.37184594953519257,0.41921348314606743,0.32410256410256405,0.04755545952175169,356,117,187.15999999999997,76.95560253699789,8,0.5212394313648294,0.875,False,SKIP = (tf15m_hlRangePct <= 0.0005932537496 OR tf15m_hlRangePct >= 0.004087772942) OR (tf15m_atr14Pct >= 0.003114683896) OR (tf15m_rv20 >= 0.00241490384)
0.7828682170542637,0.7828682170542637,129,100.99000000000001,80.62015503875969,,-0.9437806910602605,0.29614873837981404,0.24524249422632788,-0.183298969072165,0.21427073164924643,433,97,88.40999999999998,74.71698113207546,8,0.745401600207164,0.5,True,SKIP = (tf15m_atr14Pct <= 0.0009164561015 OR tf15m_atr14Pct >= 0.003383416573)
0.7828682170542637,0.7828682170542637,129,100.99000000000001,80.62015503875969,,-1.3950314429065256,0.10756972111553786,0.2281541582150101,-0.1106703910614526,0.16941227463823133,493,179,92.66999999999996,74.25595238095238,8,0.391901192478225,0.25,True,SKIP = (tf15m_atr14Pct >= 0.003383416573)
0.777391304347826,0.777391304347826,92,71.52,80.43478260869566,,-2.1539789494951194,0.0,0.2081946902654867,-0.13430851063829793,0.1712516004518923,565,188,92.38,74.23638778220452,8,0.38176243995609244,0.0,True,SKIP = (tf1h_ema20Over50 <= -0.009626227912)
0.777391304347826,0.777391304347826,92,71.52,80.43478260869566,,-2.265479826216652,0.12616201859229748,-0.02057446808510643,-0.13430851063829793,0.05686702127659575,470,188,-34.92000000000004,72.3404255319149,8,0.4444286201568332,0.0,True,SKIP = (tf1h_ema20Over50 <= -0.009626227912 OR tf1h_ema20Over50 >= 0.003807234588)
0.7767032967032966,0.7767032967032966,91,70.67999999999999,80.21978021978022,,-1.1283899964285888,0.3067729083665338,0.27356741573033705,-0.0972891566265061,0.18542828617842158,356,166,81.23999999999998,74.32950191570882,8,0.5294923676977665,0.375,True,SKIP = (tf15m_rv20 >= 0.001670810706)
0.7728571428571427,0.7728571428571427,98,75.73999999999998,80.61224489795919,,-0.07364099039644784,0.3081009296148738,0.3063561643835616,0.16358974358974354,0.07138321039690904,365,156,137.33999999999997,75.43186180422265,8,0.3323327816213045,0.75,False,SKIP = (tf15m_wickRatio <= 0.100551206) OR (tf15m_hlRangePct >= 0.003038471103) OR (tf15m_atr14Pct >= 0.003114683896)
0.7722222222222221,0.7722222222222221,72,55.599999999999994,80.55555555555556,,-0.07271835971547241,0.3187250996015937,0.3886855670103092,0.30768000000000006,0.04050278350515457,388,125,189.27,76.80311890838206,8,0.501453680789213,0.75,False,SKIP = (tf15m_hlRangePct <= 0.0005932537496 OR tf15m_hlRangePct >= 0.004087772942) OR (tf1h_bbWidth >= 0.03498540081)
