slug,PNL,isWin
btc-updown-15m-1766372400,2.17,true
btc-updown-15m-1766373300,2.23,true
btc-updown-15m-1766374200,2.76,true
btc-updown-15m-1766396700,2.46,true
btc-updown-15m-1766399400,2.21,true
btc-updown-15m-1766400300,3.05,true
btc-updown-15m-1766403000,2.17,true
btc-updown-15m-1766403900,2.17,true
btc-updown-15m-1766404800,2.85,true
btc-updown-15m-1766405700,2.46,true
btc-updown-15m-1766406600,1.97,true
btc-updown-15m-1766408400,-7.24,false
btc-updown-15m-1766409300,3.15,true
btc-updown-15m-1766411100,3.05,true
btc-updown-15m-1766413800,2.36,true
btc-updown-15m-1766414700,2.26,true
btc-updown-15m-1766417400,3.15,true
btc-updown-15m-1766421900,-7.54,false
btc-updown-15m-1766422800,2.46,true
btc-updown-15m-1766425500,3.05,true
btc-updown-15m-1766427300,-7.54,false
btc-updown-15m-1766428200,2.26,true
btc-updown-15m-1766429100,2.66,true
btc-updown-15m-1766430900,-7.44,false
btc-updown-15m-1766431800,1.97,true
btc-updown-15m-1766432700,2.45,true
btc-updown-15m-1766433600,2.61,true
btc-updown-15m-1766434500,2.82,true
btc-updown-15m-1766435400,1.97,true
btc-updown-15m-1766439000,3.45,true
btc-updown-15m-1766440800,-7.84,false
btc-updown-15m-1766441700,1.87,true
btc-updown-15m-1766444400,2.26,true
btc-updown-15m-1766445300,-7.64,false
btc-updown-15m-1766448000,2.07,true
btc-updown-15m-1766448900,2.48,true
btc-updown-15m-1766450700,2.17,true
btc-updown-15m-1766451600,-6.85,false
btc-updown-15m-1766453400,2.2,true
btc-updown-15m-1766454300,2.66,true
btc-updown-15m-1766455200,-6.65,false
btc-updown-15m-1766456100,2.66,true
btc-updown-15m-1766457000,2.17,true
btc-updown-15m-1766457900,-6.95,false
btc-updown-15m-1766458800,2.46,true
btc-updown-15m-1766460600,2.46,true
btc-updown-15m-1766462400,-7.64,false
btc-updown-15m-1766463300,3.35,true
btc-updown-15m-1766465100,2.66,true
btc-updown-15m-1766469600,2.66,true
btc-updown-15m-1766471400,2.46,true
btc-updown-15m-1766473200,2.85,true
btc-updown-15m-1766474100,3.05,true
btc-updown-15m-1766476800,-7.54,false
btc-updown-15m-1766477700,3.15,true
btc-updown-15m-1766478600,-7.15,false
btc-updown-15m-1766481300,-7.79,false
btc-updown-15m-1766482200,-7.54,false
btc-updown-15m-1766483100,2.76,true
btc-updown-15m-1766484000,2.56,true
btc-updown-15m-1766485800,2.17,true
btc-updown-15m-1766487600,-7.24,false
btc-updown-15m-1766489400,-6.85,false
btc-updown-15m-1766491200,2.17,true
btc-updown-15m-1766492100,2.46,true
btc-updown-15m-1766494800,2.85,true
btc-updown-15m-1766495700,-7.74,false
btc-updown-15m-1766497500,2.76,true
btc-updown-15m-1766498400,2.17,true
btc-updown-15m-1766499300,2.76,true
btc-updown-15m-1766502000,2.56,true
btc-updown-15m-1766503800,3.05,true
btc-updown-15m-1766504700,-6.95,false
btc-updown-15m-1766506500,2.17,true
btc-updown-15m-1766508300,2.85,true
btc-updown-15m-1766509200,-7.24,false
btc-updown-15m-1766510100,-7.93,false
btc-updown-15m-1766511000,2.26,true
btc-updown-15m-1766511900,2.46,true
btc-updown-15m-1766513700,2.56,true
btc-updown-15m-1766514600,3.25,true
btc-updown-15m-1766517300,-7.44,false
btc-updown-15m-1766518200,2.76,true
btc-updown-15m-1766521800,-7.34,false
btc-updown-15m-1766522700,2.26,true
btc-updown-15m-1766523600,2.56,true
btc-updown-15m-1766524500,2.56,true
btc-updown-15m-1766525400,2.46,true
btc-updown-15m-1766527200,3.25,true
btc-updown-15m-1766528100,-7.74,false
btc-updown-15m-1766529000,-7.44,false
btc-updown-15m-1766531700,-7.54,false
btc-updown-15m-1766532600,3.05,true
btc-updown-15m-1766533500,2.26,true
btc-updown-15m-1766534400,-7.44,false
btc-updown-15m-1766536200,3.15,true
btc-updown-15m-1766537100,2.85,true
btc-updown-15m-1766538000,2.56,true
btc-updown-15m-1766538900,2.66,true
btc-updown-15m-1766540700,2.85,true
btc-updown-15m-1766570400,3.15,true
btc-updown-15m-1766571300,3.15,true
btc-updown-15m-1766572200,2.36,true
btc-updown-15m-1766573100,3.25,true
btc-updown-15m-1766574900,-7.05,false
btc-updown-15m-1766579400,3.25,true
btc-updown-15m-1766581200,2.46,true
btc-updown-15m-1766582100,-7.15,false
btc-updown-15m-1766583900,2.66,true
btc-updown-15m-1766584800,2.07,true
btc-updown-15m-1766585700,2.56,true
btc-updown-15m-1766586600,1.97,true
btc-updown-15m-1766588400,-7.15,false
btc-updown-15m-1766590200,3.05,true
btc-updown-15m-1766591100,3.25,true
btc-updown-15m-1766592000,2.46,true
btc-updown-15m-1766592900,2.76,true
btc-updown-15m-1766594700,2.46,true
btc-updown-15m-1766596500,2.66,true
btc-updown-15m-1766597400,-7.34,false
btc-updown-15m-1766598300,2.76,true
btc-updown-15m-1766599200,2.46,true
btc-updown-15m-1766600100,1.97,true
btc-updown-15m-1766601000,3.05,true
btc-updown-15m-1766601900,3.35,true
btc-updown-15m-1766603700,2.56,true
btc-updown-15m-1766604600,-7.24,false
btc-updown-15m-1766605500,2.85,true
btc-updown-15m-1766606400,2.26,true
btc-updown-15m-1766607300,3.05,true
btc-updown-15m-1766608200,-7.05,false
btc-updown-15m-1766614500,2.95,true
btc-updown-15m-1766616300,-7.44,false
btc-updown-15m-1766618100,2.81,true
btc-updown-15m-1766619900,2.95,true
btc-updown-15m-1766620800,3.15,true
btc-updown-15m-1766621700,-7.64,false
btc-updown-15m-1766622600,-7.83,false
btc-updown-15m-1766623500,2.56,true
btc-updown-15m-1766624400,2.95,true
btc-updown-15m-1766625300,2.26,true
btc-updown-15m-1766627100,3.05,true
btc-updown-15m-1766628900,2.26,true
btc-updown-15m-1766629800,2.66,true
btc-updown-15m-1766630700,2.53,true
btc-updown-15m-1766631600,3.15,true
btc-updown-15m-1766632500,-7.05,false
btc-updown-15m-1766633400,2.26,true
btc-updown-15m-1766634300,2.85,true
btc-updown-15m-1766636100,-7.93,false
btc-updown-15m-1766637000,2.07,true
btc-updown-15m-1766639700,2.36,true
btc-updown-15m-1766640600,2.76,true
btc-updown-15m-1766642400,2.66,true
btc-updown-15m-1766643300,2.56,true
btc-updown-15m-1766644200,2.85,true
btc-updown-15m-1766645100,2.26,true
btc-updown-15m-1766647800,2.36,true
btc-updown-15m-1766648700,3.05,true
btc-updown-15m-1766649600,-7.74,false
btc-updown-15m-1766651400,2.66,true
btc-updown-15m-1766652300,-6.75,false
btc-updown-15m-1766653200,2.66,true
btc-updown-15m-1766654100,-7.05,false
btc-updown-15m-1766655000,-6.95,false
btc-updown-15m-1766655900,2.66,true
btc-updown-15m-1766657700,2.76,true
btc-updown-15m-1766659500,2.26,true
btc-updown-15m-1766663100,2.46,true
btc-updown-15m-1766664000,-7.74,false
btc-updown-15m-1766666700,3.15,true
btc-updown-15m-1766667600,2.46,true
btc-updown-15m-1766669400,-7.24,false
btc-updown-15m-1766670300,2.46,true
btc-updown-15m-1766674800,2.95,true
btc-updown-15m-1766675700,2.75,true
btc-updown-15m-1766676600,-7.34,false
btc-updown-15m-1766677500,2.26,true
btc-updown-15m-1766678400,2.85,true
btc-updown-15m-1766679300,2.56,true
btc-updown-15m-1766680200,2.46,true
btc-updown-15m-1766682000,-7.93,false
btc-updown-15m-1766682900,2.76,true
btc-updown-15m-1766683800,3.15,true
btc-updown-15m-1766688300,-7.24,false
btc-updown-15m-1766689200,2.07,true
btc-updown-15m-1766691900,-6.79,false
btc-updown-15m-1766692800,1.99,true
btc-updown-15m-1766693700,2.26,true
btc-updown-15m-1766694600,2.07,true
btc-updown-15m-1766695500,2.26,true
btc-updown-15m-1766696400,-7.78,false
btc-updown-15m-1766697300,2.17,true
btc-updown-15m-1766699100,3.25,true
btc-updown-15m-1766700000,-6.65,false
btc-updown-15m-1766701800,-6.95,false
btc-updown-15m-1766707200,-7.54,false
btc-updown-15m-1766708100,2.56,true
btc-updown-15m-1766709000,-7.74,false
btc-updown-15m-1766709900,3.45,true
btc-updown-15m-1766710800,2.17,true
btc-updown-15m-1766713500,3.23,true
btc-updown-15m-1766714400,2.17,true
btc-updown-15m-1766716200,2.46,true
btc-updown-15m-1766718000,2.17,true
btc-updown-15m-1766719800,2.17,true
btc-updown-15m-1766726100,2.46,true
btc-updown-15m-1766727000,2.56,true
btc-updown-15m-1766728800,2.95,true
btc-updown-15m-1766732400,2.36,true
btc-updown-15m-1766735100,2.66,true
btc-updown-15m-1766736900,1.97,true
btc-updown-15m-1766737800,2.95,true
btc-updown-15m-1766738700,2.95,true
btc-updown-15m-1766741400,2.56,true
btc-updown-15m-1766743200,-6.9,false
btc-updown-15m-1766745900,-7.64,false
btc-updown-15m-1766746800,3.05,true
btc-updown-15m-1766747700,2.76,true
btc-updown-15m-1766749500,3.15,true
btc-updown-15m-1766751300,-7.93,false
btc-updown-15m-1766752200,-7.24,false
btc-updown-15m-1766753100,2.07,true
btc-updown-15m-1766754000,2.46,true
btc-updown-15m-1766754900,2.36,true
btc-updown-15m-1766755800,2.66,true
btc-updown-15m-1766756700,2.66,true
btc-updown-15m-1766758500,2.56,true
btc-updown-15m-1766759400,3.05,true
btc-updown-15m-1766761200,2.61,true
btc-updown-15m-1766763000,2.17,true
btc-updown-15m-1766763900,2.46,true
btc-updown-15m-1766766600,-6.65,false
btc-updown-15m-1766767500,2.56,true
btc-updown-15m-1766769300,3.25,true
btc-updown-15m-1766770200,-7.54,false
btc-updown-15m-1766771100,3.15,true
btc-updown-15m-1766772000,-6.85,false
btc-updown-15m-1766772900,3.25,true
btc-updown-15m-1766774700,2.66,true
btc-updown-15m-1766775600,2.85,true
btc-updown-15m-1766776500,2.95,true
btc-updown-15m-1766777400,3.15,true
btc-updown-15m-1766779200,-7.15,false
btc-updown-15m-1766780100,3.05,true
btc-updown-15m-1766781000,-7.15,false
btc-updown-15m-1766782800,2.66,true
btc-updown-15m-1766783700,3.05,true
btc-updown-15m-1766784600,2.66,true
btc-updown-15m-1766785500,-7.54,false
btc-updown-15m-1766786400,-7.74,false
btc-updown-15m-1766788200,-6.95,false
btc-updown-15m-1766789100,2.85,true
btc-updown-15m-1766790000,2.66,true
btc-updown-15m-1766792700,2.56,true
btc-updown-15m-1766794500,-7.34,false
btc-updown-15m-1766797200,2.85,true
btc-updown-15m-1766798100,2.85,true
btc-updown-15m-1766799000,2.85,true
btc-updown-15m-1766799900,3.35,true
btc-updown-15m-1766801700,2.17,true
btc-updown-15m-1766802600,-7.44,false
btc-updown-15m-1766804400,-7.15,false
btc-updown-15m-1766805300,2.43,true
btc-updown-15m-1766807100,2.46,true
btc-updown-15m-1766808900,2.56,true
btc-updown-15m-1766809800,3.35,true
btc-updown-15m-1766810700,2.43,true
btc-updown-15m-1766811600,-6.85,false
btc-updown-15m-1766812500,3.05,true
btc-updown-15m-1766814300,-7.24,false
btc-updown-15m-1766815200,2.95,true
btc-updown-15m-1766817900,3.35,true
btc-updown-15m-1766818800,2.46,true
btc-updown-15m-1766819700,-7.24,false
btc-updown-15m-1766820600,3.05,true
btc-updown-15m-1766823300,3.05,true
btc-updown-15m-1766824200,2.36,true
btc-updown-15m-1766825100,2.36,true
btc-updown-15m-1766826000,2.76,true
btc-updown-15m-1766828700,2.17,true
btc-updown-15m-1766829600,2.85,true
btc-updown-15m-1766832300,2.76,true
btc-updown-15m-1766833200,-6.85,false
btc-updown-15m-1766834100,-6.75,false
btc-updown-15m-1766835000,-6.85,false
btc-updown-15m-1766836800,-6.65,false
btc-updown-15m-1766837700,2.85,true
btc-updown-15m-1766838600,2.26,true
btc-updown-15m-1766840400,2.36,true
btc-updown-15m-1766841300,1.97,true
btc-updown-15m-1766844000,2.66,true
btc-updown-15m-1766846700,3.25,true
btc-updown-15m-1766847600,-7.34,false
btc-updown-15m-1766848500,2.56,true
btc-updown-15m-1766849400,2.46,true
btc-updown-15m-1766851200,-6.65,false
btc-updown-15m-1766852100,2.85,true
btc-updown-15m-1766853000,2.56,true
btc-updown-15m-1766853900,2.95,true
btc-updown-15m-1766854800,3.15,true
btc-updown-15m-1766855700,-7.24,false
btc-updown-15m-1766856600,-6.85,false
btc-updown-15m-1766857500,2.66,true
btc-updown-15m-1766859300,-7.64,false
btc-updown-15m-1766860200,3.35,true
btc-updown-15m-1766862900,-6.65,false
btc-updown-15m-1766865600,3.25,true
btc-updown-15m-1766866500,2.46,true
btc-updown-15m-1766870100,3.25,true
btc-updown-15m-1766871000,2.95,true
btc-updown-15m-1766871900,2.85,true
btc-updown-15m-1766872800,-7.15,false
btc-updown-15m-1766876400,2.95,true
btc-updown-15m-1766878200,3.25,true
btc-updown-15m-1766880900,3.35,true
btc-updown-15m-1766882700,1.97,true
btc-updown-15m-1766884500,2.46,true
btc-updown-15m-1766885400,2.66,true
btc-updown-15m-1766886300,3.25,true
btc-updown-15m-1766887200,2.36,true
btc-updown-15m-1766888100,2.56,true
btc-updown-15m-1766892600,2.36,true
btc-updown-15m-1766894400,3.05,true
btc-updown-15m-1766895300,2.85,true
btc-updown-15m-1766896200,3.25,true
btc-updown-15m-1766898000,2.07,true
btc-updown-15m-1766898900,2.76,true
btc-updown-15m-1766899800,2.26,true
btc-updown-15m-1766900700,3.35,true
btc-updown-15m-1766901600,2.56,true
btc-updown-15m-1766904300,2.46,true
btc-updown-15m-1766905200,2.46,true
btc-updown-15m-1766906100,2.46,true
btc-updown-15m-1766907000,-6.95,false
btc-updown-15m-1766908800,2.66,true
btc-updown-15m-1766909700,2.7,true
btc-updown-15m-1766910600,-7.44,false
btc-updown-15m-1766911500,2.26,true
btc-updown-15m-1766912400,3.15,true
btc-updown-15m-1766917800,2.67,true
btc-updown-15m-1766920500,2.76,true
btc-updown-15m-1766922300,2.36,true
btc-updown-15m-1766924100,-7.24,false
btc-updown-15m-1766925000,-7.05,false
btc-updown-15m-1766925900,3.15,true
btc-updown-15m-1766927700,2.26,true
btc-updown-15m-1766928600,2.66,true
btc-updown-15m-1766929500,-7.24,false
btc-updown-15m-1766932200,-7.54,false
btc-updown-15m-1766933100,2.36,true
btc-updown-15m-1766934000,2.17,true
btc-updown-15m-1766934900,2.95,true
btc-updown-15m-1766935800,2.26,true
btc-updown-15m-1766937600,2.66,true
btc-updown-15m-1766938500,-7.74,false
btc-updown-15m-1766939400,2.95,true
btc-updown-15m-1766940300,2.76,true
btc-updown-15m-1766941200,2.56,true
btc-updown-15m-1766942100,2.85,true
btc-updown-15m-1766943900,2.56,true
btc-updown-15m-1766946600,-6.46,false
btc-updown-15m-1766947500,2,true
btc-updown-15m-1766948400,-6.85,false
btc-updown-15m-1766949300,2.95,true
btc-updown-15m-1766951100,2.07,true
btc-updown-15m-1766952000,2.36,true
btc-updown-15m-1766953800,2.17,true
btc-updown-15m-1766954700,-7.54,false
btc-updown-15m-1766955600,-6.55,false
btc-updown-15m-1766957400,3.35,true
btc-updown-15m-1766958300,3.42,true
btc-updown-15m-1766959200,2.66,true
btc-updown-15m-1766961000,-7.54,false
btc-updown-15m-1766962800,2.66,true
btc-updown-15m-1766963700,2.17,true
btc-updown-15m-1766964600,2.85,true
btc-updown-15m-1766965500,2.76,true
btc-updown-15m-1766969100,2.56,true
btc-updown-15m-1766970900,2.76,true
btc-updown-15m-1766971800,2.36,true
btc-updown-15m-1766972700,2.46,true
btc-updown-15m-1766975400,2.56,true
btc-updown-15m-1766976300,2.85,true
btc-updown-15m-1766977200,2.46,true
btc-updown-15m-1766979900,-7.64,false
btc-updown-15m-1766980800,2.26,true
btc-updown-15m-1766981700,3.05,true
btc-updown-15m-1766982600,2.36,true
btc-updown-15m-1766983500,2.66,true
btc-updown-15m-1766984400,2.36,true
btc-updown-15m-1766985300,2.26,true
btc-updown-15m-1766988000,-7.34,false
btc-updown-15m-1766989800,3.35,true
btc-updown-15m-1766990700,2.46,true
btc-updown-15m-1766991600,2.56,true
btc-updown-15m-1766992500,2.17,true
btc-updown-15m-1766994300,2.46,true
btc-updown-15m-1766996100,2.56,true
btc-updown-15m-1766997000,2.89,true
btc-updown-15m-1766998800,-7.15,false
btc-updown-15m-1766999700,2.56,true
btc-updown-15m-1767001500,2.36,true
btc-updown-15m-1767002400,2.66,true
btc-updown-15m-1767003300,3.05,true
btc-updown-15m-1767004200,2.85,true
btc-updown-15m-1767005100,3.28,true
btc-updown-15m-1767007800,3.05,true
btc-updown-15m-1767011400,2.36,true
btc-updown-15m-1767012300,2.76,true
btc-updown-15m-1767015000,-7.05,false
btc-updown-15m-1767016800,-6.95,false
btc-updown-15m-1767017700,-7.64,false
btc-updown-15m-1767018600,2.26,true
btc-updown-15m-1767020400,-6.85,false
btc-updown-15m-1767021300,-7.83,false
btc-updown-15m-1767022200,3.45,true
btc-updown-15m-1767024000,2.85,true
btc-updown-15m-1767024900,2.36,true
btc-updown-15m-1767025800,2.57,true
btc-updown-15m-1767028500,-6.85,false
btc-updown-15m-1767031200,-6.75,false
btc-updown-15m-1767032100,-7.44,false
btc-updown-15m-1767033900,2.85,true
btc-updown-15m-1767034800,-7.34,false
btc-updown-15m-1767035700,2.26,true
btc-updown-15m-1767036600,3.25,true
btc-updown-15m-1767037500,2.17,true
btc-updown-15m-1767038400,2.85,true
btc-updown-15m-1767039300,2.56,true
btc-updown-15m-1767042000,2.76,true
btc-updown-15m-1767042900,2.56,true
btc-updown-15m-1767044700,2.95,true
btc-updown-15m-1767046500,2.85,true
btc-updown-15m-1767049200,2.26,true
btc-updown-15m-1767050100,2.56,true
btc-updown-15m-1767051900,2.18,true
btc-updown-15m-1767052800,2.07,true
btc-updown-15m-1767053700,-7.18,false
btc-updown-15m-1767057300,-6.75,false
btc-updown-15m-1767059100,2.26,true
btc-updown-15m-1767062700,2.36,true
btc-updown-15m-1767063600,1.97,true
btc-updown-15m-1767065400,2.26,true
btc-updown-15m-1767068100,3.15,true
btc-updown-15m-1767070800,2.56,true
btc-updown-15m-1767073500,-8.03,false
btc-updown-15m-1767074400,2.07,true
btc-updown-15m-1767075300,2.36,true
btc-updown-15m-1767076200,2.07,true
btc-updown-15m-1767077100,2.76,true
btc-updown-15m-1767079800,2.26,true
btc-updown-15m-1767080700,2.66,true
btc-updown-15m-1767083400,2.56,true
btc-updown-15m-1767084300,-7.05,false
btc-updown-15m-1767085200,-7.34,false
btc-updown-15m-1767087000,3.05,true
btc-updown-15m-1767087900,2.26,true
btc-updown-15m-1767088800,2.85,true
btc-updown-15m-1767089700,3.05,true
btc-updown-15m-1767090600,3.45,true
btc-updown-15m-1767094200,-7.83,false
btc-updown-15m-1767096000,2.95,true
btc-updown-15m-1767096900,-7.64,false
btc-updown-15m-1767097800,3.25,true
btc-updown-15m-1768436100,1.97,true
btc-updown-15m-1768439700,2.76,true
btc-updown-15m-1768442400,-7.74,false
btc-updown-15m-1768446900,2.17,true
btc-updown-15m-1768448700,-6.65,false
btc-updown-15m-1768455000,2.76,true
btc-updown-15m-1768459500,2.66,true
btc-updown-15m-1768472100,2.85,true
btc-updown-15m-1768473900,2.26,true
btc-updown-15m-1768474800,2.76,true
btc-updown-15m-1768477500,2.17,true
btc-updown-15m-1768478400,2.07,true
btc-updown-15m-1768479300,2.46,true
btc-updown-15m-1768481100,2.36,true
btc-updown-15m-1768482000,2.95,true
btc-updown-15m-1768482900,2.95,true
btc-updown-15m-1768486500,2.17,true
btc-updown-15m-1768487400,2.56,true
btc-updown-15m-1768489200,-7.74,false
btc-updown-15m-1768494600,3.05,true
btc-updown-15m-1768497300,3.15,true
btc-updown-15m-1768499100,2.26,true
btc-updown-15m-1768501800,2.46,true
btc-updown-15m-1768502700,2.76,true
btc-updown-15m-1768504500,-7.83,false
btc-updown-15m-1768508100,2.07,true
btc-updown-15m-1768509000,2.26,true
btc-updown-15m-1768510800,2.26,true
btc-updown-15m-1768511700,2.36,true
btc-updown-15m-1768512600,2.66,true
btc-updown-15m-1768513500,2.66,true
btc-updown-15m-1768515300,3.45,true
btc-updown-15m-1768516200,-7.74,false
btc-updown-15m-1768517100,2.36,true
btc-updown-15m-1768519800,3.45,true
btc-updown-15m-1768520700,3.05,true
btc-updown-15m-1768521600,2.66,true
btc-updown-15m-1768522500,2.76,true
btc-updown-15m-1768523400,2.07,true
btc-updown-15m-1768524300,2.95,true
btc-updown-15m-1768525200,2.36,true
btc-updown-15m-1768526100,1.97,true
btc-updown-15m-1768527000,-7.24,false
btc-updown-15m-1768527900,2.56,true
btc-updown-15m-1768528800,2.66,true
btc-updown-15m-1768530600,3.05,true
btc-updown-15m-1768531500,3.15,true
btc-updown-15m-1768532400,1.97,true
btc-updown-15m-1768533300,3.25,true
btc-updown-15m-1768534200,3.15,true
btc-updown-15m-1768535100,2.46,true
btc-updown-15m-1768536000,2.76,true
btc-updown-15m-1768536900,-7.54,false
btc-updown-15m-1768537800,2.76,true
btc-updown-15m-1768538700,-7.54,false
btc-updown-15m-1768539600,2.26,true
btc-updown-15m-1768540500,3.35,true
btc-updown-15m-1768541400,3.25,true
btc-updown-15m-1768543200,-6.95,false
btc-updown-15m-1768544100,2.95,true
btc-updown-15m-1768545000,-6.55,false
btc-updown-15m-1768545900,-6.75,false
btc-updown-15m-1768546800,-6.65,false
btc-updown-15m-1768547700,3.25,true
btc-updown-15m-1768548600,2.26,true
btc-updown-15m-1768549500,2.17,true
btc-updown-15m-1768550400,-7.54,false
btc-updown-15m-1768552200,2.56,true
btc-updown-15m-1768553100,2.66,true
btc-updown-15m-1768554000,2.95,true
btc-updown-15m-1768555800,2.26,true
btc-updown-15m-1768556700,2.85,true
btc-updown-15m-1768557600,2.66,true
btc-updown-15m-1768560300,-6.85,false
btc-updown-15m-1768561200,-7.34,false
btc-updown-15m-1768562100,2.46,true
btc-updown-15m-1768563000,-7.15,false
btc-updown-15m-1768564800,2.76,true
btc-updown-15m-1768565700,2.85,true
btc-updown-15m-1768568400,-7.15,false
btc-updown-15m-1768569300,-6.65,false
btc-updown-15m-1768570200,2.07,true
btc-updown-15m-1768571100,2.17,true
btc-updown-15m-1768572000,-7.54,false
btc-updown-15m-1768572900,-6.75,false
btc-updown-15m-1768573800,3.15,true
btc-updown-15m-1768574700,-7.15,false
btc-updown-15m-1768575600,2.36,true
btc-updown-15m-1768577400,2.17,true
btc-updown-15m-1768578300,-7.93,false
btc-updown-15m-1768579200,2.66,true
btc-updown-15m-1768580100,2.26,true
btc-updown-15m-1768581000,-7.06,false
btc-updown-15m-1768581900,-6.95,false
btc-updown-15m-1768582800,3.25,true
btc-updown-15m-1768583700,-7.64,false
btc-updown-15m-1768584600,2.56,true
btc-updown-15m-1768585500,-6.85,false
btc-updown-15m-1768586400,-6.55,false
btc-updown-15m-1768587300,2.76,true
btc-updown-15m-1768588200,2.76,true
btc-updown-15m-1768589100,2.46,true
btc-updown-15m-1768590000,2.07,true
btc-updown-15m-1768590900,1.97,true
btc-updown-15m-1768592700,3.25,true
btc-updown-15m-1768594500,2.36,true
btc-updown-15m-1768595400,2.36,true
btc-updown-15m-1768596300,3.05,true
btc-updown-15m-1768599900,3.15,true
btc-updown-15m-1768600800,2.76,true
btc-updown-15m-1768601700,3.25,true
btc-updown-15m-1768603500,3.25,true
btc-updown-15m-1768604400,-6.85,false
btc-updown-15m-1768605300,-6.85,false
btc-updown-15m-1768606200,2.26,true
btc-updown-15m-1768608000,2.26,true
btc-updown-15m-1768608900,3.15,true
btc-updown-15m-1768609800,3.35,true
btc-updown-15m-1768610700,-7.24,false
btc-updown-15m-1768611600,-7.15,false
btc-updown-15m-1768612500,3.45,true
btc-updown-15m-1768613400,2.66,true
btc-updown-15m-1768614300,-6.95,false
btc-updown-15m-1768615200,2.76,true
btc-updown-15m-1768616100,3.05,true
btc-updown-15m-1768617000,-7.05,false
btc-updown-15m-1768618800,2.17,true
btc-updown-15m-1768619700,-7.05,false
btc-updown-15m-1768621500,2.56,true
btc-updown-15m-1768622400,3.25,true
btc-updown-15m-1768623300,-8.03,false
btc-updown-15m-1768624200,-6.85,false
btc-updown-15m-1768626000,-7.24,false
btc-updown-15m-1768626900,3.25,true
btc-updown-15m-1768629600,2.36,true
btc-updown-15m-1768630500,2.95,true
btc-updown-15m-1768631400,2.66,true
btc-updown-15m-1768632300,2.85,true
btc-updown-15m-1768634100,2.76,true
btc-updown-15m-1768635000,3.05,true
btc-updown-15m-1768635900,3.05,true
btc-updown-15m-1768636800,2.95,true
btc-updown-15m-1768637700,3.15,true
btc-updown-15m-1768638600,-6.75,false
btc-updown-15m-1768639500,2.17,true
btc-updown-15m-1768641300,-7.54,false
btc-updown-15m-1768642200,-7.64,false
btc-updown-15m-1768644000,2.26,true
btc-updown-15m-1768644900,2.17,true
btc-updown-15m-1768645800,2.56,true
btc-updown-15m-1768646700,2.95,true
btc-updown-15m-1768647600,-7.15,false
btc-updown-15m-1768650300,-6.95,false
btc-updown-15m-1768651200,-7.93,false
btc-updown-15m-1768652100,2.26,true
btc-updown-15m-1768653900,2.76,true
btc-updown-15m-1768654800,3.25,true
btc-updown-15m-1768656600,-6.55,false
btc-updown-15m-1768657500,-7.24,false
btc-updown-15m-1768658400,2.46,true
btc-updown-15m-1768659300,-7.44,false
btc-updown-15m-1768661100,2.56,true
btc-updown-15m-1768662000,2.46,true
btc-updown-15m-1768662900,-7.05,false
btc-updown-15m-1768663800,2.36,true
btc-updown-15m-1768664700,2.46,true
btc-updown-15m-1768665600,2.46,true
btc-updown-15m-1768666500,-6.85,false
btc-updown-15m-1768668300,2.36,true
btc-updown-15m-1768669200,2.36,true
btc-updown-15m-1768670100,2.76,true
btc-updown-15m-1768671000,2.76,true
btc-updown-15m-1768671900,2.66,true
btc-updown-15m-1768672800,2.56,true
btc-updown-15m-1768673700,3.25,true
btc-updown-15m-1768675500,3.15,true
btc-updown-15m-1768677300,3.05,true
btc-updown-15m-1768678200,-7.54,false
btc-updown-15m-1768680900,3.15,true
btc-updown-15m-1768681800,2.85,true
btc-updown-15m-1768683600,3.35,true
btc-updown-15m-1768684500,2.85,true
btc-updown-15m-1768685400,2.66,true
btc-updown-15m-1768686300,2.28,true
btc-updown-15m-1768687200,2.85,true
btc-updown-15m-1768688100,-7.83,false
btc-updown-15m-1768689000,2.56,true
btc-updown-15m-1768690800,2.46,true
btc-updown-15m-1768691700,2.46,true
btc-updown-15m-1768692600,2.76,true
btc-updown-15m-1768693500,2.95,true
btc-updown-15m-1768694400,-7.15,false
btc-updown-15m-1768695300,3.35,true
btc-updown-15m-1768696200,-6.75,false
btc-updown-15m-1768697100,2.85,true
btc-updown-15m-1768698000,2.76,true
btc-updown-15m-1768698900,2.36,true
btc-updown-15m-1768699800,2.85,true
btc-updown-15m-1768700700,2.07,true
btc-updown-15m-1768701600,2.46,true
btc-updown-15m-1768702500,-7.54,false
btc-updown-15m-1768705200,2.46,true
btc-updown-15m-1768706100,2.76,true
btc-updown-15m-1768707000,3.05,true
btc-updown-15m-1768707900,-7.15,false
btc-updown-15m-1768708800,3.25,true
btc-updown-15m-1768709700,2.36,true
btc-updown-15m-1768710600,2.46,true
btc-updown-15m-1768712400,-7.24,false
btc-updown-15m-1768713300,-6.55,false
btc-updown-15m-1768714200,-7.15,false
btc-updown-15m-1768715100,3.25,true
btc-updown-15m-1768716000,3.25,true
btc-updown-15m-1768716900,-6.75,false
btc-updown-15m-1768717800,3.45,true
btc-updown-15m-1768718700,3.15,true
btc-updown-15m-1768719600,2.85,true
btc-updown-15m-1768720500,3.35,true
btc-updown-15m-1768721400,2.17,true
btc-updown-15m-1768722300,-7.15,false
btc-updown-15m-1768724100,3.15,true
btc-updown-15m-1768725000,2.85,true
btc-updown-15m-1768725900,2.95,true
btc-updown-15m-1768726800,-7.34,false
btc-updown-15m-1768727700,2.85,true
btc-updown-15m-1768728600,3.25,true
btc-updown-15m-1768729500,2.66,true
btc-updown-15m-1768731300,3.15,true
btc-updown-15m-1768732200,3.23,true
btc-updown-15m-1768733100,2.46,true
btc-updown-15m-1768734000,2.36,true
btc-updown-15m-1768734900,3.25,true
btc-updown-15m-1768735800,-7.74,false
btc-updown-15m-1768736700,2.36,true
btc-updown-15m-1768737600,3.25,true
btc-updown-15m-1768739400,-6.75,false
btc-updown-15m-1768740300,2.76,true
btc-updown-15m-1768741200,2.17,true
btc-updown-15m-1768742100,2.17,true
btc-updown-15m-1768743000,2.46,true
btc-updown-15m-1768745700,-7.15,false
btc-updown-15m-1768746600,-7.64,false
btc-updown-15m-1768747500,2.17,true
btc-updown-15m-1768748400,2.56,true
btc-updown-15m-1768749300,3.05,true
btc-updown-15m-1768750200,3.05,true
btc-updown-15m-1768751100,3.15,true
btc-updown-15m-1768752000,2.1,true
btc-updown-15m-1768752900,-6.95,false
btc-updown-15m-1768753800,3.05,true
btc-updown-15m-1768754700,3.05,true
btc-updown-15m-1768755600,-7.74,false
btc-updown-15m-1768758300,3.45,true
btc-updown-15m-1768759200,2.85,true
btc-updown-15m-1768760100,-7.05,false
btc-updown-15m-1768761000,2.17,true
btc-updown-15m-1768762800,-6.85,false
btc-updown-15m-1768763700,-6.95,false
btc-updown-15m-1768764600,-6.85,false
btc-updown-15m-1768765500,3.15,true
btc-updown-15m-1768766400,2.26,true
btc-updown-15m-1768767300,2.46,true
btc-updown-15m-1768768200,2.56,true
btc-updown-15m-1768769100,-6.65,false
btc-updown-15m-1768770900,3.15,true
btc-updown-15m-1768772700,3.15,true
btc-updown-15m-1768773600,3.05,true
btc-updown-15m-1768774500,2.66,true
btc-updown-15m-1768775400,-7.44,false
btc-updown-15m-1768776300,-7.54,false
btc-updown-15m-1768778100,-7.24,false
btc-updown-15m-1768779000,-7.05,false
btc-updown-15m-1768781700,2.17,true
btc-updown-15m-1768782600,3.05,true
btc-updown-15m-1768783500,2.46,true
btc-updown-15m-1768785300,2.95,true
btc-updown-15m-1768786200,-7.44,false
btc-updown-15m-1768787100,-7.48,false
btc-updown-15m-1768789800,2.46,true
btc-updown-15m-1768790700,-7.15,false
btc-updown-15m-1768791600,3.54,true
btc-updown-15m-1768792500,-6.75,false
btc-updown-15m-1768793400,-6.55,false
btc-updown-15m-1768794300,2.46,true
btc-updown-15m-1768796100,3.25,true
btc-updown-15m-1768797000,3.15,true
btc-updown-15m-1768797900,-6.75,false
btc-updown-15m-1768798800,-7.34,false
btc-updown-15m-1768800600,3.25,true
btc-updown-15m-1768801500,3.45,true
btc-updown-15m-1768802400,3.05,true
btc-updown-15m-1768803300,2.26,true
btc-updown-15m-1768804200,2.66,true
btc-updown-15m-1768805100,3.25,true
btc-updown-15m-1768807800,3.25,true
btc-updown-15m-1768808700,3.25,true
btc-updown-15m-1768809600,2.95,true
btc-updown-15m-1768812300,2.46,true
btc-updown-15m-1768813200,2.46,true
btc-updown-15m-1768814100,3.15,true
btc-updown-15m-1768815000,3.25,true
btc-updown-15m-1768815900,1.97,true
btc-updown-15m-1768816800,1.97,true
btc-updown-15m-1768817700,2.85,true
btc-updown-15m-1768818600,-7.34,false
btc-updown-15m-1768819500,3.35,true
btc-updown-15m-1768822200,2.66,true
btc-updown-15m-1768823100,2.95,true
btc-updown-15m-1768824900,-7.24,false
btc-updown-15m-1768826700,2.26,true
btc-updown-15m-1768827600,2.95,true
btc-updown-15m-1768829400,1.97,true
btc-updown-15m-1768830300,3.05,true
btc-updown-15m-1768831200,2.76,true
btc-updown-15m-1768832100,-6.46,false
btc-updown-15m-1768833000,-7.05,false
btc-updown-15m-1768833900,2.56,true
btc-updown-15m-1768835700,2.76,true
btc-updown-15m-1768836600,2.17,true
btc-updown-15m-1768837500,2.56,true
btc-updown-15m-1768838400,-6.99,false
btc-updown-15m-1768839300,2.46,true
btc-updown-15m-1768840200,2.76,true
btc-updown-15m-1768841100,-7.24,false
btc-updown-15m-1768842000,-7.44,false
btc-updown-15m-1768842900,3.15,true
btc-updown-15m-1768843800,2.46,true
btc-updown-15m-1768844700,2.26,true
btc-updown-15m-1768845600,2.76,true
btc-updown-15m-1768846500,2.46,true
btc-updown-15m-1768847400,-7.05,false
btc-updown-15m-1768848300,3.25,true
btc-updown-15m-1768849200,2.66,true
btc-updown-15m-1768850100,-6.95,false
btc-updown-15m-1768851000,3.25,true
btc-updown-15m-1768851900,2.56,true
btc-updown-15m-1768852800,3.05,true
btc-updown-15m-1768853700,3.15,true
btc-updown-15m-1768854600,2.56,true
btc-updown-15m-1768855500,-7.24,false
btc-updown-15m-1768857300,2.85,true
btc-updown-15m-1768859100,2.26,true
btc-updown-15m-1768860000,-7.24,false
btc-updown-15m-1768862700,2.95,true
btc-updown-15m-1768863600,2.66,true
btc-updown-15m-1768864500,-7.15,false
btc-updown-15m-1768866300,2.76,true
btc-updown-15m-1768867200,1.97,true
btc-updown-15m-1768868100,2.56,true
btc-updown-15m-1768869000,2.76,true
btc-updown-15m-1768869900,3.05,true
btc-updown-15m-1768870800,-7.15,false
btc-updown-15m-1768871700,3.35,true
btc-updown-15m-1768872600,2.46,true
btc-updown-15m-1768873500,2.95,true
btc-updown-15m-1768874400,3.25,true
btc-updown-15m-1768875300,2.95,true
btc-updown-15m-1768876200,2.46,true
btc-updown-15m-1768877100,-7.54,false
btc-updown-15m-1768878000,2.95,true
btc-updown-15m-1768878900,-7.64,false
btc-updown-15m-1768879800,-6.85,false
btc-updown-15m-1768880700,2.36,true
btc-updown-15m-1768882500,2.07,true
btc-updown-15m-1768883400,-7.24,false
btc-updown-15m-1768887900,-7.05,false
btc-updown-15m-1768888800,2.66,true
btc-updown-15m-1768891500,2.36,true
btc-updown-15m-1768892400,2.85,true
btc-updown-15m-1768896000,2.26,true
btc-updown-15m-1768896900,2.07,true
btc-updown-15m-1768898700,2.95,true
btc-updown-15m-1768899600,2.95,true
btc-updown-15m-1768901400,2.95,true
btc-updown-15m-1768903200,2.46,true
btc-updown-15m-1768904100,2.17,true
btc-updown-15m-1768905000,2.26,true
btc-updown-15m-1768905900,2.85,true
btc-updown-15m-1768906800,1.97,true
btc-updown-15m-1768907700,-6.85,false
btc-updown-15m-1768908600,2.56,true
btc-updown-15m-1768910400,2.07,true
btc-updown-15m-1768913100,2.66,true
btc-updown-15m-1768914900,-7.24,false
btc-updown-15m-1768915800,2.46,true
btc-updown-15m-1768921200,2.95,true
btc-updown-15m-1768922100,-7.24,false
btc-updown-15m-1768923000,-6.55,false
btc-updown-15m-1768923900,-7.15,false
btc-updown-15m-1768924800,-7.83,false
btc-updown-15m-1768925700,-7.34,false
btc-updown-15m-1768927500,2.56,true
btc-updown-15m-1768929300,2.76,true
btc-updown-15m-1768932000,2.95,true
btc-updown-15m-1768932900,2.46,true
btc-updown-15m-1768933800,2.17,true
btc-updown-15m-1768934700,-7.34,false
btc-updown-15m-1768935600,2.66,true
btc-updown-15m-1768936500,-7.05,false
btc-updown-15m-1768938300,2.46,true
btc-updown-15m-1768939200,2.76,true
btc-updown-15m-1768945500,2.66,true
btc-updown-15m-1768946400,2.36,true
btc-updown-15m-1768947300,3.05,true
btc-updown-15m-1768949100,2.46,true
btc-updown-15m-1768950000,2.56,true
btc-updown-15m-1768950900,2.17,true
btc-updown-15m-1768952700,2.26,true
btc-updown-15m-1768953600,-7.64,false
btc-updown-15m-1768954500,-7.05,false
btc-updown-15m-1768956300,2.36,true
btc-updown-15m-1768957200,2.76,true
btc-updown-15m-1768958100,2.95,true
btc-updown-15m-1768959900,-6.8,false
btc-updown-15m-1768960800,2.17,true
btc-updown-15m-1768961700,2.76,true
btc-updown-15m-1768962600,2.17,true
btc-updown-15m-1768964400,3.15,true
btc-updown-15m-1768965300,2.76,true
btc-updown-15m-1768966200,1.97,true
btc-updown-15m-1768967100,2.07,true
btc-updown-15m-1768968000,-7.05,false
btc-updown-15m-1768968900,3.35,true
btc-updown-15m-1768969800,-7.44,false
btc-updown-15m-1768970700,2.36,true
btc-updown-15m-1768971600,2.95,true
btc-updown-15m-1768972500,3.35,true
btc-updown-15m-1768974300,3.35,true
btc-updown-15m-1768975200,2.26,true
btc-updown-15m-1768976100,2.95,true
btc-updown-15m-1768977000,2.56,true
btc-updown-15m-1768977900,-6.95,false
btc-updown-15m-1768979700,2.07,true
btc-updown-15m-1768983300,2.36,true
btc-updown-15m-1768984200,-7.05,false
btc-updown-15m-1768985100,2.95,true
btc-updown-15m-1768986000,2.36,true
btc-updown-15m-1768986900,2.56,true
btc-updown-15m-1768987800,2.95,true
btc-updown-15m-1768990500,2.26,true
btc-updown-15m-1768993200,-7.15,false
btc-updown-15m-1768994100,2.21,true
btc-updown-15m-1769001300,2.85,true
btc-updown-15m-1769002200,2.36,true
btc-updown-15m-1769003100,3.15,true
btc-updown-15m-1769004900,-6.85,false
btc-updown-15m-1769005800,2.17,true
btc-updown-15m-1769006700,-7.64,false
btc-updown-15m-1769007600,2.56,true
btc-updown-15m-1769008500,2.76,true
btc-updown-15m-1769009400,3.25,true
btc-updown-15m-1769010300,2.36,true
btc-updown-15m-1769012100,2.46,true
btc-updown-15m-1769013900,-8.03,false
btc-updown-15m-1769014800,-7.64,false
btc-updown-15m-1769015700,2.66,true
btc-updown-15m-1769016600,-6.55,false
btc-updown-15m-1769018400,2.85,true
btc-updown-15m-1769019300,2.85,true
btc-updown-15m-1769022000,3.15,true
btc-updown-15m-1769022900,2.46,true
btc-updown-15m-1769023800,2.36,true
btc-updown-15m-1769024700,2.36,true
btc-updown-15m-1769027400,2.07,true
btc-updown-15m-1769029200,2.66,true
btc-updown-15m-1769030100,-7.44,false
btc-updown-15m-1769031000,3.05,true
btc-updown-15m-1769031900,3.25,true
btc-updown-15m-1769032800,-6.85,false
btc-updown-15m-1769033700,2.66,true
btc-updown-15m-1769034600,-7.44,false
btc-updown-15m-1769035500,3.45,true
btc-updown-15m-1769037300,2.17,true
btc-updown-15m-1769038200,1.97,true
btc-updown-15m-1769039100,2.12,true
btc-updown-15m-1769040000,2.76,true
btc-updown-15m-1769040900,3.25,true
btc-updown-15m-1769041800,2.17,true